Iteration	Posterior	Likelihood	Prior	rate_log_sd	rate_loss	rate_neo	tree_length
0	-1240.449	-1451.887	211.4381	0.6948087	4.696534	1.671583	2.631428
6	-1240.24	-1451.806	211.5663	0.8857461	4.696534	1.671583	2.432572
12	-1241.049	-1453.23	212.1806	0.7305334	7.194367	1.056574	2.058063
18	-1232.661	-1444.456	211.7955	0.890807	5.331009	1.096484	2.458716
24	-1240.049	-1450.975	210.9259	0.8703436	6.188397	2.328284	2.354287
30	-1235.407	-1447.327	211.9195	1.016132	4.606785	1.470809	2.23236
36	-1245.343	-1457.191	211.8475	0.8927189	4.773187	1.470809	2.326039
42	-1237.864	-1448.14	210.2759	0.7201801	4.998434	1.144616	3.504402
48	-1242.518	-1453.834	211.3163	0.776728	4.998434	1.144616	2.853083
54	-1242.026	-1454.323	212.2969	0.8682112	4.43164	1.151507	2.286783
60	-1254.341	-1464.847	210.506	0.6484059	3.966324	1.522338	3.41922
66	-1252.046	-1463.998	211.9523	0.9017148	4.811116	1.146164	2.415324
72	-1248.154	-1460.909	212.7554	1.181212	4.83348	1.345611	1.571215
78	-1242.272	-1454.896	212.6237	1.330224	4.83348	1.352739	1.554333
84	-1241.457	-1453.718	212.2612	1.133241	5.484934	1.352739	1.82533
90	-1249.297	-1461.749	212.4519	0.8612346	4.915929	2.028198	1.671087
96	-1239.586	-1451.356	211.7699	0.9872918	4.405551	2.06261	2.138294
102	-1248.801	-1460.651	211.8499	0.711149	3.929957	1.40928	2.633889
108	-1235.393	-1447.668	212.2743	1.044155	4.766478	1.164716	2.114809
114	-1241.978	-1453.227	211.2487	0.8730825	5.531236	1.639812	2.508897
120	-1240.565	-1451.877	211.3115	0.7794509	5.531236	1.639812	2.528095
126	-1234.743	-1447.069	212.3263	0.9939829	4.887525	1.090037	2.135376
132	-1235.384	-1447.285	211.9017	1.011678	4.887525	1.890106	2.007996
138	-1232.076	-1444.511	212.4346	1.130187	4.527814	1.362151	1.887565
144	-1236.763	-1448.587	211.8234	0.9254049	4.202789	1.62505	2.361481
150	-1228.98	-1440.503	211.5235	0.8003291	4.600159	1.649862	2.54003
156	-1226.753	-1438.841	212.0873	0.9219302	4.949658	1.496834	2.107165
162	-1232.319	-1444.248	211.9299	1.051283	5.708827	1.505208	1.987792
168	-1242.679	-1455.156	212.477	0.9302786	6.133973	0.9037393	1.987792
174	-1242.713	-1453.633	210.9199	0.8538242	5.83313	1.405986	2.781289
180	-1241.867	-1454.129	212.2628	1.072996	5.129643	1.224857	2.000748
186	-1234.988	-1446.808	211.8199	0.7356502	4.821185	1.636439	2.35933
192	-1230.067	-1441.658	211.5914	0.7709987	4.222162	2.094489	2.416846
198	-1237.213	-1448.326	211.1131	0.7450799	5.415947	1.455728	2.771491
204	-1229.289	-1440.917	211.628	0.9044676	4.203045	1.608515	2.504819
210	-1244.129	-1456.219	212.09	1.064822	3.421929	1.864652	2.176438
216	-1242.612	-1454.056	211.4436	0.824422	3.300355	1.433409	2.941727
222	-1245.693	-1456.757	211.064	0.9565325	3.558566	2.967588	2.506408
228	-1232.735	-1444.03	211.2958	0.8934584	3.819684	2.397201	2.508411
234	-1261.056	-1473.437	212.381	0.9012879	3.956695	1.261527	2.249122
240	-1246.881	-1459.414	212.5328	1.113747	3.370915	1.261527	2.150665
246	-1242.754	-1455.175	212.4209	1.13523	3.402284	2.286098	1.750184
252	-1242.72	-1454.927	212.2066	1.087232	4.492662	2.084268	1.750184
258	-1237.003	-1449.532	212.5287	1.31303	4.34356	2.084268	1.380901
264	-1242.415	-1455.338	212.9237	1.141819	4.284046	1.48942	1.517352
270	-1246.813	-1458.109	211.2956	0.9859869	4.125647	1.979605	2.528788
276	-1234.548	-1445.96	211.4125	0.7692316	4.125647	1.643649	2.722315
282	-1237.345	-1449.41	212.0654	1.041134	4.65286	1.255754	2.223087
288	-1239.903	-1452.291	212.388	1.05213	4.65286	1.432113	1.909754
294	-1240.164	-1452.198	212.034	0.8779481	6.21139	1.088131	2.179764
300	-1251.839	-1463.073	211.2341	0.9471899	3.707602	1.593818	2.831013
306	-1241.598	-1453.255	211.6567	1.02195	3.707602	0.9958504	2.831013
312	-1254.342	-1466.115	211.7728	1.056437	3.707602	1.148482	2.650231
318	-1235.141	-1448.165	213.0236	1.357917	3.929445	1.148482	1.575219
324	-1240.247	-1452.832	212.5842	1.193451	4.17702	1.308519	1.846897
330	-1245.022	-1457.728	212.706	1.056431	4.17702	1.352218	1.833158
336	-1233.11	-1444.848	211.7379	0.7464036	4.17702	1.125198	2.776573
342	-1248.764	-1461.108	212.3441	0.9397593	6.119438	0.9603153	2.03253
348	-1243.977	-1456.242	212.2652	1.116384	5.718747	0.9603153	2.03253
354	-1238.596	-1450.535	211.9395	0.8917937	3.71386	1.700049	2.382328
360	-1245.299	-1457.172	211.873	1.116079	3.969389	0.9603153	2.607118
366	-1231.478	-1443.68	212.202	1.124103	4.491973	0.9603153	2.289565
372	-1240.833	-1450.971	210.1381	0.8521839	3.71386	2.143552	3.336594
378	-1248.82	-1460.168	211.3484	0.8291095	3.868974	1.579414	2.804893
384	-1253.803	-1465.489	211.6861	0.8096362	4.066567	1.579414	2.568248
390	-1235.983	-1448.885	212.902	1.297542	4.683597	1.053816	1.597483
396	-1225.543	-1438.235	212.6929	1.12604	4.424108	1.032911	1.932388
402	-1232.195	-1444.647	212.4515	0.9738043	4.424108	1.032911	2.192315
408	-1226.073	-1438.795	212.7221	1.114467	3.955068	1.200177	1.919178
414	-1233.612	-1445.521	211.9093	0.9123061	5.12412	1.12154	2.394193
420	-1234.34	-1445.895	211.555	0.8396962	4.342291	2.306271	2.29893
426	-1237.266	-1448.716	211.4506	0.8014401	4.342291	2.306271	2.389579
432	-1234.092	-1445.237	211.1454	0.7572568	4.515441	1.50204	2.878214
438	-1233.764	-1445.66	211.8963	0.7572568	4.515441	1.50204	2.415009
444	-1231.891	-1443.828	211.9368	0.9871698	5.705067	1.435008	2.061199
450	-1228.289	-1440.337	212.0472	0.9546582	5.705067	1.296883	2.081755
456	-1225.229	-1437.344	212.1155	1.029514	5.564848	1.478944	1.915302
462	-1231.767	-1444.029	212.2617	0.9508262	5.285791	1.350669	1.985399
468	-1228.324	-1440.048	211.7246	0.7479106	5.141735	1.914825	2.239997
474	-1253.754	-1465.728	211.9743	1.098706	5.776382	1.346213	1.996313
480	-1251.162	-1463.412	212.2498	1.191786	5.190266	1.634643	1.701839
486	-1256.579	-1468.885	212.3056	0.9883036	4.48455	1.037459	2.26214
492	-1238.644	-1450.605	211.961	0.8822982	6.683566	1.259141	2.055059
498	-1239.975	-1451.778	211.8028	1.049541	5.862843	1.259141	2.174277
504	-1232.057	-1443.452	211.3945	0.9126174	5.132829	1.259141	2.638465
510	-1218.658	-1430.92	212.2611	1.056313	5.297394	1.259141	1.963206
516	-1221.548	-1433.885	212.3375	1.067301	5.443472	1.294464	1.857957
522	-1213.245	-1425.732	212.487	1.0935	5.626508	1.294464	1.70291
528	-1226.882	-1439.446	212.5643	1.103818	6.91234	0.9059798	1.686102
534	-1221.52	-1433.813	212.2932	0.974618	5.976386	1.243217	1.88911
540	-1224.397	-1436.229	211.8319	0.8930914	6.632881	1.376793	2.077531
546	-1228.591	-1440.56	211.9696	0.8917382	6.390247	1.136027	2.156949
552	-1229.666	-1442.141	212.4752	0.8316691	5.30392	1.284699	1.954797
558	-1221.728	-1434.04	212.312	0.9175475	5.079552	1.284699	2.047034
564	-1238.295	-1449.937	211.6421	0.8309047	6.407737	1.135419	2.403521
570	-1236.583	-1448.485	211.902	0.9032021	5.290073	1.135419	2.368028
576	-1233.042	-1445.524	212.482	0.8456316	5.374069	1.281152	1.930236
582	-1249.373	-1461.198	211.8245	0.9994643	6.388929	0.6386492	2.532463
588	-1237.478	-1449.86	212.3827	1.032147	4.9352	0.855087	2.221363
594	-1256.038	-1468.174	212.1358	1.055201	5.196184	0.9007668	2.286339
600	-1252.122	-1464.209	212.0877	1.030781	4.982494	1.046208	2.275447
606	-1247.348	-1458.197	210.8491	0.8850853	4.364234	1.046208	3.235348
612	-1250.758	-1461.592	210.8341	0.9668111	5.773187	1.487697	2.736052
618	-1256.53	-1467.084	210.554	0.8175822	5.290946	0.8424707	3.41635
624	-1229.645	-1441.482	211.8366	0.9280975	5.534223	1.946705	1.967162
630	-1234.401	-1446.76	212.3593	1.007062	5.279084	0.9848989	2.101311
636	-1230.753	-1442.01	211.2575	0.8866406	5.274459	1.638167	2.537765
642	-1228.589	-1440.241	211.6521	0.8848187	5.073196	1.422325	2.424039
648	-1236.935	-1447.861	210.9262	0.8939944	4.016475	1.944809	2.847312
654	-1234.439	-1446.396	211.9575	1.150211	4.198237	2.175295	1.907097
660	-1233.994	-1445.971	211.9775	1.248185	4.003859	2.685129	1.691793
666	-1220.947	-1433.216	212.2691	1.172343	3.635657	2.242566	1.785476
672	-1232.773	-1444.874	212.101	1.101227	4.857031	1.46542	2.012567
678	-1243.958	-1456.044	212.0862	0.9660763	3.968433	1.629506	2.214976
684	-1243.472	-1456.043	212.5714	1.036522	3.3299	1.282836	2.174619
690	-1231.964	-1444.184	212.2201	0.9187058	4.169471	1.50153	2.174619
696	-1239.823	-1450.778	210.9555	0.868991	4.169471	1.50153	2.991211
702	-1236.157	-1448.304	212.1475	1.016071	4.44561	1.50153	2.101333
708	-1222.258	-1434.42	212.1621	1.014292	4.706288	1.423974	2.079416
714	-1229.269	-1441.014	211.7459	0.9738747	4.60442	1.742159	2.249983
720	-1238.12	-1450.355	212.2354	1.055756	3.672983	1.847753	2.032729
726	-1235.571	-1448.112	212.5416	1.320775	3.545377	1.854592	1.670148
732	-1225.837	-1438.629	212.7928	1.300697	3.334288	1.624299	1.670148
738	-1236.27	-1449.388	213.118	1.254845	3.334288	1.624299	1.464962
744	-1247.602	-1460.247	212.6454	1.317771	3.068468	1.594753	1.850498
750	-1241.947	-1453.591	211.6441	1.027624	4.429829	1.648801	2.354491
756	-1240.124	-1451.394	211.2701	0.8557567	4.429829	1.648801	2.694966
762	-1241.644	-1452.972	211.3271	0.8400423	4.429829	1.320733	2.818427
768	-1247.048	-1457.884	210.8356	0.7603849	4.429829	1.320733	3.161411
774	-1247.505	-1458.845	211.3405	0.9038027	4.164289	1.788515	2.617069
780	-1247.606	-1458.538	210.9323	0.8711918	4.240469	1.167031	3.15108
786	-1247.325	-1458.284	210.9597	0.8590302	3.77648	1.649343	3.0118
792	-1248.133	-1459.621	211.4875	0.9505713	3.988613	1.055915	2.881962
798	-1234.885	-1446.943	212.0573	1.003341	4.779762	1.055915	2.343427
804	-1234.105	-1446.168	212.063	0.9230175	5.314017	1.055915	2.296143
810	-1234.519	-1446.343	211.8239	0.9685728	4.260769	2.014712	2.163059
816	-1240.968	-1452.769	211.8005	0.9493289	3.871936	1.464762	2.502891
822	-1243.694	-1455.48	211.7861	1.006538	4.220878	1.735303	2.282591
828	-1243.538	-1455.358	211.8205	1.061888	4.819238	1.665171	2.136886
834	-1249.626	-1461.009	211.3832	0.7579212	4.38189	1.401707	2.80436
840	-1232.196	-1443.944	211.7481	0.7470563	4.38189	1.401707	2.587016
846	-1241.24	-1452.224	210.9841	0.706758	5.388302	1.350906	2.926524
852	-1237.243	-1447.668	210.4257	0.7050463	5.306195	1.235465	3.329467
858	-1244.132	-1455.495	211.3622	0.8582741	3.91163	1.502007	2.803695
864	-1232.327	-1444.199	211.8727	0.9120011	5.445306	1.498896	2.164791
870	-1229.053	-1440.208	211.1547	0.8447156	4.792128	1.259204	2.885052
876	-1241.047	-1452.728	211.6807	0.8136147	5.787937	1.152579	2.473271
882	-1241.356	-1453.545	212.1891	1.167582	3.410071	1.764739	2.088858
888	-1249.27	-1460.739	211.469	1.028772	3.410071	2.871156	2.266358
894	-1243.847	-1455.25	211.4026	0.88797	3.410071	1.411858	2.912334
900	-1246.942	-1458.267	211.3255	0.9447618	2.978866	1.373318	3.047346
906	-1248.307	-1459.562	211.2556	0.947975	2.999058	1.373318	3.082055
912	-1237.654	-1448.519	210.865	0.8688208	2.700823	1.506407	3.378423
918	-1241.684	-1452.341	210.657	0.6141709	3.400418	1.506407	3.477064
924	-1239.283	-1450.634	211.3511	0.89679	4.028326	1.287391	2.864411
930	-1236.54	-1448.207	211.6663	0.7805255	3.724428	1.093926	2.910294
936	-1231.284	-1442.021	210.7367	0.7681695	3.985823	1.214191	3.352641
942	-1233.19	-1445.479	212.2894	0.8294928	4.875731	1.214191	2.195914
948	-1239.428	-1451.445	212.0166	0.9922567	4.875731	0.8791242	2.47317
954	-1244.886	-1456.136	211.2503	0.7705466	3.784949	2.2217	2.677236
960	-1247.04	-1457.975	210.9346	0.8942005	3.770979	1.510365	3.065605
966	-1246.613	-1458.338	211.725	0.9866922	5.371427	1.133476	2.414569
972	-1254.694	-1467.04	212.3456	1.257242	5.539622	1.084894	1.831281
978	-1241.973	-1454.286	212.3125	1.021082	6.669132	1.084894	1.831281
984	-1239.398	-1451.387	211.9894	1.041394	6.993482	1.33175	1.843668
990	-1238.919	-1450.201	211.2826	0.9291856	6.993482	1.281953	2.406738
996	-1239.434	-1451.033	211.5988	0.8643385	6.14435	1.281953	2.368124
1002	-1240.224	-1452.129	211.9045	0.907531	6.14435	1.132851	2.227849
1008	-1232.763	-1444.718	211.9551	0.919741	7.5185	1.088936	2.017998
1014	-1237.978	-1450.399	212.4213	1.164122	7.551071	0.7009092	1.820926
1020	-1231.824	-1444.191	212.3669	1.088332	6.989208	0.8090361	1.897908
1026	-1231.087	-1443.459	212.372	1.149968	5.227021	0.8090361	2.133723
1032	-1240.369	-1452.264	211.8951	1.159432	4.624781	0.8090361	2.540212
1038	-1250.453	-1461.981	211.528	1.006773	7.018193	1.076036	2.314078
1044	-1238.554	-1450.83	212.2759	0.9798974	4.556811	1.459019	2.03893
1050	-1246.241	-1457.922	211.6814	0.7783144	6.607972	0.8550605	2.560496
1056	-1249.775	-1460.962	211.187	0.7343539	6.607972	1.444649	2.560496
1062	-1237.245	-1449.169	211.9242	0.8561483	6.553151	1.444649	2.018154
1068	-1232.497	-1444.195	211.698	0.9583512	5.374614	1.966027	2.059306
1074	-1236.266	-1447.971	211.7046	0.8610101	5.908826	1.966027	2.029566
1080	-1233.937	-1446.344	212.4066	1.038234	5.402365	1.254114	1.860905
1086	-1229.62	-1441.952	212.3311	0.9898001	5.402365	1.523296	1.801568
1092	-1233.827	-1446.079	212.2522	1.064789	4.246506	1.523296	2.030988
1098	-1229.529	-1441.989	212.4594	1.102908	4.947186	1.066953	1.978671
1104	-1229.935	-1441.712	211.7775	0.918958	5.579321	1.496915	2.200473
1110	-1225.632	-1437.903	212.271	1.191544	3.973276	1.496915	2.006876
1116	-1236.449	-1448.603	212.1545	1.061378	3.90023	0.9554522	2.483806
1122	-1230.956	-1443.071	212.1149	1.041153	4.137811	1.277937	2.282559
1128	-1232.491	-1444.959	212.4684	0.9606335	5.449439	0.9280556	2.069078
1134	-1253.128	-1465.071	211.9428	0.9245512	4.939564	0.9364741	2.511747
1140	-1229.281	-1440.694	211.4131	0.8980808	5.829625	1.08619	2.618757
1146	-1238.971	-1450.916	211.9444	0.8720434	5.829625	0.6220935	2.634047
1152	-1238.051	-1449.914	211.8629	0.8469775	6.124961	1.342265	2.181444
1158	-1239.534	-1451.406	211.8711	0.9112754	5.638237	1.659998	2.059243
1164	-1241.451	-1452.79	211.339	1.06453	4.970136	1.492043	2.492966
1170	-1232.928	-1444.382	211.454	0.9582839	4.366573	2.92127	2.093051
1176	-1239.639	-1451.124	211.4845	1.206397	5.508112	2.92127	1.682208
1182	-1232.872	-1445.324	212.4523	1.046845	3.786926	1.731103	1.916329
1188	-1225.317	-1437.174	211.8567	0.9097654	5.353282	1.694838	2.102973
1194	-1227.295	-1440.137	212.8415	1.123036	5.441296	1.067057	1.606019
1200	-1238.663	-1451.019	212.3556	1.273541	5.612727	1.751038	1.424632
1206	-1243.602	-1456.367	212.7652	1.263558	4.05852	1.83121	1.424632
1212	-1231.118	-1443.885	212.7671	1.413198	4.128155	1.83121	1.286303
1218	-1237.514	-1450.247	212.7329	1.436831	4.128155	1.83121	1.294911
1224	-1235.758	-1448.429	212.6709	1.149773	4.156668	1.816053	1.563951
1230	-1241.981	-1454.597	212.6158	1.250285	4.876061	1.255174	1.667019
1236	-1240.052	-1452.838	212.7851	1.188097	4.878141	0.8752667	1.846753
1242	-1225.643	-1438.664	213.0213	1.235965	6.754239	0.9293749	1.244242
1248	-1229.563	-1442.339	212.7756	1.398929	7.991172	0.9002175	1.124736
1254	-1235.75	-1448.576	212.8254	1.317592	7.991172	0.913513	1.14009
1260	-1243.108	-1455.289	212.1806	1.155133	7.991172	1.064793	1.653175
1266	-1241.78	-1454.266	212.486	0.9919503	7.06505	1.064793	1.683915
1272	-1244.805	-1457.693	212.8889	0.9747549	5.975413	1.285092	1.437065
1278	-1238.36	-1451.331	212.9719	1.261838	5.975413	1.285092	1.133282
1284	-1243.392	-1455.8	212.4081	1.152362	5.387967	1.579026	1.606436
1290	-1227.497	-1439.248	211.7512	0.9063117	5.323883	1.271134	2.38109
1296	-1236.139	-1447.757	211.618	0.7523671	6.067746	1.271134	2.443856
1302	-1230.648	-1442.816	212.1673	0.8693612	4.227235	1.271134	2.343806
1308	-1237.053	-1449.019	211.9668	0.8510469	5.105979	1.706531	2.108008
1314	-1230.091	-1441.388	211.2965	0.7586874	5.823884	1.050509	2.797396
1320	-1228.194	-1439.974	211.7802	0.6922887	5.831686	1.050509	2.539403
1326	-1228.393	-1440.585	212.1923	1.0286	6.526967	1.050509	1.951636
1332	-1229.191	-1441.319	212.1277	1.079635	7.755335	0.7140505	2.037535
1338	-1234.098	-1446.571	212.473	1.240537	7.485706	0.685524	1.755106
1344	-1235.431	-1447.978	212.5471	1.052814	7.485706	0.685524	1.833826
1350	-1233.71	-1445.878	212.1684	1.052814	7.351251	0.685524	2.106013
1356	-1230.213	-1442.179	211.9662	0.9727454	6.412995	1.230982	2.047752
1362	-1232.945	-1445.025	212.0802	0.9891851	5.285293	1.230982	2.145033
1368	-1227.86	-1439.919	212.0585	1.086247	6.867507	1.230982	1.841303
1374	-1222.693	-1435.497	212.8045	1.289113	6.072904	1.295386	1.227158
1380	-1226.486	-1439.483	212.9978	1.235577	7.225799	0.9043799	1.202226
1386	-1216.413	-1428.984	212.5717	1.250107	7.225799	0.9043799	1.527842
1392	-1220.39	-1433.269	212.8793	1.304015	7.766926	0.9533019	1.104918
1398	-1232.137	-1445.159	213.0228	1.24835	7.512234	0.7723739	1.248342
1404	-1231.638	-1444.596	212.9588	1.539168	8.056259	0.7723739	0.9404748
1410	-1229.177	-1442.069	212.8918	1.433051	8.686003	0.7723739	1.000223
1416	-1239.082	-1452.112	213.0302	1.248588	8.686003	0.6648564	1.170586
1422	-1237.861	-1450.332	212.4706	1.248588	8.8682	0.8767916	1.391957
1428	-1244.979	-1457.878	212.8986	1.065417	8.76903	0.8767916	1.206912
1434	-1236.631	-1449.647	213.0164	1.142495	7.600022	0.8767916	1.226718
1440	-1224.957	-1437.588	212.6311	1.143002	7.600022	0.8767916	1.529344
1446	-1244.577	-1457.383	212.8063	1.33509	5.499431	0.8767916	1.608021
1452	-1256.935	-1469.187	212.2517	0.9072945	5.565091	1.556967	1.86715
1458	-1242.172	-1454.661	212.4891	1.075282	4.53376	1.059545	2.062584
1464	-1242.293	-1453.46	211.1673	0.654239	4.812528	1.199717	3.019153
1470	-1238.845	-1450.772	211.9265	0.8317075	4.763648	1.376515	2.362213
1476	-1236.237	-1448.003	211.7665	0.8317075	5.771978	1.020748	2.488331
1482	-1232.783	-1445.437	212.6548	1.135798	4.928687	1.050121	1.838486
1488	-1242.479	-1454.246	211.7669	1.000809	6.367001	1.121995	2.229397
1494	-1232.6	-1445.126	212.5258	1.077717	5.172759	0.6477117	2.223022
1500	-1243.899	-1456.955	213.0556	1.333994	5.172759	0.6477117	1.694102
1506	-1235.366	-1447.835	212.4686	1.122106	5.848299	1.149218	1.744619
1512	-1234.49	-1447.139	212.6486	1.122106	5.915304	1.149218	1.604544
1518	-1236.172	-1448.918	212.7453	0.9923726	5.393828	1.401812	1.571519
1524	-1233.398	-1446.323	212.9246	1.280071	5.304273	1.280136	1.306128
1530	-1237.448	-1450.191	212.7428	1.318962	5.304273	1.246159	1.44095
1536	-1232.683	-1444.866	212.1826	1.057568	6.184587	1.296849	1.843481
1542	-1233.364	-1446.137	212.7721	1.303617	4.387997	1.379716	1.547324
1548	-1238.485	-1451.422	212.9372	1.303617	4.387997	1.400733	1.410226
1554	-1244.856	-1457.34	212.484	1.339137	4.286808	1.549687	1.661566
1560	-1228.398	-1441.497	213.0996	1.262395	5.682429	1.213569	1.137372
1566	-1225.256	-1438.335	213.0795	1.406078	5.461041	1.213569	1.076444
1572	-1247.021	-1459.54	212.5187	1.07096	4.101547	1.246064	2.025285
1578	-1245.195	-1456.816	211.6207	0.878678	5.345451	1.038618	2.607133
1584	-1253.945	-1466.878	212.9338	1.350502	6.543526	1.027991	1.175532
1590	-1246.948	-1457.588	210.6398	0.6185122	5.345451	1.619362	3.073474
1596	-1234.409	-1445.331	210.9222	0.6728928	4.930648	1.619362	2.939688
1602	-1240.696	-1452.136	211.4406	0.8874581	4.425885	1.216936	2.774016
1608	-1232.425	-1444.511	212.0864	0.9107871	5.258877	1.216936	2.204367
1614	-1235.631	-1447.745	212.1139	1.122986	4.099152	1.228807	2.265455
1620	-1232.763	-1444.629	211.8657	1.003147	3.796088	1.627051	2.371399
1626	-1224.091	-1436.489	212.398	1.014243	4.381184	1.27792	2.065646
1632	-1228.132	-1440.46	212.3275	0.9967437	4.214445	1.456431	2.065646
1638	-1235.001	-1446.24	211.2384	0.9479567	3.353858	2.049358	2.73235
1644	-1231.724	-1442.881	211.1564	0.8127303	3.65161	2.014084	2.809228
1650	-1239.654	-1451.033	211.3796	0.8296734	4.747762	1.487603	2.655139
1656	-1239.719	-1450.103	210.3845	0.6805323	4.124204	0.9781221	3.71068
1662	-1228.928	-1440.972	212.0437	0.8294084	4.272728	1.300369	2.422835
1668	-1225.769	-1437.644	211.8755	0.7359947	4.967131	0.8550131	2.719831
1674	-1226.77	-1438.274	211.5043	0.7783274	6.251622	0.8550131	2.719831
1680	-1233.126	-1444.564	211.438	0.7163656	5.720756	1.43845	2.54893
1686	-1234.369	-1445.42	211.0505	0.6762976	5.720756	1.43845	2.811774
1692	-1237.136	-1448.078	210.9424	0.650212	5.720756	1.43845	2.893137
1698	-1239.062	-1451.063	212.0016	0.7648605	4.472598	1.302798	2.449274
1704	-1252.668	-1463.54	210.8719	0.7466519	3.425429	2.353364	2.959664
1710	-1245.547	-1455.972	210.4255	0.6283798	3.522438	1.704343	3.496349
1716	-1235.538	-1446.376	210.838	0.6897786	4.267036	1.537271	3.134163
1722	-1239.386	-1450.039	210.653	0.7226654	4.07514	1.262312	3.386941
1728	-1234.931	-1446.488	211.5572	0.7538809	5.253004	1.262312	2.614166
1734	-1232.285	-1443.991	211.7052	0.8442398	5.253004	1.001351	2.614166
1740	-1247.056	-1458.897	211.8414	1.152362	5.329711	1.785835	1.916146
1746	-1240.283	-1452.657	212.3738	0.9638862	4.056417	1.032236	2.324817
1752	-1241.071	-1452.359	211.2888	0.9271788	4.056417	2.063856	2.553389
1758	-1234.09	-1445.665	211.5753	0.886391	4.026765	1.083136	2.844185
1764	-1240.288	-1452.15	211.862	0.6472609	4.659157	1.083895	2.693064
1770	-1250.115	-1461.623	211.5086	0.7194445	6.130582	1.247825	2.535783
1776	-1234.742	-1446.961	212.2191	0.7615473	5.076747	1.263653	2.221498
1782	-1233.907	-1445.413	211.5056	0.7163527	6.891893	0.9563202	2.601713
1788	-1236.403	-1448.415	212.0114	0.7057769	5.631571	0.9563202	2.47666
1794	-1247.716	-1459.557	211.8414	0.700905	5.927522	0.9563202	2.539863
1800	-1243.52	-1455.458	211.9383	0.8189207	6.160781	1.324284	2.154553
1806	-1240.279	-1451.954	211.675	0.8211287	4.720555	1.324284	2.560713
1812	-1236.969	-1447.736	210.7666	0.7086775	4.746846	1.624625	3.04126
1818	-1245.455	-1456.919	211.4642	0.6039325	4.693794	1.293399	2.843633
1824	-1244.767	-1455.196	210.4289	0.6110797	4.854515	1.253772	3.447005
1830	-1248.738	-1459.89	211.1525	0.631304	5.448819	1.277794	2.8967
1836	-1225.452	-1436.928	211.4761	0.9175372	5.448819	1.223966	2.550921
1842	-1224.692	-1436.223	211.531	0.8647226	5.533188	1.223966	2.536008
1848	-1235.791	-1448.142	212.3503	1.280111	6.263371	1.369895	1.510056
1854	-1238.593	-1451.929	213.3353	1.374286	4.582539	0.8916721	1.359941
1860	-1252.096	-1465.285	213.1895	1.327586	4.582539	1.623168	0.9779696
1866	-1244.075	-1457.357	213.2816	1.42171	4.892969	1.121646	1.094062
1872	-1240.826	-1454.29	213.4642	1.564349	4.088268	1.067175	1.068628
1878	-1241.541	-1454.829	213.2889	1.247375	5.553297	1.067175	1.129611
1884	-1253.19	-1466.05	212.8591	1.230555	4.876253	0.7791194	1.843225
1890	-1240.173	-1453.375	213.2018	1.407081	3.684609	0.9852066	1.585526
1896	-1243.864	-1457.073	213.2085	1.44656	3.684609	0.8980827	1.61826
1902	-1238.729	-1451.68	212.9516	1.273256	4.59469	1.157165	1.527855
1908	-1248.608	-1461.551	212.9433	1.28165	4.59469	1.157165	1.527855
1914	-1250.98	-1463.859	212.8795	1.263532	4.495401	1.157165	1.61006
1920	-1239.907	-1452.502	212.5954	1.098122	4.495401	1.448897	1.759484
1926	-1237.102	-1450.31	213.2086	1.279591	3.786561	1.448897	1.343519
1932	-1244.176	-1457.24	213.0643	1.203963	3.786561	1.448897	1.512793
1938	-1238.275	-1451.238	212.9626	1.098559	3.736458	1.279316	1.771097
1944	-1238.111	-1450.91	212.7996	1.077591	3.882426	1.24178	1.884172
1950	-1235.194	-1448.112	212.9176	1.177532	3.882426	1.24178	1.733555
1956	-1237.408	-1450.13	212.7218	1.087072	3.882426	1.615971	1.733555
1962	-1241.185	-1453.188	212.0036	1.017895	5.414653	1.615971	1.958634
1968	-1244.47	-1456.574	212.1036	1.120767	5.623047	1.278031	1.958037
1974	-1242.622	-1455.17	212.5485	1.281501	5.712794	1.198439	1.566009
1980	-1231.034	-1443.307	212.2728	1.109973	5.501443	1.198439	1.917966
1986	-1239.572	-1451.636	212.0643	0.9975585	5.246939	1.29679	2.120695
1992	-1255.903	-1468.129	212.2263	1.048921	4.951903	0.7406534	2.394007
1998	-1251.527	-1464.064	212.537	1.027927	5.389512	0.7406534	2.131283
2004	-1231.508	-1443.925	212.4163	1.152073	4.933701	1.374755	1.796436
2010	-1263.543	-1474.229	210.6855	0.7610587	8.65793	0.7973091	2.971345
2016	-1241.314	-1453.486	212.1727	1.104578	7.279051	0.7973091	1.986278
2022	-1231.576	-1443.293	211.7178	0.9899536	3.803592	1.804093	2.397482
2028	-1230.822	-1442.695	211.873	0.9452892	3.912191	1.433292	2.466245
2034	-1232.973	-1444.448	211.4758	1.004811	4.419886	1.537883	2.525504
2040	-1234.434	-1446.532	212.099	1.04297	7.059195	1.531186	1.649507
2046	-1235.99	-1447.653	211.6636	0.8574747	5.943644	1.531186	2.238828
2052	-1247.735	-1459.36	211.6249	0.8234923	4.761471	1.531186	2.484475
2058	-1247.615	-1459.429	211.8132	0.9695617	4.761471	1.531186	2.272709
2064	-1252.577	-1464.672	212.0949	0.8984031	4.389514	1.211965	2.370598
2070	-1243.32	-1454.892	211.5721	0.9323749	4.965467	1.326357	2.510504
2076	-1246.267	-1456.54	210.273	0.7125455	4.965467	1.326357	3.425329
2082	-1247.446	-1458.518	211.0717	0.7616633	4.665536	1.483765	2.900946
2088	-1242.351	-1454.004	211.6533	0.8192098	4.409865	1.600809	2.504648
2094	-1240.349	-1451.23	210.8814	0.9525019	3.936174	1.027088	3.270095
2100	-1243.222	-1455.079	211.8567	1.220922	3.909198	1.290624	2.374594
2106	-1239.995	-1452.457	212.4619	1.13395	4.623961	1.290748	1.885929
2112	-1238.561	-1451.559	212.9985	1.053972	4.385285	1.577968	1.454973
2118	-1249.148	-1461.857	212.7094	1.148448	4.957216	1.577968	1.473817
2124	-1237.295	-1450.113	212.8186	1.143106	3.85529	1.577968	1.650559
2130	-1252.412	-1465.158	212.7456	1.009752	3.85529	1.577968	1.795942
2136	-1233.685	-1446.26	212.5749	0.9865626	3.664972	1.577968	1.973835
2142	-1240.778	-1453.785	213.0063	1.247078	4.298698	1.577968	1.319136
2148	-1239.778	-1451.712	211.934	1.05146	4.298698	1.577968	2.211444
2154	-1241.671	-1453.29	211.6197	0.7909163	4.298698	1.287849	2.711342
2160	-1236.777	-1448.688	211.9108	0.9122427	5.638542	1.025463	2.36492
2166	-1236.756	-1448.465	211.7085	0.7653974	5.355421	1.447175	2.403583
2172	-1233.078	-1444.742	211.6641	0.7239267	5.355421	0.9293921	2.742037
2178	-1232.11	-1443.676	211.5655	0.7272169	5.72496	0.9293921	2.742037
2184	-1234.755	-1446.256	211.5011	0.8551446	5.580981	0.8188644	2.800176
2190	-1253.848	-1466.664	212.8161	1.29445	4.321458	1.649042	1.38757
2196	-1246.775	-1459.909	213.1347	1.256506	4.293598	1.583053	1.2033
2202	-1239.176	-1450.896	211.72	0.7792222	3.461168	1.945104	2.551776
2208	-1235.897	-1448.499	212.6021	1.244245	3.461168	1.094698	2.093892
2214	-1245.3	-1457.978	212.6785	1.167856	3.461168	1.094698	2.093892
2220	-1245.85	-1458.27	212.4205	1.038796	3.84326	0.9526867	2.344522
2226	-1238.173	-1450.658	212.4847	1.144948	4.740884	1.273106	1.849158
2232	-1242.836	-1455.371	212.535	1.144948	5.397165	1.273106	1.687018
2238	-1244.501	-1456.324	211.8232	0.9732169	5.498664	1.574244	2.112652
2244	-1245.078	-1456.442	211.3643	0.8271882	5.498664	1.574244	2.499087
2250	-1245.42	-1456.795	211.3745	0.7886124	5.375884	1.177519	2.729895
2256	-1248.273	-1459.115	210.8411	0.5739701	5.375884	1.179741	3.179105
2262	-1244.683	-1456.943	212.2594	1.089374	8.269587	1.196308	1.517876
2268	-1248.16	-1460.748	212.588	1.198417	5.509305	1.196308	1.636761
2274	-1256.362	-1469.174	212.8116	1.257733	5.509305	1.196308	1.426619
2280	-1250.181	-1461.87	211.6891	0.9581201	4.618446	1.267305	2.514649
2286	-1260.906	-1472.908	212.0018	1.042227	4.618446	1.545678	2.124253
2292	-1260.677	-1472.541	211.8638	1.037377	4.183969	2.172475	2.049469
2298	-1248.154	-1459.994	211.8399	1.027504	3.293381	1.745583	2.44009
2304	-1248.486	-1461.363	212.8766	1.21829	4.767114	1.170607	1.577213
2310	-1251.341	-1462.898	211.5561	0.8512414	3.569938	1.745928	2.660526
2316	-1240.619	-1452.092	211.4729	0.901512	3.569938	1.240729	2.908901
2322	-1239.434	-1451.135	211.701	0.8926744	3.955787	1.778882	2.446416
2328	-1243.32	-1456.006	212.686	1.009865	5.577365	1.178887	1.699849
2334	-1226.293	-1439.112	212.8184	1.081191	5.577365	1.126673	1.587117
2340	-1240.803	-1453.056	212.2536	1.069686	4.521669	1.177402	2.151958
2346	-1233.867	-1445.56	211.6929	0.9225222	4.521669	1.962541	2.244835
2352	-1234.231	-1445.622	211.3906	0.8970289	4.767611	1.388789	2.649507
2358	-1230.015	-1440.732	210.7171	0.8749174	4.330279	1.388789	3.150152
2364	-1232.677	-1443.278	210.6003	0.5912455	5.059325	1.336711	3.283971
2370	-1231.707	-1442.522	210.815	0.7179385	5.003584	1.336711	3.090717
2376	-1242.256	-1452.114	209.8574	0.6077836	4.226402	1.366875	3.837405
2382	-1253.088	-1464.143	211.0552	0.6831131	4.017311	1.366875	3.133948
2388	-1253.925	-1464.157	210.2316	0.8273486	3.66421	1.366875	3.605122
2394	-1245.381	-1456.089	210.7081	0.7510846	3.66421	1.517371	3.304457
2400	-1239.595	-1450.376	210.7811	0.9158801	3.255711	1.517371	3.255497
2406	-1235.637	-1447.986	212.3485	0.9772198	3.578742	1.347204	2.262054
2412	-1250.972	-1463.752	212.7802	1.140751	3.92725	1.02235	1.979418
2418	-1253.167	-1465.822	212.6547	1.219984	4.309034	1.02235	1.926051
2424	-1236.101	-1448.258	212.1568	1.190895	4.375097	1.164056	2.173223
2430	-1240.042	-1452.74	212.6982	0.8770171	4.612278	1.118006	2.003292
2436	-1235.717	-1447.176	211.459	0.774641	4.376259	1.269029	2.813964
2442	-1229.546	-1440.831	211.2852	0.6645457	4.437802	1.269029	2.974021
2448	-1248.886	-1460.139	211.2528	0.6336306	4.564761	1.242208	3.002292
2454	-1239.756	-1451.782	212.0266	0.8820575	4.564761	1.104767	2.450623
2460	-1236.505	-1447.416	210.9104	0.8820575	4.564761	1.415795	2.974621
2466	-1243.598	-1455.167	211.5697	0.8212897	4.316058	1.415795	2.657466
2472	-1225.73	-1437.486	211.7565	0.6573366	4.619851	1.21931	2.684051
2478	-1226.539	-1437.969	211.4297	0.791823	6.512682	0.9092566	2.684051
2484	-1234.694	-1446.244	211.5498	0.6876352	4.952565	1.314623	2.684051
2490	-1247.96	-1459.535	211.5752	0.8962956	3.863006	1.472498	2.673758
2496	-1247.031	-1459.511	212.48	1.154127	4.036131	1.472498	1.889386
2502	-1248.031	-1460.882	212.8503	1.358976	3.958334	1.5038	1.481888
2508	-1238.964	-1451.559	212.5954	1.249503	5.307525	1.722838	1.332326
2514	-1227.549	-1439.582	212.0328	1.127959	4.014366	2.136984	1.926518
2520	-1243.172	-1454.972	211.8005	0.7197388	4.746335	1.672683	2.379868
2526	-1253.397	-1464.949	211.5512	0.8933772	4.746335	1.672683	2.427604
2532	-1251.985	-1463.324	211.3388	0.9985275	4.176721	1.757243	2.56941
2538	-1244.002	-1455.726	211.7236	1.048227	5.079254	1.060103	2.469523
2544	-1234.693	-1446.482	211.7884	0.8517001	5.079254	1.060103	2.551754
2550	-1231.986	-1442.799	210.813	0.6618679	5.079254	1.561985	3.011124
2556	-1246.403	-1457.246	210.8426	0.6772462	5.079254	1.003874	3.262167
2562	-1256.966	-1468.516	211.5498	0.9168255	3.269738	1.465801	2.814052
2568	-1257.926	-1468.746	210.8194	0.7416889	2.817858	1.1985	3.591583
2574	-1244.211	-1455.004	210.7932	0.5933268	3.452814	1.1985	3.54128
2580	-1254.53	-1465.454	210.9241	0.7458836	4.19445	1.832152	2.944438
2586	-1254.405	-1465.393	210.9877	0.7786767	4.19445	1.645038	2.960202
2592	-1237.566	-1449.692	212.1264	0.9531575	3.718499	1.390609	2.364947
2598	-1239.253	-1451.032	211.7789	0.7331732	3.718499	1.390609	2.718318
2604	-1239.185	-1449.773	210.588	0.7089837	4.279352	1.343133	3.35533
2610	-1234.622	-1446.302	211.6801	0.9686991	4.91293	0.7200133	2.804931
2616	-1240.792	-1452.073	211.2808	0.8888149	4.668371	0.7200133	3.135799
2622	-1238.049	-1448.146	210.0978	0.7360548	3.528001	2.043045	3.501282
2628	-1242.34	-1453.675	211.335	0.6814995	3.80984	1.610857	2.901669
2634	-1239	-1449.806	210.8059	0.7723025	4.072184	1.261238	3.268835
2640	-1240.401	-1452.479	212.0774	0.8565381	3.991904	1.37361	2.405442
2646	-1236.872	-1447.564	210.6921	0.7464094	3.991904	1.65131	3.193342
2652	-1228.587	-1438.787	210.2002	0.6973158	3.991904	1.65131	3.511333
2658	-1230.566	-1441.665	211.0989	0.8493415	3.331239	0.9207253	3.39641
2664	-1254.565	-1466.051	211.4859	0.741952	5.629376	1.324364	2.573093
2670	-1226.469	-1437.979	211.5101	0.7402587	5.032925	1.354104	2.642682
2676	-1233.21	-1444.442	211.2328	0.7961608	4.834838	1.354104	2.812634
2682	-1225.195	-1436.585	211.3902	0.7129755	4.574759	1.354104	2.814096
2688	-1227.244	-1439.016	211.7711	0.7132786	4.574759	1.354104	2.580133
2694	-1229.069	-1440.621	211.5514	0.7100326	5.253758	1.391583	2.580133
2700	-1240.627	-1452.137	211.5098	0.8147813	5.573968	0.9042148	2.762422
2706	-1238.646	-1450.21	211.5636	0.8759355	5.752827	1.150353	2.514244
2712	-1244.901	-1456.548	211.647	0.749828	4.801678	1.150353	2.698865
2718	-1243.956	-1455.309	211.353	0.8945046	5.850596	1.150353	2.618426
2724	-1229.205	-1440.537	211.3315	0.7127039	6.238171	0.8780534	2.851438
2730	-1242.876	-1455.44	212.5643	0.9155892	6.238171	0.8780534	1.941368
2736	-1243.528	-1456.122	212.5934	1.07817	6.555702	0.8780534	1.76021
2742	-1235.381	-1447.581	212.1999	0.9178168	7.572026	0.9475407	1.941783
2748	-1223.489	-1436.131	212.6421	1.087738	6.725375	0.9475407	1.639569
2754	-1245.915	-1458.521	212.6062	1.095979	4.150777	1.003557	2.087257
2760	-1245.741	-1458.24	212.499	1.137032	7.220584	1.298779	1.389078
2766	-1239.727	-1452.38	212.6529	1.05994	5.383438	1.24572	1.682553
2772	-1239.025	-1451.428	212.4034	1.055431	4.807259	1.052919	2.082829
2778	-1234.855	-1446.668	211.8129	0.9354987	4.648214	1.636785	2.268501
2784	-1234.563	-1446.919	212.3561	1.067631	4.648214	1.644583	1.81727
2790	-1229.415	-1442.039	212.6246	1.162316	5.234957	1.394728	1.570518
2796	-1241.51	-1453.911	212.4004	0.9507543	5.584824	1.093487	1.988474
2802	-1237.362	-1450.256	212.8934	1.207853	4.153697	1.326755	1.61418
2808	-1226.126	-1438.291	212.165	1.124579	4.153697	1.326755	2.167326
2814	-1223.244	-1434.151	210.9063	0.8708186	4.449537	1.326755	3.046963
2820	-1233.798	-1444.69	210.8916	0.7988092	4.497703	1.326755	3.089915
2826	-1228.402	-1440.131	211.7285	0.8704981	5.35063	1.326755	2.384731
2832	-1234.294	-1446.089	211.7953	0.9594884	4.78923	1.326755	2.384731
2838	-1238.618	-1450.945	212.3276	0.9604738	4.222337	0.9906227	2.348107
2844	-1247.384	-1459.452	212.0682	0.9102885	7.032557	0.8051794	2.210098
2850	-1233.701	-1444.95	211.2489	0.6296869	6.136642	1.115743	2.821412
2856	-1235.085	-1446.239	211.1538	0.6302394	5.995497	1.115743	2.899178
2862	-1252.475	-1464.615	212.1399	1.237235	5.450485	0.8557709	2.154458
2868	-1240.094	-1453.174	213.08	1.449959	4.177189	0.8557709	1.620704
2874	-1241.739	-1454.104	212.3649	0.8644576	3.867265	1.759024	2.065603
2880	-1248.378	-1461.122	212.7441	1.281613	4.500201	1.759024	1.352975
2886	-1255.802	-1468.443	212.6406	1.297237	4.494647	1.901416	1.352975
2892	-1242.469	-1454.856	212.387	1.404361	4.460971	2.093684	1.38754
2898	-1247.653	-1460.014	212.3604	1.313934	3.503901	1.619562	1.918165
2904	-1233.232	-1446.062	212.8304	1.332593	4.305201	1.379454	1.501961
2910	-1236.914	-1450.071	213.1572	1.365314	4.305201	1.379454	1.217026
2916	-1229.701	-1442.94	213.2399	1.282989	4.305201	1.378989	1.217026
2922	-1236.46	-1449.09	212.6302	1.108785	4.827787	1.504702	1.627754
2928	-1248.994	-1461.441	212.4471	0.9378409	4.699616	1.504702	1.901101
2934	-1246.419	-1457.271	210.8516	0.8630923	5.282776	1.10565	3.055346
2940	-1242.593	-1454.361	211.7679	0.9108618	5.200365	1.295853	2.375731
2946	-1238.167	-1450.66	212.4923	0.8960118	5.756298	0.971002	2.014578
2952	-1248.813	-1460.148	211.3356	0.6630617	4.396493	1.232394	2.970913
2958	-1243.285	-1454.724	211.4383	0.6162589	4.396493	1.292224	2.90702
2964	-1251.618	-1464.558	212.9405	1.089256	5.855838	0.8241195	1.666366
2970	-1244.954	-1457.6	212.6461	0.9811799	6.646257	0.8985893	1.761363
2976	-1236.871	-1449.444	212.5734	0.9811799	7.674619	0.9662413	1.60979
2982	-1248.954	-1461.754	212.7994	1.317295	4.147723	1.487791	1.51285
2988	-1245.215	-1457.632	212.4167	1.364716	3.55601	1.487791	1.896277
2994	-1236.163	-1449.096	212.9325	1.353652	4.555306	1.257476	1.424693
3000	-1235.041	-1448.099	213.0584	1.329763	5.41352	1.241514	1.154385
3006	-1226.146	-1439.044	212.8981	1.211658	5.41352	1.241514	1.38444
3012	-1235.694	-1448.464	212.7707	1.211658	5.013306	1.605938	1.350028
3018	-1233.088	-1445.733	212.6444	0.9989833	5.622393	1.587878	1.495821
3024	-1223.14	-1436.005	212.8654	1.204289	5.622393	1.005214	1.538761
3030	-1221.952	-1434.698	212.7456	1.204289	4.846091	1.005214	1.775104
3036	-1233.913	-1446.98	213.0662	1.234092	3.68117	0.9421545	1.835884
3042	-1237.806	-1451.147	213.3409	1.318828	4.339933	1.490856	1.004766
3048	-1231.126	-1444.054	212.9278	1.286793	4.339933	1.467995	1.402603
3054	-1232.375	-1445.229	212.854	1.312456	4.494973	1.467995	1.402603
3060	-1224.232	-1437.021	212.7887	1.154896	5.497754	1.181573	1.533571
3066	-1235.333	-1448.328	212.9953	1.17856	5.497754	1.181573	1.35746
3072	-1240.683	-1453.524	212.8414	1.353811	5.497754	1.073968	1.417657
3078	-1240.826	-1452.556	211.7295	1.148289	5.497754	2.092863	1.839151
3084	-1238.091	-1449.971	211.8805	1.084045	4.492252	2.092863	1.972184
3090	-1242.466	-1453.039	210.5729	0.9773333	4.492252	2.092863	2.866234
3096	-1239.018	-1450.379	211.3605	1.020161	3.540082	1.459436	2.80614
3102	-1236.49	-1448.798	212.3079	0.943528	4.805193	1.110274	2.18337
3108	-1245.296	-1457.026	211.7297	1.106328	4.575973	1.214291	2.432504
3114	-1238.918	-1450.156	211.2384	0.9012244	4.616027	3.495705	2.069749
3120	-1240.5	-1450.61	210.1098	0.4839583	5.001332	1.230313	3.693812
3126	-1233.148	-1443.976	210.8282	0.6131458	5.001332	1.533662	3.056383
3132	-1247.839	-1458.557	210.7175	0.5203249	4.49229	1.533662	3.265836
3138	-1242.631	-1453.475	210.8438	0.8216877	4.49229	1.655711	2.96007
3144	-1235.058	-1446.374	211.3159	0.7862706	6.628661	1.696109	2.331802
3150	-1233.435	-1444.984	211.5497	0.9137086	4.72366	1.696109	2.410026
3156	-1239.777	-1451.339	211.5622	0.9645955	5.155067	1.696109	2.292102
3162	-1260.149	-1472.57	212.4212	1.021709	4.814629	1.696109	1.745775
3168	-1243.931	-1455.949	212.0174	1.028477	4.870742	1.812955	1.954751
3174	-1228.78	-1441.123	212.3426	0.940612	4.862933	1.412037	1.984433
3180	-1226.651	-1438.707	212.0561	0.9774082	4.268472	1.557091	2.196139
3186	-1233.79	-1445.312	211.522	0.8224535	5.754579	1.557091	2.369532
3192	-1237.299	-1449.415	212.1161	0.8759682	5.754579	1.349394	2.051976
3198	-1239.791	-1451.869	212.0778	0.8643751	5.683636	1.701406	1.926305
3204	-1236.933	-1449.311	212.3786	0.9120864	4.872756	1.5138	1.926305
3210	-1235.104	-1447.154	212.0499	1.041484	5.817217	1.5138	1.891138
3216	-1239.107	-1451.137	212.0298	0.8551787	4.887109	1.373905	2.259903
3222	-1246.226	-1457.65	211.4233	0.8451401	4.716096	1.2435	2.742984
3228	-1230.42	-1442.088	211.6684	0.7311164	4.716321	1.2435	2.662528
3234	-1229.88	-1441.23	211.3492	0.8361142	5.264592	1.395926	2.623413
3240	-1236.258	-1448.291	212.0321	0.9345592	4.038961	1.279821	2.422597
3246	-1248.716	-1460.77	212.0536	0.9655707	4.79937	1.335471	2.209396
3252	-1245.879	-1456.939	211.06	0.7810328	4.752723	1.652556	2.808061
3258	-1247.807	-1459.402	211.595	0.8999971	3.84445	1.652556	2.584049
3264	-1235.742	-1446.938	211.1966	0.7297085	4.374114	1.737438	2.79137
3270	-1244.299	-1454.643	210.3444	0.7528992	4.405329	1.737438	3.281953
3276	-1245.557	-1456.394	210.8372	0.7599186	3.681894	1.731581	3.131431
3282	-1236.047	-1446.301	210.2548	0.7412391	3.681894	1.731581	3.485525
3288	-1218.048	-1428.745	210.6966	0.7896259	4.429128	1.336208	3.219251
3294	-1243.054	-1454.649	211.5945	0.5883029	4.727804	1.801976	2.541836
3300	-1252.46	-1464.166	211.7062	0.845674	3.679769	1.603801	2.60577
3306	-1252.231	-1463.458	211.2263	0.7466025	4.430927	1.65352	2.786346
3312	-1251.552	-1462.867	211.3153	0.7467461	5.79337	1.392187	2.61696
3318	-1257.365	-1468.5	211.1348	1.032531	4.51607	1.814696	2.585795
3324	-1218.867	-1431.23	212.3633	1.064123	4.690206	1.452006	1.900714
3330	-1225.579	-1438.14	212.5601	1.065286	4.690206	1.054602	1.994097
3336	-1243.724	-1455.186	211.4621	0.886006	4.690206	1.054602	2.802978
3342	-1235.755	-1447.803	212.0481	0.933621	4.544808	1.054602	2.438254
3348	-1225.081	-1436.529	211.4475	0.8241549	4.756408	1.467721	2.62424
3354	-1254.145	-1465.027	210.8823	0.6970229	3.355028	1.593994	3.269664
3360	-1251.414	-1463.704	212.2897	1.304945	4.273314	1.896753	1.664046
3366	-1236.851	-1449.469	212.6178	1.04866	4.273314	1.087797	2.030965
3372	-1243.41	-1455.43	212.0202	0.8137663	6.431948	0.985013	2.26201
3378	-1247.406	-1459.753	212.3476	0.9279091	6.236324	0.6827952	2.231059
3384	-1241.433	-1453.736	212.3032	1.034396	6.236324	0.6924955	2.182666
3390	-1249.531	-1462.082	212.551	0.8078145	6.390619	1.164915	1.806574
3396	-1240.094	-1451.775	211.6817	0.8592686	6.286293	1.164915	2.361413
3402	-1241.374	-1453.513	212.1388	0.9984275	3.722238	1.9412	2.08495
3408	-1224.807	-1436.716	211.9087	0.9430764	3.722238	2.155164	2.190823
3414	-1226.781	-1439.166	212.3851	1.01285	4.52722	1.225027	2.074811
3420	-1236.547	-1449.133	212.586	1.007894	4.002904	1.714175	1.808407
3426	-1227.049	-1439.135	212.0859	0.9825561	4.777316	1.501606	2.098422
3432	-1241.566	-1454.173	212.6067	1.121901	4.368438	1.755634	1.610034
3438	-1231.234	-1443.481	212.2477	1.09057	4.601782	1.648547	1.883518
3444	-1238.274	-1449.615	211.341	0.9762196	3.88665	1.648547	2.68648
3450	-1247.807	-1458.837	211.0298	0.7777697	3.88665	1.737867	2.959921
3456	-1251.077	-1462.135	211.0577	0.747305	3.74052	1.821299	2.959921
3462	-1245.668	-1456.564	210.8968	0.8696341	5.465079	1.625528	2.745029
3468	-1242.898	-1455.607	212.7095	0.9207984	3.684271	1.148661	2.149024
3474	-1239.952	-1451.432	211.4798	0.8702607	3.819757	1.700084	2.659186
3480	-1229.916	-1441.543	211.6276	0.7485807	4.14509	1.505051	2.659186
3486	-1234.823	-1447.279	212.4567	1.024638	3.563551	1.505051	2.08635
3492	-1245.806	-1458.996	213.1907	1.303827	3.957389	1.200341	1.449332
3498	-1243.115	-1455.419	212.3048	1.284213	4.764581	2.144932	1.451312
3504	-1243.547	-1456.213	212.6658	1.152306	4.637623	1.769355	1.47635
3510	-1247.552	-1460.035	212.4826	1.202542	4.37803	1.099965	1.988905
3516	-1247.242	-1459.643	212.401	1.122985	4.37803	1.64015	1.807075
3522	-1251.598	-1462.48	210.8824	0.8388701	4.456578	1.236639	3.123553
3528	-1250.783	-1461.63	210.8466	0.8627077	4.588012	1.454934	3.002526
3534	-1247.983	-1459.517	211.5346	0.7148862	4.091212	1.728135	2.65283
3540	-1257.296	-1467.499	210.2025	0.8104151	4.597388	1.728135	3.300642
3546	-1253.606	-1464.884	211.2781	0.5778513	4.597388	1.463612	2.908608
3552	-1253.417	-1465.811	212.3938	1.173741	4.058024	1.487846	1.921842
3558	-1256.68	-1468.281	211.6009	0.8818144	4.058024	1.487846	2.619035
3564	-1235.101	-1446.228	211.1271	0.7626964	5.080134	1.091574	2.991355
3570	-1242.19	-1453.458	211.2682	0.6408817	4.879529	1.035306	3.04586
3576	-1240.098	-1451.534	211.4363	0.978344	6.558358	1.094491	2.442594
3582	-1237.12	-1449.103	211.9828	1.077208	7.670143	0.5964758	2.249387
3588	-1235.546	-1447.459	211.913	1.015489	7.670143	0.5964758	2.333489
3594	-1243.984	-1455.967	211.983	0.8486223	11.46815	0.5400298	2.044916
3600	-1240.882	-1452.697	211.8141	0.8448529	11.46815	0.452777	2.252101
3606	-1237.413	-1448.819	211.4063	0.6818932	12.20174	0.7777689	2.252101
3612	-1224.024	-1436.021	211.997	0.8856159	6.90022	0.7777689	2.310713
3618	-1222.463	-1434.546	212.0834	0.9524068	5.743691	0.974155	2.244889
3624	-1230.404	-1442.749	212.3456	0.9658997	5.15985	1.128342	2.067992
3630	-1255.784	-1468.878	213.0939	1.319854	4.188497	1.562499	1.225122
3636	-1258.261	-1470.987	212.7254	1.300316	3.812162	2.045488	1.392237
3642	-1270.226	-1482.645	212.4182	1.074187	3.374981	1.746659	2.015844
3648	-1239.242	-1451.507	212.2657	1.10302	2.951149	1.703599	2.228358
3654	-1240.544	-1453.431	212.8874	1.15553	3.774876	1.703599	1.549349
3660	-1247.296	-1460.035	212.7389	1.234632	4.363196	1.784002	1.414474
3666	-1242.993	-1455.754	212.7614	1.15671	3.918318	1.784002	1.565852
3672	-1245.837	-1458.816	212.9798	1.46085	4.415524	1.533469	1.157827
3678	-1247.706	-1460.874	213.1677	1.210721	4.415524	1.533469	1.211615
3684	-1240.497	-1452.041	211.5434	0.9151402	3.843132	1.357548	2.740103
3690	-1243.598	-1455.954	212.3558	1.047635	4.163817	1.210987	2.154029
3696	-1247.948	-1460.302	212.3539	1.065751	4.105968	1.33429	2.08857
3702	-1236.64	-1448.86	212.2199	1.046297	4.7312	1.357195	2.049624
3708	-1247.545	-1459.198	211.6534	0.9865141	4.882901	1.347659	2.429582
3714	-1244.587	-1455.92	211.3329	0.8504269	3.545955	1.551052	2.883802
3720	-1247.293	-1459.916	212.6226	1.094026	3.545955	1.043149	2.189775
3726	-1248.537	-1459.939	211.4018	0.8800355	3.725859	1.167202	2.969115
3732	-1260.826	-1472.399	211.5728	0.6488577	4.617488	1.391568	2.715973
3738	-1252.967	-1464.39	211.4226	0.848278	5.125746	1.679842	2.466153
3744	-1233.573	-1445.435	211.8621	0.9509146	6.631976	1.248161	2.088698
3750	-1232.793	-1444.613	211.8202	0.8150743	5.618763	1.296852	2.332949
3756	-1245.929	-1457.774	211.8456	0.6710421	4.527165	1.296852	2.597712
3762	-1229.489	-1441.217	211.7284	0.8239383	4.527165	1.253978	2.597712
3768	-1243.614	-1455.821	212.2066	0.7357238	5.378714	1.590765	2.029463
3774	-1226.613	-1438.97	212.3575	1.041057	3.800304	1.472808	2.100339
3780	-1228.006	-1440.955	212.9493	1.212226	3.509611	1.07425	1.883981
3786	-1234.258	-1445.431	211.173	0.9661474	4.645849	1.73336	2.611464
3792	-1234.772	-1446.768	211.9969	0.8836687	6.234537	0.8471067	2.355395
3798	-1234.227	-1446.3	212.0731	0.8982201	6.234537	0.7696913	2.355395
3804	-1248.285	-1460.423	212.1379	0.9618572	5.839277	1.175673	2.063252
3810	-1255.457	-1468.151	212.6944	1.149086	4.153423	1.229927	1.85204
3816	-1250.833	-1463.388	212.5557	1.108431	4.436119	1.229927	1.912982
3822	-1247.738	-1460.571	212.8333	1.068075	4.62882	1.229927	1.708596
3828	-1240.401	-1451.634	211.233	0.9157342	4.269681	1.794564	2.652677
3834	-1237.112	-1448.136	211.0233	0.812554	4.269681	1.794564	2.84391
3840	-1247.655	-1459.547	211.8924	0.9558508	4.3862	1.458259	2.337546
3846	-1237.061	-1448.228	211.1666	0.966762	4.3862	1.696976	2.678681
3852	-1245.001	-1455.229	210.2282	0.7395035	5.040142	1.502124	3.344234
3858	-1245.761	-1457.849	212.0875	0.8255241	4.759278	1.502124	2.2029
3864	-1248.538	-1459.447	210.9096	0.8154562	4.539353	1.502124	2.980857
3870	-1246.793	-1458.461	211.6681	0.9389174	3.265361	1.36591	2.776339
3876	-1249.819	-1461.181	211.3616	0.8754741	3.121267	1.512152	2.968421
3882	-1250.766	-1459.395	208.6291	0.710891	3.230478	1.701308	4.541481
3888	-1231.316	-1441.968	210.6523	0.8053293	3.230478	1.722871	3.318728
3894	-1232.117	-1443.048	210.9306	0.7770633	3.230478	1.3747	3.318728
3900	-1234.708	-1445.053	210.3447	0.630679	4.40042	1.06257	3.66335
3906	-1220.155	-1431.097	210.9422	0.6993498	4.622331	1.084876	3.221579
3912	-1219.832	-1430.558	210.7258	0.9095047	4.548987	1.115297	3.221579
3918	-1234.338	-1444.757	210.4189	0.573934	3.631848	1.565299	3.564068
3924	-1248.934	-1459.498	210.5642	0.6210786	4.289434	1.565299	3.320729
3930	-1245.282	-1456.886	211.6036	0.9382034	4.460465	0.9827323	2.77037
3936	-1244.353	-1456.079	211.7262	0.973707	5.465118	1.100992	2.425338
3942	-1238.923	-1450.936	212.0126	1.115758	5.014565	1.098388	2.231488
3948	-1237.31	-1449.766	212.4562	0.8912598	4.209252	1.263864	2.151586
3954	-1238.519	-1450.118	211.5987	0.8555851	4.209252	1.263864	2.714333
3960	-1239.794	-1452.405	212.6109	0.8104221	4.937302	0.8890279	2.192482
3966	-1242.998	-1455.42	212.4216	1.074943	5.531664	0.6436932	2.234188
3972	-1243.397	-1455.151	211.7537	0.9851149	4.083259	2.555921	2.048133
3978	-1233.506	-1444.164	210.6578	0.7368285	4.083259	1.640476	3.205657
3984	-1240.682	-1450.525	209.8426	0.7421223	4.083259	1.640476	3.679538
3990	-1231.976	-1442.9	210.9241	0.7919721	3.794271	1.640476	3.073107
3996	-1239.474	-1449.931	210.4578	0.5638861	3.794271	1.735365	3.445735
4002	-1261.405	-1472.621	211.2162	1.109555	3.522171	1.974735	2.634096
4008	-1251.398	-1461.984	210.5863	0.9154167	3.522171	2.007353	3.121381
4014	-1242.501	-1453.147	210.6463	0.8041668	4.265486	1.017452	3.437127
4020	-1237.937	-1448.967	211.0307	0.6241664	4.506395	1.100526	3.225771
4026	-1234.231	-1446.903	212.672	0.9081074	4.683079	1.100526	1.99673
4032	-1235.566	-1447.283	211.7175	1.010099	3.889755	1.454639	2.517725
4038	-1241.66	-1453.267	211.6071	0.8975369	3.614154	1.562182	2.667666
4044	-1244.834	-1455.42	210.5869	0.8062072	3.614154	1.567638	3.332832
4050	-1234.431	-1445.638	211.2076	0.8377848	3.42342	1.78386	2.899818
4056	-1238.361	-1449.705	211.3439	0.8905053	4.002608	1.615296	2.727044
4062	-1233.817	-1444.473	210.6555	0.7340514	3.808343	1.776514	3.210602
4068	-1239.681	-1450.908	211.2268	0.7972761	4.073421	1.473665	2.90243
4074	-1232.209	-1443.054	210.845	0.6760403	4.244076	1.374018	3.215364
4080	-1231.285	-1441.921	210.6356	0.8179075	5.468539	0.8759134	3.318748
4086	-1227.621	-1439.448	211.8265	0.8978868	3.877559	0.9975778	2.76577
4092	-1229.848	-1440.821	210.9726	0.7685266	4.122881	1.350998	3.118859
4098	-1228.671	-1439.929	211.2584	0.6688967	4.212847	1.350998	2.990051
4104	-1226.284	-1437.582	211.2989	0.7115972	5.488468	1.350998	2.716267
4110	-1233.075	-1445.226	212.1517	0.8882265	4.198449	1.271966	2.347206
4116	-1232.713	-1444.488	211.7751	0.9130418	4.168393	1.271966	2.574152
4122	-1226.463	-1437.83	211.3675	0.7229536	4.64318	1.345178	2.813699
4128	-1242.278	-1454.085	211.8066	0.7521537	4.674216	0.8015391	2.841066
4134	-1249.282	-1461.697	212.4144	1.108347	4.419848	0.8631846	2.244488
4140	-1249.426	-1459.636	210.2093	0.6597684	4.568531	1.396719	3.528473
4146	-1248.414	-1459.513	211.0992	0.8272967	4.585259	1.19541	2.998747
4152	-1241.153	-1452.828	211.675	0.7708013	6.95965	1.165983	2.326073
4158	-1241.516	-1453.147	211.6314	0.7282216	5.830682	1.165983	2.543302
4164	-1249.819	-1461.318	211.4991	0.8805611	4.96246	0.8511779	2.864436
4170	-1233.796	-1445.849	212.0525	0.8418038	4.563492	0.9860282	2.531692
4176	-1231.62	-1443.776	212.1558	0.9481749	4.563492	1.132875	2.310839
4182	-1228.486	-1439.655	211.1696	0.6918332	4.563492	1.2721	3.002434
4188	-1238.549	-1450.507	211.9576	0.8355744	4.73956	1.2721	2.397971
4194	-1234.463	-1445.236	210.773	0.7374773	3.633027	1.917704	3.12363
4200	-1238.432	-1450.038	211.6057	0.8410042	5.472001	1.2721	2.48868
4206	-1237.732	-1448.383	210.6512	0.7985447	5.114043	1.079722	3.254453
4212	-1232.498	-1443.794	211.2961	0.8344749	4.512248	1.129371	2.924725
4218	-1248.032	-1459.697	211.6649	0.8220349	4.249508	1.129371	2.758348
4224	-1233.553	-1444.876	211.3232	0.8543664	5.114043	0.8806227	2.941205
4230	-1237.074	-1449.006	211.9321	0.9385709	4.848172	1.129371	2.407656
4236	-1237.966	-1450.512	212.5463	0.936825	4.563669	0.9270909	2.196778
4242	-1242.629	-1454.806	212.1779	0.8294748	6.231188	1.17663	2.061567
4248	-1242.107	-1454.501	212.3945	0.8294748	6.231188	1.17663	1.916843
4254	-1236.658	-1449.179	212.521	0.9820865	5.118507	1.17663	1.918692
4260	-1231.219	-1442.767	211.5483	0.7626313	4.764331	1.010898	2.838292
4266	-1238.579	-1449.96	211.3814	0.7055672	4.764331	1.51808	2.713626
4272	-1238.29	-1450.037	211.7466	0.9557522	4.764331	0.9722582	2.622488
4278	-1236.102	-1447.306	211.2031	0.976058	4.764331	0.9722582	2.941443
4284	-1233.294	-1444.399	211.1049	0.8940451	3.540648	1.682168	2.941443
4290	-1239.879	-1451.186	211.307	0.7548919	3.742854	1.693278	2.854495
4296	-1236.356	-1447.208	210.8521	0.7935722	4.643505	1.693278	2.929274
4302	-1233.057	-1444.36	211.3027	0.6712044	5.971593	1.274176	2.70276
4308	-1231.175	-1442.175	210.9999	0.7920828	4.515508	1.274176	3.051703
4314	-1224.279	-1435.165	210.8854	0.7766587	4.515508	1.274176	3.129228
4320	-1233.55	-1445.018	211.4677	0.7820725	4.506185	1.142292	2.846654
4326	-1238.867	-1449.919	211.0518	0.7274301	4.506185	1.784308	2.837451
4332	-1253.155	-1464.948	211.793	0.8192776	4.271811	1.986493	2.287705
4338	-1245.808	-1457.738	211.9297	0.9715359	5.865168	1.293278	2.123578
4344	-1255.261	-1467.072	211.8104	0.7322304	5.720675	1.350828	2.34771
4350	-1255.607	-1467.87	212.2628	1.057837	4.484678	1.388973	2.045982
4356	-1251.411	-1463.435	212.0241	1.0727	4.162663	1.756545	2.088589
4362	-1241.403	-1452.526	211.1233	0.6126273	5.50899	0.9538144	3.095869
4368	-1233.371	-1444.437	211.0664	0.659398	5.50899	1.62229	2.764239
4374	-1232.484	-1443.062	210.5778	0.8225512	5.750028	1.62229	2.92447
4380	-1236.521	-1449.113	212.592	1.095912	4.112793	1.252395	1.953667
4386	-1234.221	-1446.587	212.3666	1.173302	5.193498	1.252395	1.835041
4392	-1245.066	-1458.03	212.9642	1.421253	4.033526	1.252395	1.478764
4398	-1240.162	-1452.953	212.7909	1.398956	4.241268	2.108381	1.104649
4404	-1248.394	-1460.916	212.5216	1.288186	4.357062	2.108381	1.391929
4410	-1248.951	-1460.901	211.9498	1.270393	5.461467	2.156907	1.578276
4416	-1252.059	-1463.755	211.6966	1.060557	3.714484	1.863489	2.362591
4422	-1244.449	-1454.41	209.9617	0.7830538	4.26341	1.548813	3.590031
4428	-1241.855	-1452.93	211.0749	0.7409158	4.061423	1.480441	3.027039
4434	-1237.121	-1449.395	212.2742	1.002142	5.680743	1.449387	1.820587
4440	-1231.053	-1443.11	212.0567	1.077805	5.451491	1.095361	2.152874
4446	-1236.442	-1447.392	210.9497	0.8000174	5.087914	1.095361	3.071843
4452	-1246.046	-1457.599	211.5539	0.8895659	7.165232	0.6863028	2.623358
4458	-1239.639	-1451.267	211.628	0.8301842	5.574077	0.9933789	2.623358
4464	-1233.633	-1444.55	210.9175	0.769272	5.324249	1.061376	3.090283
4470	-1233.471	-1444.488	211.017	0.7701779	5.324249	1.500781	2.809102
4476	-1237.756	-1448.399	210.6431	0.6261034	3.657521	2.403705	3.101808
4482	-1235.915	-1446.801	210.8864	0.8743672	3.730682	1.387731	3.169737
4488	-1234.962	-1446.193	211.2309	0.7621158	4.967736	1.387731	2.795334
4494	-1240.998	-1451.635	210.6364	0.9771915	4.967736	0.8083642	3.349558
4500	-1251.947	-1465.108	213.1608	1.553733	4.515671	1.569495	0.8201926
4506	-1255.139	-1468.288	213.1494	1.516019	4.514647	1.628075	0.8309257
4512	-1240.875	-1454.293	213.4174	1.573524	5.153218	0.9857537	0.8573843
4518	-1243.723	-1456.734	213.0108	1.562184	3.815239	1.623951	1.159144
4524	-1262.233	-1473.485	211.2522	0.7373363	4.240227	1.933241	2.703494
4530	-1227.276	-1437.684	210.4079	0.7800564	3.770762	1.564651	3.421401
4536	-1241.858	-1452.74	210.8822	0.5389066	3.282355	1.180047	3.569007
4542	-1235.624	-1447.892	212.268	1.023928	3.923759	1.431499	2.162413
4548	-1244.638	-1456.455	211.8172	0.7719459	5.549827	1.776353	2.150338
4554	-1242.386	-1454.6	212.2146	0.9913385	5.23866	0.7259356	2.399428
4560	-1245.616	-1457.147	211.531	0.9461786	6.438665	0.8650736	2.566362
4566	-1237.17	-1449.186	212.0154	0.9194834	5.666934	0.8650736	2.395596
4572	-1225.742	-1437.52	211.7784	0.8414878	5.666934	0.7245039	2.695606
4578	-1240.174	-1452.396	212.2218	0.8730131	4.752701	0.7245039	2.555637
4584	-1236.427	-1449.677	213.25	1.569731	4.09231	1.369774	1.016717
4590	-1229.446	-1442.397	212.9509	1.75458	4.806721	1.59122	0.6803527
4596	-1246.078	-1458.799	212.7208	1.682438	4.806721	2.069971	0.6803527
4602	-1248.461	-1461.176	212.7152	1.743531	3.804925	2.498599	0.7416358
4608	-1242.106	-1454.854	212.7472	1.803718	4.433258	2.082087	0.574007
4614	-1233.467	-1446.346	212.8786	1.778064	4.080124	2.082087	0.5985987
4620	-1242.474	-1454.53	212.0554	0.8412839	4.413995	1.509828	2.276687
4626	-1245.935	-1456.701	210.7659	0.6771347	4.413995	1.231471	3.298746
4632	-1238.854	-1452.523	213.6691	1.555992	3.106564	1.232657	1.083771
4638	-1238.607	-1451.928	213.3201	1.382491	5.012641	1.232657	0.9663271
4644	-1232.705	-1445.423	212.7183	1.300239	6.311068	1.154933	1.341492
4650	-1237.486	-1450.38	212.8938	1.234404	5.947089	1.154933	1.322779
4656	-1235.459	-1448.02	212.5617	1.116128	4.207323	0.7323012	2.28756
4662	-1253.528	-1465.254	211.7255	0.9828424	5.300772	0.7311742	2.694536
4668	-1246.891	-1459.3	212.4092	1.024538	5.300772	0.9628822	2.067898
4674	-1243.062	-1455.512	212.4501	1.164887	4.426493	1.949777	1.591483
4680	-1255.319	-1467.164	211.8455	1.01611	5.872568	1.246317	2.173743
4686	-1246.09	-1457.947	211.8566	0.8987358	5.872568	1.082677	2.33588
4692	-1239.274	-1451.079	211.8054	0.9593111	4.28544	1.77634	2.270183
4698	-1236.222	-1447.193	210.9712	0.6763864	4.28544	1.77634	2.961664
4704	-1229.873	-1440.727	210.8538	0.8364021	4.734373	1.469273	2.981387
4710	-1239.86	-1450.903	211.0428	0.778443	5.660503	0.792962	3.128102
4716	-1237.777	-1448.408	210.6315	0.7983645	5.703098	1.132224	3.14555
4722	-1223.052	-1434.531	211.4794	0.7787404	6.099219	0.9163066	2.71572
4728	-1230.678	-1442.32	211.6416	0.8712126	5.080296	0.8242019	2.782219
4734	-1225.932	-1437.759	211.8266	0.8895884	6.652303	0.9034298	2.359939
4740	-1237.763	-1448.7	210.9369	0.6696372	4.975956	1.509886	2.971981
4746	-1240.345	-1451.362	211.0167	0.8986298	4.066977	1.509886	2.953142
4752	-1232.27	-1442.279	210.0084	0.573448	4.331764	1.509886	3.688183
4758	-1222.254	-1433.213	210.9597	0.6517142	5.203648	1.509886	2.931134
4764	-1243.929	-1454.23	210.3003	0.7977028	5.891996	1.215766	3.270468
4770	-1231.883	-1443.196	211.3129	0.6251544	5.625615	1.072332	2.886008
4776	-1220.018	-1431.402	211.3837	0.7520288	7.160899	1.072332	2.548656
4782	-1231.554	-1443.214	211.6599	0.8109997	7.160899	1.078864	2.333957
4788	-1231.472	-1442.677	211.2049	0.7503814	6.635489	1.106565	2.710017
4794	-1246.405	-1457.377	210.9726	0.7808017	3.173673	2.837797	2.797925
4800	-1236.853	-1447.792	210.9395	0.8391892	5.592579	1.106565	2.967877
4806	-1220.268	-1432.473	212.2054	0.9977755	5.60991	1.112291	2.070814
4812	-1238.035	-1449.213	211.1781	0.9523976	6.059911	0.580703	3.052836
4818	-1235.493	-1447.315	211.8217	0.8943594	4.651417	1.037262	2.59447
4824	-1227.988	-1439.617	211.6288	0.8477973	5.320245	1.403137	2.429024
4830	-1217.064	-1427.798	210.7337	0.7940254	5.282645	1.403137	3.016835
4836	-1225.183	-1436.59	211.4069	0.8292374	4.397924	1.151627	2.870044
4842	-1228.415	-1440.482	212.0673	0.9909524	3.502051	1.614937	2.324174
4848	-1233.48	-1444.816	211.3356	0.8255005	4.497033	1.603024	2.680015
4854	-1239.727	-1451.429	211.7021	0.9305988	4.077061	1.603024	2.47028
4860	-1220.728	-1432.778	212.0499	1.126786	4.481591	1.603024	2.03754
4866	-1220.703	-1432.902	212.1987	1.14469	4.529684	1.108119	2.17802
4872	-1229.075	-1441.548	212.4733	1.100436	4.826767	1.108119	1.968194
4878	-1223.334	-1435.118	211.7839	0.9411661	5.208714	1.516394	2.235868
4884	-1226.846	-1438.487	211.6414	0.807852	4.692845	0.9675255	2.793556
4890	-1223.468	-1435.473	212.0045	1.021779	4.715851	1.730693	2.033331
4896	-1230.324	-1442.714	212.3898	1.09312	4.715851	1.768594	1.704415
4902	-1221.557	-1433.883	212.3256	0.9629611	4.488415	1.768594	1.88651
4908	-1226.044	-1437.716	211.6717	0.9715692	6.729985	1.385169	2.112835
4914	-1250.422	-1462.575	212.1533	1.308532	4.459481	1.346549	1.979475
4920	-1248.826	-1460.715	211.8889	1.045392	4.192595	1.084672	2.519203
4926	-1241.603	-1453.665	212.0625	0.9088743	5.045243	1.214079	2.260231
4932	-1232.461	-1443.733	211.2719	0.9514057	5.811553	1.436291	2.492785
4938	-1240.068	-1451.543	211.4753	0.9016788	5.811553	0.7658142	2.790603
4944	-1235.246	-1447.335	212.0884	0.9433114	5.811553	0.7658142	2.384591
4950	-1239.364	-1450.772	211.4083	0.8981277	4.394953	1.388345	2.707228
4956	-1246.259	-1458.941	212.6824	1.362391	3.592231	1.187565	1.872237
4962	-1243.995	-1456.53	212.5351	1.055908	4.801677	2.075137	1.471421
4968	-1236.972	-1449.862	212.8901	1.182579	4.114216	1.274879	1.674529
4974	-1235.1	-1448.242	213.1417	1.157665	4.114216	1.407062	1.428931
4980	-1242.098	-1455.246	213.148	1.174038	3.87581	1.39989	1.477192
4986	-1239.525	-1452.442	212.917	1.357342	4.027577	2.113907	1.088542
4992	-1225.325	-1438.257	212.9322	1.295447	4.429112	1.23637	1.511885
4998	-1230.807	-1443.292	212.4857	1.327295	4.477407	1.794289	1.504615
5004	-1232.306	-1444.801	212.4956	1.235708	3.777621	1.740019	1.754994
5010	-1243.148	-1455.769	212.6206	1.242725	4.264455	1.309051	1.767917
5016	-1248.057	-1459.635	211.5787	1.119483	4.264455	1.814871	2.301266
5022	-1242.857	-1452.147	209.2897	0.693469	3.788512	1.895343	3.988451
5028	-1245.062	-1456.78	211.7177	0.8713313	3.518805	1.184248	2.819973
5034	-1239.546	-1451.835	212.2889	1.171177	5.039414	1.161204	1.971638
5040	-1238.063	-1450.667	212.6033	1.06879	4.270351	1.161204	1.983053
5046	-1244.026	-1455.707	211.6808	0.914998	4.507867	2.560537	2.052016
5052	-1247.524	-1458.709	211.1849	1.064872	3.422697	3.170981	2.340735
5058	-1245.243	-1455.873	210.6292	0.8713975	3.422697	3.170981	2.805958
5064	-1235.448	-1445.949	210.5013	0.7811652	3.275616	2.214622	3.238494
5070	-1237.539	-1451.225	213.6858	1.507629	2.860787	1.01572	1.368002
5076	-1231.977	-1445.252	213.2753	1.44078	4.564864	0.6624092	1.570003
5082	-1238.981	-1451.567	212.5867	1.111342	3.488594	1.247794	2.095184
5088	-1237.267	-1449.359	212.092	1.081351	3.520407	1.614075	2.246474
5094	-1231.883	-1444.739	212.8553	1.319233	3.93977	1.806759	1.354069
5100	-1241.53	-1454.255	212.7251	1.39163	3.379078	1.788429	1.561775
5106	-1254.879	-1467.835	212.9562	1.486021	3.379078	1.475041	1.480177
5112	-1262.881	-1475.646	212.7659	1.312874	3.379078	0.9656858	2.044641
5118	-1247.193	-1459.458	212.2648	1.243472	3.279128	0.9656858	2.437223
5124	-1231.079	-1443.223	212.1447	1.141571	4.276077	0.7927267	2.474669
5130	-1245.003	-1457.268	212.2648	1.227064	4.276077	1.496669	1.920585
5136	-1247.68	-1459.667	211.9875	1.141458	4.22894	1.176885	2.336252
5142	-1250.512	-1462.333	211.8208	0.8943444	4.22894	1.151962	2.609604
5148	-1249.099	-1460.976	211.8768	0.9793553	4.002966	1.151962	2.568244
5154	-1245.194	-1456.35	211.1559	1.025342	6.107301	0.6140155	2.986523
5160	-1266.964	-1478.011	211.0468	1.008112	5.136606	1.501197	2.676222
5166	-1272.747	-1484.453	211.7058	0.9084306	5.136606	1.675993	2.247923
5172	-1240.871	-1452.473	211.602	1.063277	4.581031	1.107471	2.597753
5178	-1234.958	-1447.613	212.655	1.045464	4.105571	1.107471	2.032262
5184	-1244.861	-1456.014	211.1534	0.7488984	3.708012	1.128819	3.219919
5190	-1241.271	-1453.006	211.7347	0.8983744	4.675282	1.124901	2.59028
5196	-1237.833	-1449.665	211.8317	0.8819565	5.478002	1.159047	2.381116
5202	-1234.81	-1447.11	212.3003	1.146293	5.006872	1.264524	1.926708
5208	-1235.581	-1447.434	211.8527	1.062111	3.617534	1.264524	2.555081
5214	-1240.8	-1453.224	212.4235	1.132112	5.115112	1.264524	1.831938
5220	-1245.431	-1457.216	211.7852	0.925681	4.449426	1.16234	2.563394
5226	-1247.478	-1458.701	211.2228	0.9814524	4.449426	1.478832	2.717321
5232	-1238.39	-1450.618	212.2278	0.9834988	5.333223	1.399661	1.951934
5238	-1235.704	-1447.403	211.6991	0.9839448	5.321922	1.352492	2.323146
5244	-1239.344	-1451.228	211.8841	0.9671626	4.720571	1.352492	2.323146
5250	-1242.109	-1454.294	212.1854	1.065245	4.431798	0.8019488	2.459498
5256	-1224.675	-1437.45	212.7744	1.20749	5.64092	0.8019488	1.756376
5262	-1233.585	-1445.795	212.2102	1.140473	6.179906	1.018518	1.939078
5268	-1221.606	-1433.734	212.128	1.001515	6.270625	1.833171	1.637814
5274	-1240.042	-1452.492	212.4507	1.171425	4.427703	1.833171	1.637814
5280	-1257.771	-1468.735	210.9647	1.025565	4.960037	1.703787	2.659211
5286	-1249.589	-1461.509	211.9202	0.8595276	4.618367	1.590171	2.274898
5292	-1236.827	-1449.333	212.5068	1.096204	5.050352	1.483683	1.691016
5298	-1244.56	-1456.334	211.7744	0.958989	5.050352	1.48614	2.272738
5304	-1246.49	-1459.044	212.5541	1.226349	4.424146	2.148449	1.380945
5310	-1245.776	-1458.337	212.5605	1.166655	3.213256	2.148449	1.734558
5316	-1234.79	-1447.242	212.4519	1.2049	3.213256	2.128684	1.791304
5322	-1243.259	-1456.046	212.7872	1.237821	3.53572	2.128684	1.43342
5328	-1252	-1464.803	212.8025	1.630928	3.712944	2.128684	1.033214
5334	-1247.755	-1460.83	213.0751	1.612039	3.244596	2.168408	0.932346
5340	-1242.152	-1454.939	212.787	1.67214	3.519381	2.362125	0.9525854
5346	-1243.138	-1456.707	213.5691	1.672122	4.037967	0.9882148	0.9511024
5352	-1242.588	-1455.167	212.5788	1.669563	4.845481	2.211076	0.7835677
5358	-1255.362	-1468.374	213.0118	1.611677	3.864238	1.701717	1.049134
5364	-1248.625	-1461.745	213.1195	1.453944	4.455984	1.390884	1.123569
5370	-1243.503	-1456.687	213.1843	1.49187	4.973363	0.9705717	1.22643
5376	-1246.555	-1459.124	212.5692	1.528072	4.973363	2.017468	1.033945
5382	-1254.63	-1466.03	211.4	0.8929785	3.091631	2.242482	2.665714
5388	-1256.412	-1468.474	212.0618	0.9705172	3.808115	1.731529	2.21922
5394	-1256.623	-1468.444	211.8208	0.9944532	3.808115	1.731529	2.358125
5400	-1251.22	-1462.614	211.3936	0.8738107	4.279537	1.895631	2.538137
5406	-1249.969	-1461.472	211.5028	0.9313027	4.162597	2.234324	2.334817
5412	-1254.098	-1465.959	211.8607	1.074441	3.391321	2.031785	2.261138
5418	-1261.549	-1473.896	212.3479	1.295924	2.996767	2.486392	1.73184
5424	-1269.187	-1481.678	212.491	1.234371	2.870783	2.262759	1.792947
5430	-1259.9	-1473	213.1005	1.375121	3.492711	1.029171	1.700634
5436	-1252.773	-1465.772	212.9993	1.23841	3.492711	1.029171	1.865981
5442	-1251.694	-1464.028	212.3331	1.216655	3.798118	1.448109	2.013175
5448	-1248.166	-1459.268	211.102	1.02726	4.299511	0.9895151	3.045793
5454	-1253.26	-1464.932	211.6724	0.9914298	5.61948	1.024102	2.469193
5460	-1249.455	-1460.754	211.2988	0.8926482	4.956092	1.405437	2.667485
5466	-1249.5	-1461.078	211.5783	0.9578907	4.956092	1.405437	2.453257
5472	-1242.071	-1453.224	211.1529	0.9779313	4.956092	1.784242	2.540326
5478	-1243.433	-1455.929	212.4961	1.219294	4.956092	1.336957	1.710174
5484	-1239.046	-1451.632	212.5856	1.263623	3.263268	1.199172	2.080519
5490	-1243.368	-1455.026	211.6588	1.175769	4.634678	2.120129	2.019919
5496	-1241.801	-1453.868	212.0672	0.9420271	3.556922	1.181833	2.554403
5502	-1241.963	-1453.677	211.7133	1.009058	4.250858	1.917585	2.247775
5508	-1243.717	-1455.407	211.6907	0.9196854	4.252203	1.917585	2.319223
5514	-1247.257	-1458.655	211.3977	1.166493	4.21798	1.917585	2.355566
5520	-1244.611	-1455.216	210.6057	0.7041157	3.535566	1.368616	3.48575
5526	-1234.382	-1445.424	211.0425	0.7968079	3.640323	1.368616	3.151274
5532	-1236.032	-1447.513	211.4801	0.9371298	4.269608	1.626636	2.555465
5538	-1254.818	-1466.934	212.1157	0.9507116	4.073315	1.626636	2.184362
5544	-1242.811	-1454.212	211.4005	0.7857402	4.000562	1.179966	2.962564
5550	-1252.225	-1462.857	210.6318	0.8197533	6.272441	0.9317856	3.167346
5556	-1242.783	-1454.438	211.6553	0.7830935	5.038022	0.9933809	2.723681
5562	-1244.394	-1456.04	211.6456	0.7812538	4.850458	1.071772	2.716335
5568	-1235.998	-1447.424	211.4264	0.6901683	5.772015	1.648946	2.470031
5574	-1239.267	-1452.535	213.2681	1.565812	4.851911	1.257377	0.8472877
5580	-1248.242	-1460.17	211.9286	0.8424247	3.94815	1.221504	2.594657
5586	-1251.514	-1462.731	211.2177	1.050035	4.658521	1.221504	2.765347
5592	-1248.318	-1459.769	211.4509	0.7794237	3.853454	1.048727	3.038943
5598	-1240.025	-1451.253	211.2284	0.9116181	3.853454	1.802269	2.740032
5604	-1243.67	-1454.26	210.5902	0.7607322	3.724896	2.380343	3.045641
5610	-1238.348	-1451.612	213.2638	1.570157	3.580467	1.773872	0.886968
5616	-1227.983	-1441.527	213.5447	1.522155	3.562987	1.400824	0.927674
5622	-1230.047	-1443.547	213.4997	1.666747	3.562987	1.291288	0.9144182
5628	-1230.213	-1443.608	213.3952	1.645826	3.98251	1.291288	0.8888239
5634	-1230.859	-1444.121	213.2621	1.693415	4.940973	1.162222	0.7618002
5640	-1235.081	-1448.567	213.4869	1.678779	4.045301	1.124206	0.8879643
5646	-1245.704	-1458.457	212.7528	1.611233	5.24883	1.667196	0.9068339
5652	-1242.179	-1453.533	211.3545	0.7736542	4.802464	1.228097	2.82112
5658	-1240.053	-1451.264	211.2104	0.7327015	4.444222	1.607787	2.82112
5664	-1252.522	-1465.936	213.4144	1.466983	4.536411	0.9832788	1.148394
5670	-1250.993	-1464.043	213.05	1.435836	5.236524	1.320549	1.048
5676	-1252.155	-1465.151	212.9969	1.284534	4.93939	1.086103	1.458741
5682	-1246.371	-1459.718	213.347	1.324945	4.93939	1.086103	1.140353
5688	-1236.054	-1449.311	213.2571	1.629036	4.79531	1.086103	0.9762881
5694	-1242.045	-1455.42	213.3753	1.683668	4.79531	1.086103	0.7732643
5700	-1243.226	-1456.551	213.3249	1.802752	4.69036	1.086103	0.7154752
5706	-1236.594	-1449.909	213.3149	1.847476	4.032009	1.305449	0.6804285
5712	-1231.8	-1445.544	213.744	1.77218	4.032009	0.8389893	0.820929
5718	-1241.326	-1454.683	213.3569	1.569861	5.465802	1.025032	0.7824554
5724	-1233.736	-1446.65	212.9134	1.509384	5.860053	1.228996	1.027305
5730	-1247.626	-1460.457	212.8312	1.250933	6.078792	1.228996	1.281824
5736	-1251.567	-1464.546	212.9786	1.284769	5.064496	1.228996	1.346008
5742	-1264.443	-1475.286	210.8428	0.796618	4.494044	1.26396	3.151679
5748	-1261.672	-1472.866	211.1937	0.8819564	4.494044	0.8186083	3.151679
5754	-1244.066	-1455.403	211.3363	0.930239	3.904633	0.8186083	3.151679
5760	-1240.726	-1453.927	213.2014	1.21579	3.994007	1.276987	1.449131
5766	-1247.047	-1459.12	212.0733	0.9915125	5.491338	1.356297	2.044591
5772	-1242.358	-1454.85	212.4917	1.107055	5.491338	1.379104	1.666391
5778	-1238.885	-1450.384	211.4987	0.922442	5.491338	1.379104	2.447341
5784	-1240.216	-1452.029	211.8131	0.916028	3.900953	1.379104	2.550442
5790	-1238.958	-1451.222	212.264	1.038097	4.594306	1.379104	2.041336
5796	-1250.015	-1463.317	213.3019	1.330535	4.377906	0.9653264	1.408526
5802	-1255.826	-1468.924	213.0985	1.370036	4.7413	1.488391	1.073324
5808	-1255.415	-1468.666	213.251	1.480286	4.22762	1.488391	0.9703207
5814	-1256.475	-1468.698	212.2232	1.392256	2.675617	4.667451	1.238373
5820	-1260.089	-1472.301	212.2123	0.9596015	2.969969	1.707058	2.347666
5826	-1250.82	-1460.833	210.0127	0.828153	3.110812	1.707058	3.712729
5832	-1261.666	-1474.39	212.7246	1.139687	3.27747	1.147029	2.097315
5838	-1234.04	-1445.8	211.7597	0.7615885	4.246919	1.735724	2.449172
5844	-1244.547	-1455.453	210.9056	0.7723211	5.335492	1.250807	2.99207
5850	-1248.179	-1459.372	211.1932	0.6567155	4.117832	1.275699	3.091556
5856	-1242.363	-1453.024	210.6605	0.8750399	3.932918	1.698526	3.128715
5862	-1249.997	-1460.614	210.6167	0.80138	3.90996	1.544458	3.266118
5868	-1259.751	-1470.804	211.0526	0.6551694	3.90996	1.928222	2.943131
5874	-1254.617	-1464.161	209.5441	0.6935626	3.832696	1.052679	4.198591
5880	-1256.766	-1467.937	211.1709	0.6323198	7.043228	1.155377	2.721807
5886	-1247.641	-1458.265	210.6235	0.6674434	6.565214	1.099945	3.124191
5892	-1242.522	-1453.308	210.7855	0.529387	4.975106	1.099945	3.345539
5898	-1253.785	-1464.359	210.5745	0.5059122	4.655612	1.099945	3.536793
5904	-1261.675	-1471.626	209.9502	0.5326327	5.230627	0.8252498	3.951478
5910	-1244.283	-1455.297	211.0142	0.6471269	4.810001	1.20342	3.113425
5916	-1245.925	-1456.347	210.4219	0.7031091	5.835383	1.20342	3.269046
5922	-1232.181	-1443.636	211.4554	0.8890242	5.835383	1.20342	2.531527
5928	-1241.761	-1452.89	211.1293	0.8338794	7.516416	1.20342	2.536764
5934	-1241.222	-1452.467	211.2446	0.8589284	8.351483	0.8937627	2.536764
5940	-1234.811	-1445.996	211.1848	0.6804551	7.829648	0.9879555	2.683912
5946	-1234.045	-1445.52	211.4746	0.6591526	5.523245	1.253859	2.683912
5952	-1232.21	-1444.172	211.9618	0.9054471	5.523245	1.106296	2.306572
5958	-1224.213	-1435.471	211.259	0.6652045	4.268987	1.106296	3.106675
5964	-1226.472	-1436.586	210.1135	0.6213062	4.23203	1.154472	3.783906
5970	-1220.235	-1431.669	211.4342	0.7135648	4.362621	1.090062	2.964169
5976	-1229.75	-1440.939	211.1889	0.6550533	4.89846	1.113098	3.03747
5982	-1232.647	-1445.502	212.8546	1.036527	3.499623	1.227325	1.975983
5988	-1231.416	-1444.255	212.8393	1.147195	3.302682	1.227325	1.962809
5994	-1239.71	-1451.967	212.2575	1.013494	5.747067	1.340071	1.871028
6000	-1245.536	-1457.547	212.0115	1.195451	3.57906	1.872967	2.100552
6006	-1249.966	-1461.79	211.8236	1.061253	3.475868	1.782686	2.369488
6012	-1253.95	-1465.567	211.6169	0.9880454	3.977794	1.782686	2.433141
6018	-1249.619	-1461.644	212.0247	1.065656	3.904473	1.782686	2.138328
6024	-1243.809	-1455.772	211.9633	0.8098471	6.981909	1.819189	1.784121
6030	-1243.157	-1455.025	211.8682	0.9776552	6.651446	1.29037	2.040904
6036	-1248.798	-1460.778	211.9794	0.8094813	5.784488	1.051883	2.347011
6042	-1242.794	-1454.963	212.1685	1.156513	3.698031	0.8866779	2.5057
6048	-1251.756	-1463.843	212.0874	0.9937628	4.28901	1.073372	2.414357
6054	-1261.374	-1473.723	212.3494	1.10742	3.908187	1.85096	1.864272
6060	-1243.026	-1455.465	212.4389	1.055589	4.233423	1.628642	1.864272
6066	-1237.312	-1449.215	211.903	0.9813513	4.233423	1.681826	2.243942
6072	-1234.311	-1445.412	211.101	0.8383902	3.954556	1.681826	2.888781
6078	-1239.567	-1450.118	210.5511	0.8207225	4.227196	1.323117	3.330609
6084	-1241.288	-1453.481	212.193	0.9632902	3.256376	1.367409	2.437874
6090	-1245.933	-1457.636	211.7033	0.9071321	4.214386	1.289736	2.603937
6096	-1240.589	-1451.989	211.4003	0.8496249	4.214386	1.289736	2.824909
6102	-1240.838	-1452.768	211.9299	0.9552141	4.098418	1.289736	2.456308
6108	-1231.486	-1443.171	211.6853	1.052504	4.315519	1.422009	2.4388
6114	-1226.987	-1438.94	211.9537	0.8688524	4.315519	1.422009	2.385373
6120	-1234.006	-1445.498	211.4917	0.6991931	4.439995	1.162501	2.883664
6126	-1231.846	-1443.335	211.4892	0.5740888	4.457286	1.162501	2.957418
6132	-1248.143	-1459.776	211.6326	0.7742757	3.725542	1.254742	2.847913
6138	-1231.496	-1443.134	211.6383	0.8329945	4.17145	1.017286	2.847913
6144	-1233.903	-1446.368	212.4656	1.109986	5.719149	1.091518	1.814336
6150	-1229.567	-1442.026	212.4594	0.9147491	4.92768	1.076472	2.101047
6156	-1234.47	-1445.901	211.4312	0.8172813	4.92768	1.076472	2.809081
6162	-1244.22	-1455.544	211.3235	0.8001793	4.92768	1.076472	2.884768
6168	-1249.966	-1462.255	212.2888	0.9417199	4.951926	1.06799	2.19542
6174	-1250.049	-1462.069	212.0204	0.8501106	3.849892	1.508921	2.411442
6180	-1257.938	-1470.121	212.1833	1.104339	3.61245	1.508921	2.199098
6186	-1254.869	-1466.754	211.885	0.9284888	5.110594	1.508921	2.199622
6192	-1237.637	-1449.712	212.0748	0.9211943	4.476541	1.568301	2.173031
6198	-1237.136	-1449.005	211.8693	1.013101	4.494319	1.812425	2.136961
6204	-1238.321	-1450.914	212.5927	1.269866	4.494319	1.378805	1.678517
6210	-1233.204	-1444.487	211.2835	0.597396	6.747867	0.8644845	2.889626
6216	-1233.477	-1445.265	211.7877	0.6724967	6.747867	0.8644845	2.534433
6222	-1245.677	-1457.789	212.112	0.9247757	3.629093	1.430608	2.392929
6228	-1247.767	-1459.776	212.0086	0.9793947	3.32582	1.657751	2.392929
6234	-1237.669	-1449.728	212.0593	0.9715296	4.578301	1.667353	2.085238
6240	-1240.697	-1451.876	211.1787	0.9819662	3.990998	1.889076	2.665188
6246	-1258.628	-1469.617	210.9894	0.694352	4.693234	1.889076	2.821419
6252	-1255.94	-1468.384	212.4446	0.9545782	6.492225	0.8953968	1.943678
6258	-1268.901	-1481.147	212.2456	1.087747	4.119651	1.580643	2.020211
6264	-1250.331	-1463.39	213.0592	1.441632	3.553702	1.946526	1.122729
6270	-1246.774	-1459.691	212.9168	1.237128	4.689735	0.8227119	1.800906
6276	-1253.752	-1466.962	213.2097	1.266923	4.260213	0.9714616	1.549699
6282	-1231.373	-1444.41	213.0371	1.182267	4.695147	1.098231	1.549699
6288	-1238.671	-1450.635	211.9643	0.9724707	4.695147	0.9756353	2.487215
6294	-1235.381	-1446.997	211.6163	1.043565	3.982193	1.738078	2.415796
6300	-1234.05	-1444.789	210.7394	0.6318753	4.536105	1.478292	3.202924
6306	-1245.108	-1455.004	209.8962	0.6766614	3.410768	1.478292	3.890784
6312	-1241.804	-1452.785	210.9805	0.6416707	3.410768	1.478292	3.280888
6318	-1246.695	-1457.563	210.8677	0.6898119	3.35937	1.478292	3.330638
6324	-1238.054	-1448.754	210.7001	0.8287528	3.813215	0.9699773	3.507474
6330	-1240.209	-1451.351	211.1418	0.9241428	3.291457	2.394635	2.706748
6336	-1246.321	-1458.534	212.2134	0.9681591	3.683564	1.229603	2.391436
6342	-1233.126	-1444.359	211.2331	0.9312201	3.683564	2.105509	2.650557
6348	-1239.888	-1452.201	212.3127	1.05993	3.683564	1.37692	2.1921
6354	-1242.096	-1452.175	210.0787	0.7896396	3.017483	2.438241	3.475407
6360	-1251.902	-1461.476	209.5739	0.8267474	2.867393	1.249192	4.219618
6366	-1248.06	-1458.402	210.3422	0.7954483	2.867393	1.633244	3.629893
6372	-1240.525	-1451.812	211.2871	0.8131069	3.528133	1.703672	2.874463
6378	-1229.682	-1440.57	210.8884	0.7364523	3.528133	1.308709	3.330872
6384	-1227.859	-1439.412	211.5532	0.817741	3.642969	1.481287	2.779114
6390	-1229.186	-1440.327	211.1418	0.7986987	2.975893	1.481287	3.195398
6396	-1234.658	-1444.983	210.3241	0.8883953	3.781337	1.934454	3.262795
6402	-1228.978	-1440.351	211.3723	1.009674	3.487527	1.847543	2.655136
6408	-1235.373	-1447.173	211.8005	1.180624	4.50926	2.02842	1.982303
6414	-1245.416	-1458.266	212.8497	1.247173	3.642773	0.960562	1.970327
6420	-1238.345	-1451.354	213.0093	1.211787	4.084339	1.118895	1.672945
6426	-1230.367	-1442.364	211.9974	1.049711	4.084339	1.448529	2.277203
6432	-1227.265	-1439.317	212.0515	1.023678	3.667486	1.448529	2.351208
6438	-1228.513	-1440.612	212.0985	1.126929	5.527591	1.448529	1.88265
6444	-1230.68	-1443.117	212.4372	1.116722	4.359806	1.448529	1.884894
6450	-1233.386	-1446.125	212.74	1.128663	3.676314	1.339056	1.884894
6456	-1230.207	-1442.83	212.623	1.17728	4.222399	1.482118	1.72732
6462	-1237.081	-1449.479	212.3981	1.027404	4.222399	1.482118	1.984018
6468	-1229.665	-1441.26	211.5949	0.9723184	4.222399	1.143646	2.706597
6474	-1232.033	-1443.761	211.7287	0.8953135	5.623517	0.8005429	2.642615
6480	-1245.288	-1456.328	211.0395	0.7029751	5.812271	1.310819	2.849302
6486	-1241.665	-1453.892	212.2274	1.112803	6.019357	0.9505004	2.017731
6492	-1220.163	-1431.69	211.5272	0.8469892	4.422069	1.702615	2.520391
6498	-1232.512	-1444.454	211.9418	0.8640972	6.226793	1.572944	1.988445
6504	-1244.323	-1456.193	211.8703	1.144501	6.274968	1.572944	1.839405
6510	-1238.432	-1449.61	211.1777	0.8807156	4.943949	1.700677	2.621214
6516	-1239.425	-1451.102	211.6769	0.9401623	4.77653	1.700677	2.30077
6522	-1230.275	-1441.542	211.2667	0.7744515	5.238732	1.188736	2.820609
6528	-1231.331	-1443.072	211.7412	0.7085705	3.893628	1.188736	2.820609
6534	-1242.972	-1454.15	211.1784	0.7165111	4.866285	1.300117	2.914701
6540	-1235.712	-1447.693	211.9819	1.032491	4.689884	1.13162	2.344609
6546	-1233.483	-1445.044	211.5608	1.020189	4.689884	2.089346	2.18687
6552	-1231.941	-1442.076	210.1347	0.6947714	5.510122	0.7932283	3.731235
6558	-1224.927	-1435.275	210.3478	0.7762356	4.722516	1.841824	3.169822
6564	-1236.232	-1447.404	211.1715	0.8639489	4.248198	1.848612	2.705596
6570	-1230.226	-1441.411	211.1848	0.7886462	4.248198	1.848612	2.743535
6576	-1239.673	-1451.216	211.5424	0.799138	4.384918	1.848612	2.489233
6582	-1236.365	-1448.425	212.0601	1.013528	4.022338	1.546207	2.227236
6588	-1239.984	-1452.361	212.3764	1.229989	4.022338	1.419198	1.938513
6594	-1247.771	-1458.606	210.8354	0.8695545	4.479666	1.673773	2.931294
6600	-1248.602	-1460.894	212.2916	0.9791505	3.463916	1.23071	2.38571
6606	-1253.449	-1464.824	211.3746	0.8033336	4.702715	1.973946	2.483587
6612	-1231.566	-1443.795	212.2298	0.9947778	4.053368	1.689044	2.057471
6618	-1251.586	-1463.443	211.8575	0.9202046	4.070755	1.942056	2.240475
6624	-1231.881	-1443.941	212.0597	1.13917	3.888669	1.454752	2.219061
6630	-1234.477	-1446.667	212.19	1.020837	3.873795	1.454752	2.214647
6636	-1244.089	-1455.716	211.6266	0.8055701	3.25046	1.339932	2.898623
6642	-1248.511	-1459.863	211.3515	0.9185943	3.466605	1.806722	2.744415
6648	-1244.74	-1456.17	211.4298	0.8451634	3.694265	1.603425	2.772828
6654	-1243.064	-1454.385	211.3204	0.8074832	3.844733	1.069104	3.090257
6660	-1232.41	-1444.043	211.6332	0.7435541	4.626384	1.55538	2.543208
6666	-1232.332	-1443.365	211.0325	0.7879243	5.273355	1.55538	2.773056
6672	-1242.321	-1454.02	211.6981	0.9126186	4.095006	1.255113	2.645633
6678	-1254.24	-1465.618	211.3778	0.8732917	4.54639	1.523159	2.650297
6684	-1261.082	-1473.332	212.2506	0.9591482	5.364466	1.523159	1.884806
6690	-1239.922	-1451.635	211.713	0.9374572	5.364466	1.523159	2.25386
6696	-1253.859	-1466.24	212.3811	1.099221	5.159056	1.523159	1.736018
6702	-1232.345	-1444.439	212.0945	0.8934096	4.143469	1.55538	2.252427
6708	-1235.645	-1448.14	212.4955	1.160936	4.143469	1.55538	1.808311
6714	-1246.615	-1458.397	211.7822	1.118231	4.517144	1.55538	2.232792
6720	-1239.388	-1452.076	212.6879	1.158192	4.430313	1.280529	1.759923
6726	-1244.602	-1457.25	212.6483	1.199436	4.1303	2.027681	1.454247
6732	-1238.636	-1450.702	212.0667	0.925466	3.97457	1.646402	2.24493
6738	-1237.243	-1450.054	212.8115	1.215563	4.847638	1.530543	1.393854
6744	-1243.064	-1456.364	213.2999	1.178817	4.536098	0.8436702	1.585994
6750	-1233.798	-1446.172	212.374	1.135289	5.217457	1.726331	1.603847
6756	-1241.062	-1454.04	212.9776	1.269189	6.558333	1.283386	0.9939507
6762	-1237.213	-1450.555	213.342	1.241275	4.977886	0.6786611	1.563117
6768	-1231.452	-1443.951	212.4992	1.1987	4.187385	1.734979	1.683168
6774	-1229.48	-1442.569	213.089	1.502214	4.472193	1.609011	0.9460072
6780	-1232.742	-1445.25	212.5085	1.018524	4.213294	0.7871338	2.339633
6786	-1237.274	-1449.567	212.2927	1.14954	6.504837	1.687571	1.43615
6792	-1245.606	-1458.682	213.076	1.180987	4.753297	1.571516	1.205224
6798	-1251.687	-1464.563	212.8757	1.134315	4.753297	1.065228	1.710824
6804	-1244.131	-1457.208	213.0768	1.389503	5.343287	1.149782	1.172425
6810	-1246.215	-1458.852	212.6374	1.101832	5.343287	1.435964	1.560925
6816	-1237.055	-1449.79	212.7351	1.136795	4.658926	1.502101	1.568421
6822	-1231.219	-1443.367	212.1478	1.235532	5.882454	1.431431	1.720522
6828	-1226.319	-1438.74	212.4209	1.000408	5.936967	0.8916258	2.018653
6834	-1236.544	-1448.258	211.7137	0.9524206	5.391279	0.8916258	2.589955
6840	-1240.132	-1451.882	211.7499	1.016462	5.391279	0.9871917	2.465056
6846	-1239.446	-1451.662	212.2162	0.935419	6.12749	0.9871917	2.100409
6852	-1233.67	-1445.284	211.6141	0.82331	6.12749	1.590566	2.237056
6858	-1239.528	-1451.401	211.8731	0.9223905	4.923397	1.590566	2.207298
6864	-1241.715	-1453.407	211.692	1.031264	4.973304	1.493377	2.289595
6870	-1239.816	-1451.646	211.8299	0.8984675	5.267693	1.493377	2.234311
6876	-1231.158	-1442.902	211.7441	1.000656	4.887908	1.493377	2.291326
6882	-1237.109	-1449.459	212.3493	0.9451245	4.529692	1.636428	1.933545
6888	-1226.495	-1438.605	212.1106	0.9886482	4.529692	1.216694	2.27297
6894	-1229.193	-1440.117	210.9233	0.8549885	5.386958	0.7870393	3.199817
6900	-1218.727	-1430.104	211.3773	0.6143392	5.386958	1.171581	2.835883
6906	-1227.809	-1439.324	211.5146	0.8887222	5.977076	0.7347821	2.773208
6912	-1234.875	-1446.731	211.8558	0.951501	4.243196	2.097015	2.126291
6918	-1246.301	-1458.027	211.7257	0.9291795	4.740345	2.097015	2.126291
6924	-1247.076	-1459.349	212.2725	0.9320242	4.740345	1.427672	2.052372
6930	-1248.735	-1461.147	212.4123	1.137167	2.414249	2.309105	2.040994
6936	-1241.482	-1454.46	212.9778	1.050238	2.672952	1.174719	2.143532
6942	-1243.618	-1455.915	212.2963	1.109741	6.007042	1.826198	1.483525
6948	-1233.357	-1444.93	211.5723	0.9471775	6.007042	1.826198	2.100707
6954	-1252.523	-1463.495	210.9721	0.7340845	5.884861	1.920938	2.599466
6960	-1241.89	-1453.191	211.301	0.8679181	4.524745	1.199716	2.861335
6966	-1226.132	-1437.415	211.2825	0.8864693	4.524745	1.199716	2.861335
6972	-1227.451	-1438.984	211.5323	0.8175801	4.524745	1.74475	2.498497
6978	-1226.632	-1438.336	211.7049	0.9339705	3.922831	1.857705	2.393626
6984	-1217.068	-1428.62	211.5513	0.7988288	3.922831	1.406932	2.76596
6990	-1244.106	-1455.762	211.6568	0.8466765	4.261794	0.9457837	2.854721
6996	-1240.04	-1451.775	211.7355	0.9085611	4.261794	1.430864	2.504043
7002	-1254.428	-1466.557	212.1297	0.9292206	4.177324	1.430864	2.258627
7008	-1247.944	-1459.937	211.993	0.875118	4.215673	1.680424	2.258627
7014	-1233.5	-1444.951	211.4507	0.742735	6.005867	0.9982466	2.717177
7020	-1234.864	-1446.016	211.1525	0.7882549	6.535082	0.9982466	2.796265
7026	-1222.533	-1433.502	210.9687	0.7708159	3.651346	1.64556	3.087483
7032	-1218.645	-1430.865	212.2197	0.9386875	3.651346	1.25507	2.399799
7038	-1218.995	-1431.134	212.1391	1.03248	3.407372	1.314489	2.417803
7044	-1223.581	-1434.808	211.2274	0.8570887	4.126586	2.142863	2.592968
7050	-1229.791	-1440.666	210.875	0.8267821	4.139311	1.828865	2.937329
7056	-1225.953	-1437.302	211.3495	0.760301	5.171801	1.42092	2.673533
7062	-1233.062	-1444.371	211.3087	0.9046669	6.474667	0.8355933	2.744364
7068	-1228.189	-1439.689	211.4999	0.7785137	6.474667	0.7295025	2.782376
7074	-1239.912	-1451.746	211.8338	0.982017	6.474667	0.7295025	2.450125
7080	-1251.468	-1464.432	212.9638	1.013368	4.992423	1.030961	1.708983
7086	-1252.153	-1465.366	213.2131	1.242696	4.876933	1.030961	1.378639
7092	-1252.212	-1464.962	212.7492	1.143831	3.645745	1.650901	1.716341
7098	-1241.747	-1454.667	212.9202	1.143831	4.207331	1.180682	1.716341
7104	-1246.607	-1458.977	212.3697	0.9571468	4.408679	1.345371	2.08006
7110	-1233.265	-1445.673	212.4078	1.038286	4.599655	0.9693519	2.185288
7116	-1245.624	-1457.828	212.2043	0.8734518	4.180914	1.121852	2.409883
7122	-1246.834	-1457.43	210.5955	0.5888331	3.939711	1.418961	3.452137
7128	-1248.45	-1458.731	210.2808	0.5725292	3.373737	1.418961	3.763411
7134	-1245.296	-1455.565	210.2692	0.4822635	3.432462	1.321996	3.853051
7140	-1225.036	-1436.857	211.821	0.9287344	2.940634	1.174679	2.868355
7146	-1232.037	-1443.249	211.2124	0.9250555	3.074133	1.677244	2.970494
7152	-1250.756	-1461.648	210.8926	0.6920687	3.539522	1.851482	3.124179
7158	-1241.253	-1452.741	211.4884	0.6875573	4.213576	1.63872	2.710366
7164	-1242.702	-1453.691	210.9894	0.798222	4.213576	1.302867	3.096729
7170	-1228.915	-1439.811	210.8958	0.6593012	4.583293	1.302867	3.166543
7176	-1237.628	-1448.336	210.708	0.6744603	5.284621	1.270755	3.166543
7182	-1238.042	-1449.772	211.7299	0.8518236	5.759033	0.746662	2.68776
7188	-1224.114	-1435.722	211.6085	0.7245274	3.872045	1.277427	2.850036
7194	-1234.948	-1445.843	210.8954	0.6702237	3.872045	1.595882	3.16494
7200	-1243.383	-1454.634	211.2516	0.718004	4.672319	1.194287	2.957803
7206	-1235.973	-1446.421	210.448	0.6551375	4.402549	1.194287	3.518837
7212	-1247.458	-1457.662	210.2039	0.599615	3.835744	1.066058	3.867668
7218	-1243.093	-1454.176	211.0832	0.545026	5.085417	1.749051	2.840838
7224	-1230.436	-1441.24	210.8036	0.6621523	3.634798	1.444073	3.338869
7230	-1231.752	-1442.919	211.1668	0.6817404	4.704746	1.302901	2.96957
7236	-1233.3	-1444.384	211.0846	0.6493249	5.130867	1.294931	2.96957
7242	-1235.852	-1448.068	212.2153	0.7915851	5.228765	1.294931	2.160735
7248	-1231.769	-1442.769	211.0001	0.6560839	4.709861	1.422328	3.027427
7254	-1226.772	-1438.431	211.6598	0.7761156	3.848635	1.218616	2.822708
7260	-1236.656	-1448.127	211.471	0.87133	3.848635	1.108807	2.938589
7266	-1237.853	-1450.065	212.2128	1.09971	3.848635	1.22805	2.271779
7272	-1240.117	-1453.113	212.9968	1.180306	4.334567	1.250476	1.56241
7278	-1248.707	-1461.899	213.1914	1.212187	4.523675	1.557344	1.146022
7284	-1231.918	-1444.09	212.1716	1.066933	4.035676	2.095058	1.884956
7290	-1227.605	-1439.635	212.0299	1.003962	4.235261	1.62042	2.173966
7296	-1243.324	-1454.681	211.3572	0.9315602	3.608676	2.488846	2.46467
7302	-1245.742	-1457.067	211.3252	0.7901228	3.712168	1.227645	3.040309
7308	-1240.726	-1452.599	211.8731	0.9301301	3.865515	1.672401	2.378033
7314	-1249.102	-1461.362	212.2598	0.931694	4.216356	1.361868	2.199594
7320	-1243.022	-1454.981	211.9594	1.053413	3.958031	0.8321143	2.680724
7326	-1247.216	-1458.752	211.5361	1.137906	4.229993	0.8968475	2.788915
7332	-1236.494	-1448.508	212.0139	0.8977055	6.723682	0.9417353	2.198603
7338	-1232.824	-1444.723	211.8991	0.8499124	6.723682	0.9147514	2.321288
7344	-1247.341	-1458.72	211.3794	0.728377	4.404628	2.138605	2.524768
7350	-1227.745	-1439.963	212.2174	0.8309461	7.463347	1.08542	1.911263
7356	-1216.926	-1428.954	212.0281	0.9456071	5.680342	1.641791	1.932756
7362	-1231.219	-1442.378	211.1593	1.023778	4.966976	1.684776	2.546516
7368	-1230.585	-1442.2	211.6153	0.7588061	5.843624	1.140452	2.546516
7374	-1217.462	-1428.93	211.4675	0.7852042	4.985823	1.291587	2.680449
7380	-1230.435	-1442.44	212.0053	0.7790649	4.643702	1.291587	2.41121
7386	-1222.764	-1434.463	211.6991	0.8901449	4.643702	1.58278	2.394555
7392	-1234.526	-1445.877	211.3508	0.7817675	4.645681	1.453628	2.736336
7398	-1242.43	-1453.297	210.8674	0.8258248	4.637809	1.453628	3.003779
7404	-1239.836	-1451.505	211.6682	0.9132499	4.925346	1.299917	2.482928
7410	-1232.609	-1444.642	212.0324	1.032945	3.995462	1.299917	2.359
7416	-1244.911	-1457.25	212.3388	1.063759	3.995462	1.790968	1.90684
7422	-1237.705	-1450.566	212.8616	1.082503	3.995462	1.452676	1.6941
7428	-1237.954	-1451.007	213.0534	1.377028	4.610163	1.317824	1.256606
7434	-1241.245	-1454.194	212.9492	1.281512	5.590682	1.232039	1.256606
7440	-1246.458	-1459.127	212.6693	1.281512	5.530862	1.616921	1.256606
7446	-1238.256	-1450.692	212.4367	1.145232	5.263653	1.616921	1.595617
7452	-1239.601	-1452.233	212.6318	1.145232	4.709689	1.561098	1.595617
7458	-1235.647	-1448.382	212.7345	1.082803	3.964564	1.615144	1.708222
7464	-1252.513	-1464.691	212.1778	0.8279012	3.743358	1.615144	2.301429
7470	-1240.27	-1451.935	211.6647	0.9876057	5.010849	1.615144	2.272582
7476	-1236.906	-1448.979	212.0727	0.97728	3.528628	1.615144	2.32299
7482	-1240.894	-1452.803	211.9095	0.8735575	3.592444	1.615144	2.476711
7488	-1241.876	-1453.107	211.2308	0.7586459	4.291489	2.614005	2.468488
7494	-1230.494	-1442.246	211.7517	0.6855502	5.46077	1.32645	2.468488
7500	-1239.817	-1451.454	211.6372	0.8942251	4.63583	1.571062	2.43774
7506	-1237.98	-1449.457	211.4773	0.7014182	5.362517	1.554812	2.53795
7512	-1235.447	-1446.821	211.3743	0.7833267	5.112609	1.326481	2.699715
7518	-1226.648	-1437.615	210.9671	0.8600573	4.228416	2.04479	2.764911
7524	-1234.532	-1444.208	209.6759	0.6195765	3.535282	1.758482	3.911526
7530	-1231.27	-1441.857	210.5873	0.7544633	4.205136	1.320472	3.353727
7536	-1244.788	-1456.07	211.2819	0.7003723	4.237778	1.576387	2.85018
7542	-1234.273	-1445.528	211.2551	0.6806401	4.248887	1.638095	2.85018
7548	-1229.277	-1440.107	210.83	0.731757	4.510719	1.42266	3.119286
7554	-1234.479	-1445.679	211.1998	0.9580257	4.053227	1.405276	2.85693
7560	-1239.295	-1450.455	211.1601	0.8415732	3.611638	1.984809	2.80873
7566	-1242.935	-1454.15	211.2148	0.9481951	3.391909	1.353144	3.020885
7572	-1229.985	-1440.898	210.913	0.7133295	4.680568	1.453175	3.036432
7578	-1234.167	-1444.686	210.519	0.6584517	4.643377	1.862742	3.144278
7584	-1249.379	-1460.086	210.7073	0.5550667	4.643377	1.729754	3.144278
7590	-1245.703	-1456.138	210.4357	0.6656131	3.606338	1.729754	3.440725
7596	-1238.112	-1449.08	210.9684	0.7112007	3.606338	1.244957	3.312859
7602	-1240.995	-1453.08	212.0842	0.9494125	3.934926	1.172212	2.460595
7608	-1240.226	-1452.758	212.5316	0.9935896	3.934926	1.172212	2.146574
7614	-1243.48	-1454.705	211.2255	0.609493	5.644364	1.247466	2.850575
7620	-1239.697	-1451.966	212.2693	1.013724	4.607736	1.242673	2.124408
7626	-1236.81	-1448.956	212.1458	1.081437	4.607736	1.520421	2.017623
7632	-1230.37	-1442.345	211.9751	1.076147	4.607736	1.390895	2.19685
7638	-1239.955	-1451.667	211.7116	0.9575961	4.607736	1.390895	2.440472
7644	-1241.508	-1452.882	211.3736	1.053147	4.819339	1.251057	2.6233
7650	-1250.457	-1461.38	210.9237	0.7916711	4.197727	0.9303536	3.346652
7656	-1257.258	-1467.477	210.2196	0.8571548	4.759611	0.8400374	3.676056
7662	-1253.823	-1466.739	212.9161	1.167324	4.402769	0.8267454	1.90561
7668	-1248.477	-1460.76	212.2829	1.060116	5.098023	0.8267454	2.259028
7674	-1248.451	-1460.299	211.8483	0.7585881	5.194222	1.124387	2.51533
7680	-1248.839	-1460.027	211.1875	0.6335107	5.471991	1.2863	2.866251
7686	-1247.808	-1459.066	211.2584	0.8466872	5.471991	0.9758349	2.866251
7692	-1255.373	-1467.262	211.8895	1.030419	6.551423	1.348568	1.975063
7698	-1249.861	-1461.156	211.2953	0.9447506	5.893246	1.348568	2.512436
7704	-1231.552	-1443.4	211.8475	0.9661467	4.310646	0.8923983	2.690703
7710	-1234.169	-1444.958	210.7894	0.7787645	4.950459	1.969381	2.817054
7716	-1242.918	-1454.374	211.4557	1.085941	3.886045	1.422415	2.648938
7722	-1245.33	-1455.338	210.0075	0.6171549	3.802817	0.9669562	4.032686
7728	-1229.215	-1439.836	210.6207	0.6465763	5.103512	1.354014	3.223815
7734	-1236.81	-1448.854	212.0431	0.974121	5.085666	1.3783	2.135911
7740	-1237.954	-1450.263	212.3093	1.028736	4.029165	1.3783	2.135911
7746	-1241.741	-1454.726	212.9854	1.356789	3.789104	0.8265295	1.867744
7752	-1248.027	-1461.204	213.1775	1.262704	4.299153	0.8265295	1.68085
7758	-1253.067	-1465.494	212.4269	1.252655	4.314177	1.436118	1.815104
7764	-1240.318	-1452.461	212.1424	1.075527	4.103014	1.436118	2.169096
7770	-1239.076	-1451.578	212.5012	1.304237	4.103014	1.436118	1.775092
7776	-1245.303	-1458.183	212.8804	1.162901	3.70619	1.216463	1.827735
7782	-1232.836	-1445.122	212.2852	1.113298	4.99946	1.713971	1.731686
7788	-1241.38	-1452.226	210.8469	0.7033795	4.820599	1.485691	3.042964
7794	-1250.66	-1462.825	212.165	1.228004	4.906465	1.28684	1.969398
7800	-1247.175	-1459.288	212.1127	1.159219	4.906465	1.910058	1.751698
7806	-1238.722	-1451.018	212.2959	1.333532	4.924758	1.641346	1.616899
7812	-1244.756	-1453.806	209.0503	0.8914314	4.065501	2.70929	3.710562
7818	-1232.399	-1441.033	208.6338	0.6519512	3.044541	2.70929	4.302642
7824	-1228.495	-1437.782	209.2869	0.6066273	3.044541	1.622286	4.302642
7830	-1243.603	-1455.902	212.2991	1.131712	3.778561	1.922815	1.882689
7836	-1237.945	-1449.839	211.8946	1.030909	3.778561	1.922815	2.217101
7842	-1238.087	-1449.751	211.6641	1.045043	3.778561	1.874396	2.374304
7848	-1228.17	-1439.692	211.5218	1.008107	5.37919	1.631725	2.279476
7854	-1241.393	-1452.223	210.8308	0.7687089	5.056266	1.0262	3.205773
7860	-1233.902	-1445.156	211.2537	0.838826	3.834631	1.799649	2.774022
7866	-1241.507	-1451.968	210.4602	0.7072889	4.211555	1.799649	3.253004
7872	-1237.036	-1447.665	210.6289	0.6262135	4.250053	1.698482	3.232907
7878	-1235.429	-1447.031	211.6022	0.7233635	4.611428	1.698482	2.516416
7884	-1240.17	-1451.282	211.1122	0.7558616	4.683199	2.011858	2.665635
7890	-1237.185	-1450.136	212.9512	1.160706	5.060908	0.9522926	1.655847
7896	-1248.653	-1461.159	212.5056	1.052658	5.681186	0.6953776	2.124258
7902	-1238.721	-1451.4	212.6797	1.15792	5.681186	0.7059367	1.929697
7908	-1237.731	-1450.563	212.8324	1.149752	5.016226	0.939511	1.765747
7914	-1233.644	-1445.478	211.8347	1.004207	5.016226	0.939511	2.514068
7920	-1230.287	-1441.481	211.194	0.9357516	3.526949	1.34013	3.01635
7926	-1231.73	-1442.366	210.6355	0.6982323	4.868604	1.34013	3.23013
7932	-1235.395	-1446.622	211.2271	0.7469839	4.963723	1.145605	2.93035
7938	-1232.293	-1442.162	209.8689	0.6196717	4.663957	1.145605	3.853393
7944	-1227.433	-1437.459	210.0261	0.6573455	4.872879	1.145605	3.706034
7950	-1231.55	-1441.89	210.3399	0.6445574	3.910706	1.145605	3.706034
7956	-1239.64	-1450.333	210.6931	0.568156	3.910706	1.145605	3.545497
7962	-1236	-1447.015	211.015	0.632237	4.398133	1.203253	3.195356
7968	-1247.669	-1458.956	211.2873	0.7566179	3.788014	0.9944404	3.195356
7974	-1246.844	-1458.547	211.7031	1.164366	4.413683	1.618877	2.245798
7980	-1236.818	-1447.722	210.9036	0.755031	4.535898	1.297977	3.115832
7986	-1250.005	-1460.945	210.9399	0.6452717	4.535898	1.29572	3.160653
7992	-1250.869	-1462.665	211.7952	1.083781	3.271068	1.555929	2.519414
7998	-1237.699	-1449.747	212.0478	0.9774554	3.276458	1.555929	2.426422
8004	-1251.475	-1462.982	211.5068	0.836544	3.591954	1.606222	2.752546
8010	-1253.177	-1464.833	211.6558	0.9452889	3.681086	1.606222	2.573889
8016	-1247.885	-1459.873	211.9884	0.9452889	3.98847	1.074727	2.567419
8022	-1241.604	-1453.435	211.8301	0.8737883	3.037881	1.556226	2.686528
8028	-1244.988	-1456.537	211.5494	0.7159424	2.97553	1.293899	3.089262
8034	-1226.964	-1439.157	212.1932	1.168449	3.78463	1.606456	2.064928
8040	-1235.842	-1447.918	212.0755	1.089314	3.78463	2.036597	2.014908
8046	-1232.03	-1443.512	211.4813	0.8892814	3.78463	1.723347	2.644611
8052	-1248.136	-1459.746	211.6104	0.8945106	4.32241	1.723347	2.449475
8058	-1237.273	-1449.644	212.3711	1.08412	4.32241	1.367492	2.001325
8064	-1238.318	-1450.269	211.9504	1.053314	4.32241	1.567391	2.199627
8070	-1243.314	-1455.747	212.4327	1.095265	4.32241	1.567391	1.851283
8076	-1237.416	-1449.176	211.7596	0.9683708	4.149429	1.15077	2.618281
8082	-1238.348	-1449.234	210.8857	0.8164339	5.337055	1.25308	2.976119
8088	-1228.263	-1440.031	211.7679	0.8269951	5.337055	1.036808	2.550392
8094	-1226.292	-1437.193	210.9014	0.8266977	5.739544	1.16918	2.941739
8100	-1223.633	-1434.729	211.0966	0.8411207	5.521801	1.014337	2.936239
8106	-1239.844	-1452.116	212.2727	0.7850447	5.521801	1.014337	2.241123
8112	-1247.95	-1460.567	212.6167	1.0697	4.513251	1.210217	1.893313
8118	-1244.873	-1457.047	212.1738	0.9850716	5.671285	1.539008	1.857564
8124	-1237.858	-1449.986	212.1284	0.991852	5.671285	1.245386	2.037527
8130	-1234.6	-1446.629	212.0286	1.287417	4.520074	1.245386	2.118647
8136	-1241.609	-1453.018	211.4085	1.002557	4.97674	1.921219	2.306273
8142	-1238.818	-1449.968	211.1495	0.9324605	3.165516	2.255731	2.77205
8148	-1236.017	-1448.036	212.0195	0.9671574	4.09151	1.777313	2.167126
8154	-1247.329	-1458.295	210.9656	0.9840958	3.671772	2.384031	2.69339
8160	-1241.828	-1453.341	211.5125	0.9870679	3.817264	1.645119	2.590275
8166	-1242.068	-1453.911	211.8423	1.123794	3.817264	2.41975	2.001964
8172	-1242.895	-1454.793	211.8979	1.307887	3.272912	2.501758	1.949675
8178	-1227.988	-1440.227	212.2385	1.166101	3.272912	1.617308	2.156975
8184	-1248.459	-1460.255	211.7961	0.7866307	4.013404	1.602629	2.514989
8190	-1239.691	-1451.041	211.3492	0.7120134	5.491319	1.602629	2.56903
8196	-1243.544	-1454.359	210.8153	0.7758266	4.750255	1.04636	3.250744
8202	-1237.244	-1448.225	210.981	0.7086347	6.222053	1.04636	2.963059
8208	-1243.353	-1454.462	211.1093	0.7045978	6.222053	1.04636	2.888092
8214	-1230.003	-1441.237	211.2341	0.9174145	4.971482	1.04636	2.877821
8220	-1242.593	-1454.6	212.0075	0.8971857	5.585426	1.04636	2.308694
8226	-1241.467	-1453.387	211.9197	0.8748754	7.157761	1.04636	2.145986
8232	-1241.447	-1453.927	212.48	0.9236612	6.048305	0.9268923	1.987275
8238	-1237.16	-1449.513	212.3536	1.084029	4.423263	1.219149	2.073002
8244	-1233.408	-1445.461	212.0523	0.919963	5.484823	1.104883	2.246478
8250	-1230.048	-1442.153	212.1045	0.9124571	3.911438	1.013384	2.568824
8256	-1221.959	-1432.464	210.5048	0.7617632	5.200137	1.013384	3.386147
8262	-1227.274	-1438.809	211.5347	0.6939712	5.875913	1.013384	2.705749
8268	-1229.009	-1440.629	211.6208	0.7831579	5.875913	0.9629008	2.629199
8274	-1238.539	-1450.732	212.1932	0.8853871	5.875913	1.025035	2.163156
8280	-1241.316	-1453.617	212.3009	0.9663236	5.445771	1.025035	2.111096
8286	-1238.209	-1450.346	212.1368	1.046301	6.387851	1.099683	1.967005
8292	-1237.181	-1449.266	212.0851	0.7798315	5.443521	1.099683	2.325173
8298	-1224.584	-1436.265	211.6815	0.8895414	6.033408	1.198976	2.361205
8304	-1229.853	-1440.712	210.859	0.7982029	6.007165	1.397738	2.830236
8310	-1223.237	-1435.203	211.9658	0.9053521	5.036322	1.397738	2.229686
8316	-1238.645	-1450.933	212.2883	0.9120103	5.036322	1.019894	2.229686
8322	-1235.768	-1447.94	212.1724	1.064793	4.476097	1.223255	2.190973
8328	-1233.032	-1445.385	212.3527	0.9810736	4.966663	1.065122	2.127298
8334	-1233.349	-1444.411	211.062	0.7961153	4.291533	2.012895	2.74501
8340	-1241.894	-1454.791	212.8971	1.200696	3.590797	1.332616	1.75188
8346	-1233.234	-1445.334	212.1001	0.9745714	5.074359	1.332616	2.124108
8352	-1230.64	-1440.495	209.8553	0.4524309	4.499304	1.407185	3.860585
8358	-1235.707	-1445.447	209.7399	0.3456509	5.826887	0.7487613	4.142373
8364	-1235.009	-1444.423	209.4147	0.3897014	5.826887	0.788172	4.274735
8370	-1233.311	-1444.885	211.5739	0.6199542	5.776781	0.734467	2.93027
8376	-1226.055	-1437.504	211.4492	0.8907317	4.702608	1.220029	2.713975
8382	-1256.054	-1468.313	212.2585	1.235815	3.708262	1.845663	1.888771
8388	-1256.371	-1469.102	212.7315	1.271352	5.471047	1.061865	1.575985
8394	-1243.229	-1454.515	211.2858	1.076777	4.112661	1.531648	2.662195
8400	-1249.333	-1462.363	213.0292	1.322626	4.769107	0.9513993	1.542358
8406	-1257.682	-1469.27	211.5885	1.167228	4.769107	1.818683	2.163423
8412	-1247.982	-1460.299	212.3164	1.045131	7.559804	0.772296	1.911541
8418	-1238.066	-1449.308	211.2421	0.8785924	5.640834	1.256998	2.671763
8424	-1236.52	-1448.277	211.7568	0.8765578	5.640834	1.256998	2.351645
8430	-1241.528	-1453.604	212.0764	0.8927466	5.782331	1.362029	2.055971
8436	-1234.139	-1446.081	211.9426	1.032847	6.994011	1.154225	1.9831
8442	-1249.872	-1461.601	211.7293	0.7369145	4.567642	1.403576	2.568646
8448	-1238.004	-1449.155	211.1507	0.6652367	4.892128	1.403576	2.908212
8454	-1249.332	-1460.348	211.0162	0.7111038	3.730572	1.274804	3.243445
8460	-1238.455	-1450.787	212.3323	1.213018	4.957844	1.145091	1.93948
8466	-1249.382	-1461.75	212.3687	1.226473	4.610837	1.22689	1.925408
8472	-1241.31	-1454.196	212.8861	1.235277	4.610837	1.239979	1.547465
8478	-1244.664	-1457.583	212.9189	1.043722	4.610837	1.239979	1.662742
8484	-1238.065	-1450.363	212.2987	1.14064	3.353945	1.21716	2.312787
8490	-1256.001	-1468.17	212.1687	1.018211	4.350163	1.357168	2.177355
8496	-1236.901	-1449.258	212.3568	1.056954	4.626881	1.322914	1.990331
8502	-1238.172	-1450.415	212.2428	1.031314	5.741188	1.117374	1.998676
8508	-1236.245	-1448.351	212.1062	0.8471815	4.476365	1.411186	2.275415
8514	-1241.657	-1453.471	211.8139	0.9114943	4.058028	1.05629	2.692465
8520	-1239.008	-1450.327	211.3194	0.7668075	4.058028	1.100251	3.054337
8526	-1249.481	-1460.401	210.9203	0.7062884	5.646582	1.100251	3.054337
8532	-1234.491	-1446.147	211.656	0.8015985	5.95449	1.100251	2.500589
8538	-1231.395	-1443.606	212.2114	0.8965006	5.494705	1.100251	2.159906
8544	-1232.336	-1443.497	211.1612	0.9933487	5.494705	0.8623632	2.905894
8550	-1247.166	-1459.324	212.1578	1.249747	6.552436	1.765124	1.415297
8556	-1248.271	-1460.633	212.3616	1.249369	5.733699	1.009298	1.841992
8562	-1239.931	-1452.221	212.2906	1.004509	4.376036	1.309713	2.126419
8568	-1241.508	-1453.655	212.1471	1.002036	4.566684	1.056982	2.326692
8574	-1242.675	-1454.687	212.0119	1.183338	4.860252	1.059944	2.239983
8580	-1234.477	-1446.872	212.3956	1.057986	5.844661	1.059944	1.896862
8586	-1245.105	-1457.757	212.6518	1.057986	5.502719	1.059944	1.78031
8592	-1256.152	-1469.313	213.16	1.205647	5.566447	0.6284022	1.656089
8598	-1254.447	-1467.865	213.4175	1.308026	5.399676	0.4304353	1.656089
8604	-1247.802	-1460.924	213.1219	1.212515	4.227187	1.282559	1.450145
8610	-1249.651	-1462.16	212.5091	1.121148	5.5755	1.092008	1.801385
8616	-1245.829	-1458.454	212.6248	1.071464	5.5755	1.033833	1.79415
8622	-1247.12	-1459.541	212.4211	1.116461	4.598996	0.8059704	2.241879
8628	-1235.683	-1448.279	212.596	0.9744146	4.598996	0.7782961	2.241879
8634	-1250.832	-1463.277	212.4451	0.9503981	4.168799	1.118732	2.211502
8640	-1249.605	-1461.83	212.2252	0.9569091	4.598996	1.273115	2.175151
8646	-1231.257	-1443.251	211.9931	0.6903854	6.281758	1.090652	2.31461
8652	-1264.725	-1476.73	212.0051	1.159945	4.727323	1.23672	2.181383
8658	-1251.344	-1463.418	212.0738	0.970459	5.535041	0.9029453	2.321241
8664	-1225.004	-1436.108	211.1041	0.7151177	4.424275	1.413267	2.985565
8670	-1242.6	-1454.424	211.8238	0.8167902	3.086105	2.032255	2.52433
8676	-1237.541	-1448.207	210.6668	0.710727	3.562214	1.632893	3.32637
8682	-1273.493	-1485.995	212.5022	1.260523	3.093592	1.878952	1.852901
8688	-1275.015	-1488.04	213.0248	1.321428	3.269556	1.465183	1.588676
8694	-1277.444	-1490.095	212.6509	1.45079	3.691304	1.561722	1.599622
8700	-1259.76	-1471.746	211.9862	1.052382	3.677098	1.886892	2.181508
8706	-1268.925	-1480.827	211.9025	1.023584	4.437075	0.912722	2.583341
8712	-1246.254	-1457.597	211.3431	0.6015865	7.445445	0.9661693	2.695299
8718	-1237.146	-1448.767	211.6212	0.888054	6.332947	0.9661693	2.494149
8724	-1239.287	-1451.105	211.8173	0.8232747	5.239709	1.11122	2.494149
8730	-1227.849	-1439.411	211.5626	0.9199292	3.984977	1.224251	2.76291
8736	-1228.94	-1440.33	211.3902	0.6902381	5.330576	1.224251	2.76291
8742	-1249.564	-1460.884	211.3202	0.9418384	4.347418	1.26554	2.803972
8748	-1244.999	-1455.965	210.9654	0.9563993	3.948598	1.839418	2.838736
8754	-1243.739	-1454.409	210.6697	0.7835476	3.948598	1.839418	3.120305
8760	-1227.532	-1439.959	212.4272	0.8831618	5.383948	1.357955	1.89805
8766	-1237.81	-1449.296	211.4856	0.7924713	6.502826	1.357955	2.393883
8772	-1240.83	-1452.347	211.5168	0.6427579	6.877543	1.357955	2.416492
8778	-1224.07	-1436.1	212.03	0.874313	6.945343	1.192493	2.01481
8784	-1240.402	-1451.792	211.3898	0.6394986	6.896951	0.8067418	2.820081
8790	-1234.082	-1445.194	211.1123	0.6794782	6.896951	1.078302	2.791145
8796	-1222.984	-1434.6	211.6161	0.7325707	6.896951	1.078302	2.446871
8802	-1226.591	-1438.394	211.803	0.6240613	6.752255	1.078302	2.417338
8808	-1235.144	-1447.116	211.972	0.9654322	6.752255	1.305704	1.956628
8814	-1243.638	-1455.677	212.0396	0.9890782	5.250849	1.24229	2.171318
8820	-1242.108	-1454.225	212.1176	1.135824	5.250849	1.504275	1.885076
8826	-1235.888	-1447.599	211.7114	1.10086	5.057538	1.151688	2.394397
8832	-1230.282	-1441.851	211.5692	1.010533	4.655236	1.59182	2.394397
8838	-1232.97	-1444.749	211.7789	1.019156	4.655236	1.59182	2.255302
8844	-1236.201	-1447.209	211.0078	0.8943944	4.655236	0.8367852	3.213325
8850	-1229.738	-1440.668	210.9305	0.7766848	4.655236	1.029099	3.208583
8856	-1226.807	-1438.03	211.2231	0.877536	5.825865	0.8117223	2.92275
8862	-1235.516	-1448.407	212.8907	1.29564	5.945183	1.082522	1.329947
8868	-1233.201	-1446.1	212.8992	1.230989	6.25217	1.082522	1.316341
8874	-1242.977	-1455.234	212.2575	1.15526	3.543694	1.598478	2.092333
8880	-1239.235	-1451.538	212.3037	1.026425	5.756118	1.082522	1.980455
8886	-1220.223	-1431.985	211.7624	0.7403391	4.740847	1.082522	2.683065
8892	-1220.218	-1431.273	211.0555	0.6986544	4.740847	1.067133	3.143895
8898	-1217.412	-1428.946	211.5345	0.7504397	4.740847	1.067133	2.825016
8904	-1230.867	-1442.942	212.0753	0.7304791	4.984936	1.067133	2.460552
8910	-1254.961	-1466.485	211.5242	0.8189069	5.034858	1.375255	2.574633
8916	-1250.627	-1462.403	211.7751	0.8975536	5.034858	0.9546945	2.604301
8922	-1251.112	-1462.578	211.4658	0.9295312	5.160138	0.9546945	2.753548
8928	-1246.793	-1458.149	211.3553	1.010175	4.276976	0.9546945	2.929572
8934	-1241.535	-1454.32	212.7854	1.264976	3.764615	0.9155568	2.003803
8940	-1237.567	-1449.295	211.727	1.163193	4.672128	0.9417772	2.542323
8946	-1235.127	-1447.451	212.3236	1.219844	3.991294	0.8053841	2.362016
8952	-1251.05	-1462.786	211.7361	0.6487178	4.637398	1.422914	2.596922
8958	-1236.084	-1447.229	211.145	0.8014313	4.401616	1.607419	2.827248
8964	-1249.15	-1460.629	211.4789	0.9051305	4.401616	1.474483	2.617813
8970	-1247.253	-1458.5	211.2472	0.7181976	4.401616	1.474483	2.873775
8976	-1241.076	-1453.348	212.2714	0.8978273	5.519197	1.474483	1.909101
8982	-1238.57	-1451.717	213.1464	1.223495	3.816901	1.46481	1.418512
8988	-1231.315	-1444.756	213.4406	1.471169	3.955716	1.300327	1.026114
8994	-1237.227	-1450.376	213.1487	1.471169	4.468606	1.173402	1.236487
9000	-1237.061	-1450.506	213.445	1.551479	4.023729	1.273066	0.9394005
9006	-1241.956	-1455.085	213.1288	1.612673	3.575562	1.74726	1.005409
9012	-1240.588	-1452.844	212.2561	1.024853	5.156422	1.447158	1.912602
9018	-1242.426	-1454.171	211.7449	0.8996603	4.768877	1.447158	2.398742
9024	-1241.25	-1452.462	211.2121	0.9675065	4.56694	1.771472	2.585714
9030	-1235.94	-1446.742	210.8018	0.8539095	4.325918	1.294878	3.15779
9036	-1233.694	-1444.368	210.6738	0.6990659	5.300838	1.294878	3.15779
9042	-1229.347	-1439.813	210.4658	0.7437897	4.237381	1.294878	3.437368
9048	-1236.377	-1447.854	211.4766	0.7916737	4.643572	0.798023	3.024183
9054	-1235.191	-1446.319	211.1276	0.869841	4.896028	1.222522	2.886951
9060	-1233.692	-1444.32	210.6282	0.8626463	5.623602	0.7155246	3.385246
9066	-1243.323	-1453.934	210.6107	0.880103	5.623602	0.7155246	3.385246
9072	-1249.26	-1459.243	209.9835	0.7275937	5.623602	0.7155246	3.837883
9078	-1234.319	-1445.303	210.984	0.8806069	5.291897	0.9664598	3.045383
9084	-1230.572	-1441.847	211.2751	0.7526635	5.486764	0.9349228	2.936214
9090	-1238.071	-1450.581	212.5108	1.057996	5.080594	1.757177	1.573027
9096	-1230.436	-1442.665	212.2298	1.094067	5.080594	1.757177	1.748313
9102	-1245.03	-1457.511	212.481	0.9751658	5.080594	1.757177	1.654605
9108	-1241.377	-1453.872	212.4945	1.173237	4.361903	1.757177	1.654605
9114	-1238.303	-1449.684	211.3804	0.9186145	4.845246	1.242775	2.701651
9120	-1233.382	-1445.73	212.3477	1.079123	5.106638	1.737039	1.679805
9126	-1232.194	-1444.461	212.2664	1.024932	5.318678	1.737039	1.734994
9132	-1230.744	-1442.518	211.7747	1.043031	4.968985	1.737039	2.119902
9138	-1222.478	-1434.47	211.992	0.8257642	4.968985	1.737039	2.119902
9144	-1232.286	-1444.59	212.3042	0.9329605	3.816935	1.196414	2.3444
9150	-1230.588	-1442.295	211.7071	0.9705561	3.816935	1.625239	2.487981
9156	-1239.871	-1452.202	212.3303	0.7194707	3.816935	1.625239	2.252112
9162	-1227.649	-1438.907	211.2581	0.8978339	4.546274	1.625239	2.664484
9168	-1232.967	-1444.964	211.9972	1.03331	4.546274	1.29726	2.270363
9174	-1246.45	-1458.597	212.1471	1.304422	3.960086	1.539515	1.996549
9180	-1236.648	-1449.047	212.3985	1.07921	3.72957	1.228835	2.191853
9186	-1240.497	-1452.368	211.8708	0.9933454	4.986188	1.035897	2.442561
9192	-1234.768	-1447.069	212.3005	0.9520445	4.436181	1.669336	1.96598
9198	-1229.232	-1442.146	212.9143	1.06112	4.939946	1.113115	1.665316
9204	-1242.567	-1454.491	211.9244	1.105129	4.7236	0.7530417	2.579352
9210	-1234.885	-1447.165	212.2804	0.9871797	3.732376	1.209021	2.337061
9216	-1225.591	-1437.619	212.028	0.9697531	3.770412	1.533822	2.337061
9222	-1239.584	-1451.108	211.5243	0.7658434	3.770412	1.932565	2.615989
9228	-1237.673	-1448.899	211.2261	0.7091392	4.271067	1.708582	2.817295
9234	-1239.549	-1451.235	211.6863	1.016063	3.840072	1.995687	2.31852
9240	-1238.3	-1450.221	211.9213	0.9003552	3.840072	1.800663	2.31852
9246	-1247.968	-1460.35	212.3818	0.9424144	3.840072	1.587712	2.085467
9252	-1246.65	-1457.777	211.1277	0.9517095	3.703767	1.7449	2.831655
9258	-1240.448	-1452.172	211.7235	0.8694646	2.933201	2.424937	2.462165
9264	-1241.009	-1452.169	211.1598	0.8701	4.348761	1.531076	2.819524
9270	-1251.759	-1463.372	211.6135	1.048372	4.275552	1.354526	2.527234
9276	-1250.274	-1462.76	212.4859	1.052114	5.194576	0.7471103	2.177578
9282	-1247.44	-1459.822	212.3823	1.149247	4.741964	0.5584762	2.428812
9288	-1239.567	-1451.705	212.1386	1.118917	4.192363	0.9598512	2.393448
9294	-1235.461	-1447.947	212.4855	1.061784	4.192363	0.9598512	2.208337
9300	-1241.918	-1454.828	212.9094	1.2823	3.320901	2.21489	1.329921
9306	-1249.352	-1462.297	212.9454	1.402077	3.832471	1.53206	1.39334
9312	-1247.513	-1460.602	213.0883	1.342738	3.832471	0.973185	1.684759
9318	-1238.824	-1452.032	213.2078	1.342738	3.564526	1.323579	1.433807
9324	-1235.599	-1448.106	212.5075	1.363143	3.826312	1.252022	1.895984
9330	-1228.964	-1442.258	213.2934	1.414759	3.180342	1.252022	1.472014
9336	-1234.03	-1447.749	213.7187	1.414759	3.734705	0.6385806	1.486173
9342	-1237.446	-1450.814	213.3675	1.385285	4.295085	0.6385806	1.627919
9348	-1230.663	-1443.259	212.5955	1.084929	4.295085	1.484522	1.793583
9354	-1231.883	-1444.115	212.2321	0.9426088	4.508381	1.484522	2.089577
9360	-1228.559	-1440.909	212.3497	0.9855314	3.823488	1.393046	2.175974
9366	-1234.603	-1446.652	212.0489	1.102199	6.688123	1.911496	1.517364
9372	-1231.604	-1443.996	212.3918	1.163404	4.926235	1.284863	1.856839
9378	-1250.716	-1463.463	212.7472	1.106816	4.355322	0.9289059	1.994095
9384	-1238.493	-1450.655	212.162	1.017173	4.723987	1.219575	2.18238
9390	-1255.55	-1467.578	212.0287	1.066725	4.897121	0.7160497	2.53606
9396	-1248.585	-1460.246	211.6612	1.176826	4.318882	1.965093	2.140417
9402	-1241.772	-1454.497	212.7253	1.25323	6.184308	1.128825	1.414675
9408	-1229.573	-1442.114	212.5416	1.072049	5.543691	1.194676	1.754013
9414	-1227.545	-1439.73	212.1851	0.9161709	5.543691	1.084755	2.165395
9420	-1231.969	-1443.227	211.2578	0.9161709	6.52962	1.084755	2.602417
9426	-1228.752	-1441.369	212.6171	1.04494	6.117696	1.084755	1.690127
9432	-1238.111	-1450.28	212.1693	1.010613	6.297987	1.567663	1.723488
9438	-1240.007	-1452.239	212.2322	0.9973572	4.667853	1.35085	2.089405
9444	-1255.872	-1467.49	211.6183	1.023791	5.581627	1.35085	2.306831
9450	-1262.913	-1473.127	210.2149	0.8131727	4.250966	2.167948	3.199089
9456	-1261.599	-1472.533	210.9342	0.8373055	3.959749	2.167948	2.810687
9462	-1235.77	-1446.99	211.2198	0.8196781	4.793433	1.222977	2.87919
9468	-1241.061	-1452.788	211.7272	0.9106055	5.109376	1.20719	2.464382
9474	-1242.222	-1452.932	210.7097	0.9126851	4.271103	1.20719	3.231753
9480	-1224.144	-1435.812	211.6679	0.7865102	7.377598	0.7210207	2.561604
9486	-1236.13	-1448.12	211.9904	0.9828205	5.968826	0.9445758	2.269113
9492	-1222.682	-1434.769	212.0874	0.786852	6.71193	0.9445758	2.222457
9498	-1225.545	-1437.394	211.8485	0.7106588	7.435052	0.8907758	2.363243
9504	-1234.608	-1446.665	212.0561	0.9589443	5.245226	1.144366	2.236496
9510	-1231.855	-1443.832	211.9773	0.9065647	6.314811	1.092449	2.179717
9516	-1235.509	-1446.905	211.3952	0.8190198	6.077957	1.506762	2.424858
9522	-1240.877	-1452.679	211.8017	0.6802304	6.077957	1.506762	2.254652
9528	-1237.889	-1449.765	211.8752	0.7859104	6.766166	1.080091	2.265466
9534	-1235.557	-1446.22	210.6634	0.6608991	3.925773	1.14776	3.504616
9540	-1243.203	-1454.093	210.8896	0.8146007	4.51662	1.139651	3.173388
9546	-1243.436	-1454.58	211.1436	0.7396287	4.51662	1.139651	3.0668
9552	-1241.634	-1452.539	210.9059	0.7459258	4.51662	1.396735	3.076438
9558	-1244.606	-1455.522	210.9166	0.7952163	4.082427	1.335079	3.151832
9564	-1242.683	-1454.346	211.6631	0.7614796	4.383268	1.308919	2.675804
9570	-1237.886	-1448.945	211.0586	0.8829892	3.380931	1.308919	3.176632
9576	-1239.653	-1451.222	211.5692	0.9247051	3.360902	1.308919	2.850151
9582	-1239.923	-1451.394	211.4711	0.8358513	3.360902	1.308919	2.963046
9588	-1238.951	-1451.424	212.4733	1.047175	3.806394	1.207036	2.158679
9594	-1233.803	-1445.612	211.8092	0.8050614	4.694865	1.21472	2.548864
9600	-1245.378	-1457.246	211.8672	0.7689954	5.54972	0.7478689	2.685961
9606	-1239.407	-1451.304	211.8968	0.9054946	4.722647	1.437105	2.312093
9612	-1234.696	-1446.408	211.7118	0.8167391	4.765086	1.303045	2.543162
9618	-1246.575	-1459.063	212.4877	0.9432938	4.899595	1.165453	2.01483
9624	-1234.235	-1445.572	211.3366	0.6628829	4.676336	1.165453	2.954367
9630	-1235.702	-1446.991	211.289	0.7697111	5.033801	1.165453	2.856571
9636	-1244.539	-1455.602	211.0637	0.8139927	5.033801	1.165453	2.965878
9642	-1238.359	-1449.761	211.4028	0.8115308	3.939523	1.165453	2.965878
9648	-1244.285	-1456.732	212.4471	0.9884086	3.836485	0.8410189	2.4377
9654	-1242.976	-1454.916	211.9404	0.9733851	4.61559	1.550029	2.207416
9660	-1241.166	-1452.948	211.7822	1.046023	4.948394	1.358686	2.292763
9666	-1247.354	-1459.435	212.0808	1.121332	4.948394	1.189607	2.142284
9672	-1246.725	-1458.761	212.0364	1.006572	4.948394	1.244085	2.215139
9678	-1243.278	-1455.698	212.4199	1.206975	4.948394	1.660045	1.604668
9684	-1247.736	-1460.462	212.7254	1.186228	4.078471	1.660045	1.591032
9690	-1234.472	-1445.58	211.108	0.7841729	3.596429	1.640871	3.010059
9696	-1240.506	-1450.692	210.1852	0.6619706	3.596429	1.313741	3.766504
9702	-1252.984	-1464.605	211.6204	0.7619768	5.233597	1.327227	2.540091
9708	-1244.991	-1456.614	211.6234	0.897274	6.774467	1.327227	2.216116
9714	-1245.441	-1456.231	210.7899	0.8445673	4.503005	1.039323	3.272772
9720	-1265.996	-1477.497	211.5008	0.7188623	4.417992	1.497803	2.705236
9726	-1242.904	-1454.52	211.6166	0.8835303	3.586749	1.497803	2.705236
9732	-1236.836	-1448.614	211.7783	0.8596495	3.352613	1.431804	2.705236
9738	-1233.283	-1444.833	211.5505	0.8355238	3.427388	1.196359	2.957178
9744	-1231.722	-1442.519	210.7965	0.8631039	4.598065	1.196359	3.155252
9750	-1242.062	-1453.998	211.9353	0.8934466	5.049121	1.196359	2.360393
9756	-1237.656	-1448.943	211.2864	0.7789245	5.910955	1.196359	2.696409
9762	-1234.884	-1446.267	211.3823	0.7718551	5.910955	1.19774	2.641019
9768	-1228.871	-1440.266	211.3951	0.8262258	5.910955	0.8329892	2.822136
9774	-1238.442	-1449.224	210.7819	0.7875914	4.782256	1.203724	3.172636
9780	-1233.768	-1445.258	211.4907	0.7466187	4.311276	1.124761	2.900526
9786	-1236.986	-1447.881	210.8957	0.8084425	4.007746	1.278389	3.198624
9792	-1245.533	-1458.855	213.3214	1.600581	3.237557	1.57387	1.069995
9798	-1253.234	-1466.932	213.6985	1.634504	3.708073	0.8506633	1.115063
9804	-1246.325	-1457.04	210.7148	0.6795014	3.915026	0.9712713	3.564513
9810	-1244.894	-1458.447	213.5532	1.401156	3.446302	1.392806	1.089122
9816	-1241.097	-1454.419	213.3213	1.347499	3.446302	1.392806	1.332864
9822	-1246.036	-1456.265	210.2289	0.6128179	5.153095	1.363318	3.46172
9828	-1236.245	-1446.771	210.5261	0.6088998	5.031399	1.063712	3.46172
9834	-1250.312	-1461.678	211.3657	0.7777983	4.294356	1.457791	2.793654
9840	-1219.693	-1430.553	210.8608	0.7056444	6.181964	0.9504558	3.099975
9846	-1229.427	-1440.259	210.8326	0.9784424	4.314482	1.229792	3.099975
9852	-1236.302	-1446.71	210.4087	0.5951031	3.743213	1.182936	3.709372
9858	-1229.615	-1440.687	211.0714	0.7305375	3.63121	1.633507	3.059521
9864	-1233.763	-1445.313	211.5496	0.9179686	3.63121	1.794119	2.590244
9870	-1228.151	-1439.504	211.3524	0.9574538	3.63121	1.917965	2.640095
9876	-1222.327	-1433.667	211.3403	0.9595579	4.326613	1.355567	2.740157
9882	-1233.588	-1443.718	210.1304	0.6221537	3.750151	1.424892	3.738562
9888	-1235.986	-1446.047	210.0611	0.6192803	3.726162	1.536243	3.737479
9894	-1228.571	-1439.534	210.9627	0.8077844	4.763139	1.480718	2.922892
9900	-1228.8	-1440.393	211.5933	0.9548408	4.763139	1.430608	2.468407
9906	-1236.71	-1448.601	211.8912	1.022582	4.669369	1.204707	2.371034
9912	-1237.373	-1448.066	210.6921	0.8870941	4.845152	1.228225	3.14353
9918	-1227.732	-1439.615	211.8835	0.9845744	4.845152	1.072476	2.443152
9924	-1235.7	-1446.881	211.1809	0.8321078	4.845152	1.072476	2.968016
9930	-1243.558	-1455.39	211.8322	0.7841027	3.93247	1.27102	2.667611
9936	-1249.98	-1460.353	210.3729	0.5817938	3.93247	1.077498	3.755204
9942	-1238.423	-1449.046	210.6236	0.7549845	3.557724	1.077498	3.58696
9948	-1239.447	-1449.403	209.9569	0.9897251	4.461303	1.223293	3.584717
9954	-1227.536	-1437.941	210.405	0.8047413	4.400504	0.9628686	3.584717
9960	-1241.802	-1452.209	210.4072	0.6978927	4.842163	1.074601	3.504445
9966	-1239.809	-1449.912	210.1027	0.7610685	3.929141	1.074601	3.809832
9972	-1240.805	-1452.501	211.6961	0.8741948	3.628114	1.004548	2.908745
9978	-1241.114	-1452.544	211.4302	0.8209486	3.628114	1.004548	3.100232
9984	-1242.282	-1452.854	210.5721	0.8899248	6.628774	1.323109	2.897103
9990	-1225.83	-1436.743	210.9125	0.5502895	6.628774	0.9717122	3.087823
9996	-1229.206	-1440.76	211.5539	0.7647109	6.628774	0.973715	2.566372
10002	-1231.817	-1443.313	211.496	0.6733838	5.419517	1.198955	2.7075
10008	-1241.1	-1453.298	212.1975	0.8852607	6.334458	0.7523084	2.28314
10014	-1234.522	-1444.984	210.4619	0.7421656	4.345533	1.455665	3.346377
10020	-1232.677	-1444.355	211.6782	0.903158	3.049937	1.84268	2.641145
10026	-1227.22	-1439.167	211.9463	0.8281816	3.702626	1.253575	2.628676
10032	-1230.448	-1442.147	211.699	0.8512834	3.650759	1.471938	2.671789
10038	-1236.226	-1447.049	210.823	0.8803175	4.282907	1.471938	3.055014
10044	-1233.311	-1445.012	211.7016	0.9249113	4.613834	1.471938	2.427303
10050	-1242.048	-1452.47	210.4229	0.7861651	4.205366	1.5994	3.308453
10056	-1240.607	-1451.301	210.6933	0.599325	4.205366	1.483281	3.308453
10062	-1237.367	-1448.104	210.7367	0.6806459	3.968151	1.418978	3.309745
10068	-1236.107	-1446.84	210.733	0.6646645	3.968151	1.444758	3.309745
10074	-1238.968	-1450.144	211.1756	0.7205154	3.968151	1.303977	3.079873
10080	-1230.695	-1442.481	211.7859	0.933219	3.415593	1.571054	2.577161
10086	-1232.044	-1442.492	210.4477	0.771872	3.415593	1.842663	3.370858
10092	-1232.736	-1444.379	211.6435	0.6948757	5.392059	1.24977	2.580878
10098	-1241.59	-1452.996	211.4061	0.6455473	7.884644	1.24977	2.411169
10104	-1257.985	-1471.024	213.0396	1.329778	4.310073	1.544249	1.240695
10110	-1237.956	-1450.724	212.7678	1.31345	4.601726	1.840158	1.240695
10116	-1244.013	-1456.86	212.8474	1.218785	4.601726	1.590852	1.386212
10122	-1241.585	-1452.611	211.0263	0.6621331	5.619056	1.011259	3.072626
10128	-1236.182	-1447.91	211.7282	0.8232208	5.619056	1.127006	2.478629
10134	-1238.178	-1449.981	211.8027	0.8743187	4.803025	1.235781	2.478629
10140	-1246.167	-1459.122	212.9554	1.286337	5.131481	1.02465	1.492889
10146	-1248.694	-1461.362	212.668	1.240906	7.263533	1.02465	1.360578
10152	-1243.085	-1454.077	210.9918	0.8867856	4.880459	1.813496	2.697954
10158	-1234.091	-1445.678	211.5875	0.798152	3.882545	1.813496	2.578158
10164	-1242.181	-1452.429	210.2485	0.71924	4.431375	1.612197	3.402985
10170	-1229.535	-1441.334	211.799	0.9404094	4.406755	1.319427	2.470553
10176	-1247.043	-1458.015	210.9715	0.8713753	4.406755	0.8096712	3.311445
10182	-1229.983	-1440.32	210.337	0.7006098	4.406755	1.416703	3.450081
10188	-1237.879	-1447.552	209.6735	0.7143109	3.923746	1.449925	3.902673
10194	-1242.156	-1451.786	209.6306	0.7918525	3.038864	1.449925	4.074228
10200	-1233.161	-1444.018	210.8575	0.7788725	2.720671	1.856305	3.291719
10206	-1227.835	-1439.63	211.7946	0.7820746	3.325023	2.073415	2.48938
10212	-1232.589	-1444.648	212.0598	0.9186456	3.584199	1.330318	2.48938
10218	-1242.077	-1453.558	211.4814	0.6854263	4.862863	1.330318	2.735202
10224	-1230.44	-1441.245	210.8045	0.7103747	4.987152	1.466391	3.044333
10230	-1236.543	-1449.26	212.7171	0.9958729	5.938315	0.8096345	1.884577
10236	-1232.772	-1444.923	212.1513	0.9339465	5.938315	1.288843	1.992657
10242	-1242.643	-1455.148	212.505	1.077724	5.938315	0.7841423	1.992657
10248	-1240.427	-1453.048	212.6211	1.06311	6.208335	0.7841423	1.88077
10254	-1236.304	-1448.673	212.3681	0.9994548	5.085829	0.9923996	2.129985
10260	-1248.253	-1460.575	212.3221	0.8593862	5.653255	0.8657734	2.240131
10266	-1237.686	-1450.208	212.5225	1.041826	5.790813	0.8657734	1.966227
10272	-1245.956	-1458.985	213.0283	1.033229	5.28931	0.7546021	1.804368
10278	-1243.938	-1456.502	212.5642	0.9994692	5.523098	0.7546021	2.09797
10284	-1240.388	-1453.426	213.0384	1.227849	5.890469	0.7460029	1.556473
10290	-1240.193	-1451.137	210.9434	0.5885373	5.460553	1.104505	3.136915
10296	-1246.208	-1455.904	209.6964	0.5837589	4.400277	1.104505	4.040194
10302	-1261.571	-1473.781	212.2097	1.112492	6.179773	1.01204	1.962558
10308	-1249.266	-1461.187	211.9207	0.9009297	6.946377	0.8479972	2.290971
10314	-1250.554	-1461.691	211.1372	0.7276092	7.55012	0.8479972	2.809003
10320	-1236.13	-1446.764	210.6338	0.5952325	4.421918	1.753494	3.194816
10326	-1241.229	-1451.459	210.2307	0.6176436	5.450499	1.356636	3.414421
10332	-1248.356	-1458.163	209.8068	0.5262341	6.841296	1.032147	3.688021
10338	-1245.766	-1457.159	211.3931	0.5834477	5.418847	1.032147	2.918433
10344	-1246.071	-1456.948	210.8769	0.6235973	4.568148	1.860058	2.965602
10350	-1249.769	-1460.703	210.9337	0.5715899	5.003288	1.385637	3.084146
10356	-1244.127	-1456.098	211.9709	0.7171281	5.003288	1.385637	2.358717
10362	-1244.213	-1455.498	211.2845	0.8968214	5.491706	1.385637	2.593715
10368	-1247.459	-1458.358	210.8996	0.5465018	4.645433	1.260549	3.240827
10374	-1240.646	-1452.401	211.7554	0.8786383	6.836029	1.030951	2.303273
10380	-1240.484	-1451.032	210.5475	0.6007432	7.722272	1.030951	3.104232
10386	-1239.224	-1450.291	211.067	0.7897348	8.312008	0.9753137	2.640993
10392	-1227.495	-1438.096	210.6014	0.6452025	3.385604	1.41932	3.532739
10398	-1229.97	-1440.285	210.3151	0.5360494	3.824523	1.233296	3.755762
10404	-1232.333	-1442.886	210.5529	0.582083	4.25367	1.166738	3.541838
10410	-1226.683	-1438.987	212.3041	1.041845	5.166195	1.120433	2.04889
10416	-1240.4	-1451.877	211.477	0.9752853	5.835606	1.120433	2.51044
10422	-1237.972	-1449.234	211.2623	0.8216371	4.106808	1.211631	2.986162
10428	-1228.415	-1440.249	211.834	0.9369955	3.786391	1.310644	2.58314
10434	-1232.805	-1443.114	210.3089	0.8622745	3.403801	1.394465	3.583682
10440	-1237.188	-1448.438	211.2508	0.6872979	3.468313	1.394465	3.118427
10446	-1220.232	-1431.963	211.7307	0.9367657	3.438086	1.733251	2.535233
10452	-1228.38	-1440.13	211.75	0.8158345	4.956254	1.208733	2.535233
10458	-1242.673	-1453.592	210.9199	1.01936	3.346399	1.948494	2.920229
10464	-1231.617	-1443.348	211.7307	0.9558537	3.346399	1.4912	2.649502
10470	-1236.715	-1449.092	212.3769	0.7732347	3.346399	1.4912	2.359799
10476	-1237.443	-1449.436	211.993	0.8958967	4.573508	1.066213	2.484047
10482	-1238.315	-1449.827	211.5114	0.8095605	4.573508	1.421955	2.64867
10488	-1235.668	-1446.613	210.9459	0.7914303	3.505255	1.909588	3.019282
10494	-1230.341	-1441.323	210.9819	0.6701716	3.834012	1.251086	3.278076
10500	-1243.311	-1454.899	211.5873	1.003143	4.052588	2.216439	2.264276
10506	-1239.35	-1451.467	212.1169	1.174241	3.249448	2.547268	1.88321
10512	-1243.447	-1455.927	212.4801	1.17046	3.689072	1.910163	1.758423
10518	-1247.384	-1460.198	212.8144	1.065898	3.689072	1.68158	1.699575
10524	-1240.031	-1449.607	209.5766	0.6595805	3.299872	2.001541	3.911221
10530	-1241.941	-1452.517	210.5762	0.5943116	2.652119	1.101167	3.911221
10536	-1231.832	-1442.637	210.805	0.628672	3.039145	1.37418	3.525401
10542	-1238.161	-1449.275	211.114	0.7709883	6.17271	1.309597	2.709921
10548	-1239.952	-1451.8	211.8486	0.831123	6.139166	1.309597	2.215891
10554	-1238.072	-1448.519	210.4466	0.7658948	4.211978	1.040347	3.572849
10560	-1233.838	-1445.793	211.9541	0.8205149	6.139166	1.254939	2.183746
10566	-1243.779	-1455.715	211.9354	0.6966795	6.139166	1.508818	2.147075
10572	-1250.419	-1462.113	211.6935	0.6617737	5.453356	1.068717	2.660675
10578	-1243.745	-1456.185	212.4401	0.8645801	5.656492	1.081935	2.014482
10584	-1253.458	-1465.104	211.6458	0.7025431	7.64196	0.8804356	2.477197
10590	-1242.344	-1454.083	211.7393	0.6091006	7.64196	0.8804356	2.477197
10596	-1239.322	-1450.781	211.4594	0.7790353	5.714588	1.553783	2.444226
10602	-1242.151	-1454.455	212.304	0.9674997	3.506726	1.262607	2.357902
10608	-1225.613	-1437.452	211.8393	0.850698	4.029662	1.198264	2.640204
10614	-1231.15	-1442.91	211.7603	0.8170979	4.029662	1.198264	2.709403
10620	-1233.494	-1444.983	211.4889	0.8300531	4.730036	1.541011	2.566498
10626	-1241.053	-1452.091	211.0374	0.801244	4.257664	1.480731	2.974832
10632	-1246.789	-1458.547	211.7584	0.8041533	3.346217	1.008792	2.974832
10638	-1238.527	-1448.733	210.2061	0.5941542	4.206208	1.764646	3.482879
10644	-1238.28	-1450.187	211.9066	1.026647	5.823959	1.421253	2.042418
10650	-1244.904	-1455.834	210.9295	0.8250937	4.823373	1.405245	2.956338
10656	-1262.231	-1473.559	211.3284	1.028744	4.36463	1.700789	2.542911
10662	-1248.427	-1460.482	212.0555	1.030292	4.332861	1.634787	2.113365
10668	-1250.172	-1462.76	212.5876	1.064332	5.179687	0.8999484	1.988871
10674	-1245.65	-1457.594	211.9442	0.9475856	4.996449	1.175981	2.34111
10680	-1236.925	-1448.464	211.5397	0.9214302	3.959644	1.345861	2.7197
10686	-1246.684	-1457.072	210.3881	0.8088021	4.550304	0.8349653	3.645872
10692	-1245.587	-1456.258	210.6715	0.7815872	5.286417	1.18108	3.169977
10698	-1236.532	-1448.655	212.1232	0.8824852	4.942107	1.18108	2.275264
10704	-1248.292	-1459.529	211.2376	0.9002929	4.35242	1.18108	2.922212
10710	-1249.23	-1460.579	211.3492	0.9868006	3.407417	1.963848	2.658556
10716	-1237.65	-1448.382	210.732	0.7808076	4.049818	2.006892	3.003797
10722	-1257.652	-1468.314	210.6621	0.9036079	3.538839	2.829299	2.82806
10728	-1241.484	-1453.569	212.0855	0.9758294	3.560542	1.687046	2.276863
10734	-1236.298	-1448.197	211.8993	0.9436469	3.924585	1.058993	2.646221
10740	-1243.465	-1453.992	210.5269	0.6669742	3.257668	1.578377	3.524495
10746	-1236.33	-1447.33	210.9999	0.72178	3.530467	0.9711558	3.453772
10752	-1230.603	-1442.019	211.4165	0.72178	4.788054	0.9166062	2.996825
10758	-1229.318	-1440.264	210.946	0.7269861	5.458795	1.58841	2.818736
10764	-1241.957	-1454.213	212.2561	0.9709843	5.406925	1.622637	1.816966
10770	-1239.213	-1449.158	209.9447	0.626539	4.281286	2.053514	3.499785
10776	-1245.747	-1457.928	212.1815	0.8559432	3.921985	1.247721	2.419837
10782	-1250.33	-1461.312	210.9817	0.6578775	5.683438	1.104109	3.038828
10788	-1252.735	-1465.605	212.8705	1.192351	4.211479	1.104109	1.764818
10794	-1249.118	-1460.161	211.0432	0.589032	5.421686	1.33657	2.963433
10800	-1247.269	-1458.109	210.8392	0.7929852	5.421686	1.33657	2.963433
10806	-1236.695	-1447.415	210.7192	0.6735414	4.153334	1.178465	3.404136
10812	-1244.76	-1455.593	210.8329	0.813679	4.015191	1.016513	3.370749
10818	-1247.925	-1459.917	211.9921	0.8842187	3.854935	1.016513	2.665884
10824	-1241.58	-1454.564	212.9839	1.199247	5.110349	0.8814139	1.649189
10830	-1238.55	-1450.467	211.9161	0.921672	7.05533	1.187273	2.046493
10836	-1235.065	-1447.464	212.3984	0.9890318	7.05533	1.198808	1.662861
10842	-1236.547	-1447.961	211.4131	0.8830569	6.204228	1.198808	2.508766
10848	-1240.188	-1452.147	211.9589	0.7748989	4.696994	1.289737	2.434047
10854	-1234.301	-1446.379	212.0774	0.8504681	4.80694	1.721466	2.084763
10860	-1248.502	-1460.418	211.9156	1.119838	4.80694	2.301359	1.782469
10866	-1229.967	-1441.626	211.6584	1.005896	4.093747	2.301359	2.178625
10872	-1237.017	-1449.676	212.6589	1.269741	4.066053	0.9898794	1.964586
10878	-1256.558	-1468.783	212.2244	0.8265451	4.493635	0.9496841	2.470393
10884	-1232.78	-1445.207	212.4269	0.945814	5.083777	1.025391	2.10558
10890	-1242.822	-1454.69	211.8681	0.8740391	6.749891	1.402995	2.035684
10896	-1240.422	-1452.085	211.6623	0.8711055	5.625319	1.345826	2.371411
10902	-1243.061	-1454.875	211.8144	0.9508291	6.2887	0.9489419	2.350547
10908	-1238.784	-1449.858	211.074	0.7484845	6.438695	1.420651	2.656545
10914	-1231.642	-1442.884	211.242	0.7946528	6.438695	1.39219	2.537563
10920	-1255.742	-1466.911	211.1686	0.6256188	3.404245	0.9615151	3.445046
10926	-1259.603	-1470.757	211.1542	0.6375971	4.751563	0.8398971	3.25971
10932	-1234.244	-1446.028	211.7836	0.7912414	5.330254	1.071025	2.543504
10938	-1235.113	-1447.179	212.0669	0.7563382	5.881153	0.9334394	2.385637
10944	-1247.669	-1459.261	211.5917	0.7669538	4.401286	1.269333	2.732845
10950	-1253.965	-1466.415	212.4505	1.081111	4.401286	0.9101752	2.209337
10956	-1247.016	-1459.586	212.5704	1.025927	3.841895	1.026438	2.209337
10962	-1236.664	-1447.112	210.4482	0.7064937	4.544782	1.297618	3.411997
10968	-1237.733	-1448.21	210.477	0.6689897	4.544782	1.297618	3.417101
10974	-1240.848	-1454.149	213.3013	1.520828	4.473225	1.364964	0.8905113
10980	-1245.479	-1458.655	213.1758	1.729999	3.529695	1.730267	0.858103
10986	-1250.471	-1463.829	213.3579	1.539224	3.529695	1.730267	0.8683804
10992	-1251.406	-1464.788	213.3825	1.475	4.104434	1.453067	0.906299
10998	-1240.554	-1453.803	213.2491	1.386562	4.47618	1.176434	1.21897
11004	-1243.484	-1456.832	213.3483	1.382862	4.47618	1.092023	1.203046
11010	-1239.631	-1452.319	212.6879	1.09375	5.931246	0.9809568	1.709021
11016	-1239.763	-1452.504	212.7409	1.101599	5.862867	0.9015838	1.736472
11022	-1242.216	-1454.653	212.4367	0.948327	4.679237	1.483306	1.915767
11028	-1240.66	-1452.637	211.9765	1.036215	5.195605	0.7494108	2.509586
11034	-1253.982	-1466.733	212.7503	1.23207	4.190964	0.6794351	2.138469
11040	-1238.516	-1450.908	212.392	1.413234	5.923723	1.670313	1.265281
11046	-1236.767	-1449.379	212.6121	1.156174	6.218866	1.505339	1.332288
11052	-1227.698	-1440.533	212.8353	1.242205	5.107929	0.940902	1.679624
11058	-1222.174	-1435.213	213.0397	1.242205	5.678847	0.6382804	1.685604
11064	-1229.567	-1442.236	212.6689	1.166524	5.503605	0.7362751	1.935752
11070	-1224.661	-1437.643	212.9817	1.106943	5.022023	0.7362751	1.851761
11076	-1228.709	-1441.267	212.5584	1.152335	5.53449	1.067182	1.769125
11082	-1236.366	-1449.04	212.674	1.11676	4.719045	0.979699	1.927031
11088	-1238.336	-1451.149	212.8139	1.178053	4.68187	0.999192	1.783364
11094	-1255.504	-1468.257	212.7528	0.7443688	4.84704	1.551011	1.771413
11100	-1238.824	-1450.571	211.7472	0.9405603	5.687414	1.061827	2.420374
11106	-1238.339	-1450.588	212.2486	0.8869626	5.687414	1.061827	2.13335
11112	-1229.671	-1442.238	212.5667	1.099469	4.81723	1.061827	1.937225
11118	-1232.151	-1444.769	212.6172	1.17722	4.953987	1.032794	1.84249
11124	-1232.117	-1443.341	211.2239	0.7214025	6.008916	0.8768993	2.944825
11130	-1226.986	-1438.421	211.4343	0.6361815	7.436414	0.8081536	2.725419
11136	-1235.882	-1447.352	211.4699	0.7539218	7.197948	0.7224847	2.725419
11142	-1227.796	-1439.531	211.7351	0.7983383	7.239905	0.9074498	2.393306
11148	-1230.599	-1442.262	211.6634	0.6035737	7.825687	0.9162862	2.481345
11154	-1220.203	-1431.985	211.782	0.7580554	7.825687	0.8486354	2.35603
11160	-1231.6	-1443.408	211.8079	0.7650158	8.747311	0.8486354	2.226212
11166	-1231.68	-1443.799	212.1194	0.975879	6.192055	0.8486354	2.223307
11172	-1236.299	-1448.683	212.3846	0.9563417	6.192055	0.8486354	2.06311
11178	-1230.817	-1443.456	212.6394	1.254926	5.068101	1.162071	1.665874
11184	-1224.928	-1437.061	212.1337	1.147949	5.516253	1.111781	2.035125
11190	-1225.678	-1438.725	213.047	1.183997	5.326905	1.111781	1.397252
11196	-1237.72	-1449.799	212.0782	1.008454	5.245738	2.022967	1.768496
11202	-1244.917	-1458.191	213.2738	1.251709	4.203648	0.9764988	1.523082
11208	-1247.309	-1460.425	213.1157	1.4522	5.142793	0.9292534	1.312412
11214	-1240.284	-1453.448	213.1642	1.360611	5.091315	0.5819626	1.680687
11220	-1239.755	-1452.534	212.7788	1.061908	5.091315	0.7004447	2.036533
11226	-1226.523	-1438.374	211.8508	0.9263532	4.483154	1.761601	2.228587
11232	-1225.004	-1436.729	211.7241	0.9808481	4.483154	1.746005	2.281464
11238	-1229.502	-1440.952	211.4494	0.7652395	3.160672	1.746005	2.874947
11244	-1229.927	-1441.487	211.5593	0.8245805	4.37576	1.654957	2.543302
11250	-1234.634	-1446.732	212.0983	1.089561	3.337379	1.952343	2.141429
11256	-1239.228	-1451.428	212.2	1.083758	4.25586	1.202272	2.217284
11262	-1227.884	-1439.652	211.7671	0.9027641	3.806172	1.175617	2.711849
11268	-1237.111	-1449.727	212.6162	0.9934783	3.973012	1.175617	2.080787
11274	-1239.617	-1452.238	212.6205	1.027455	4.279993	1.101982	2.033022
11280	-1235.798	-1448.257	212.459	0.8242244	4.279993	1.294777	2.161932
11286	-1229.742	-1442.009	212.267	0.8643473	4.779007	1.294777	2.161932
11292	-1221.715	-1434.028	212.3129	1.041739	5.066362	0.9910461	2.142868
11298	-1217.378	-1429.645	212.2668	0.7556336	4.411343	1.616491	2.146949
11304	-1218.368	-1430.061	211.693	0.7274924	4.163558	1.616491	2.579047
11310	-1222.355	-1433.785	211.4297	0.7699345	3.536386	1.616491	2.848177
11316	-1229.639	-1441.579	211.9393	0.8786412	3.702981	1.533562	2.465898
11322	-1231.845	-1443.873	212.0275	1.03966	4.462297	1.028564	2.416191
11328	-1218.441	-1430.006	211.5641	0.7198459	5.694967	1.131143	2.630612
11334	-1236.014	-1447.122	211.1082	0.4906024	5.694967	1.131143	3.046588
11340	-1215.818	-1426.724	210.9066	0.7544583	4.599535	1.131143	3.188694
11346	-1215.781	-1426.663	210.8823	0.6174514	5.348862	1.131143	3.158953
11352	-1227.129	-1437.794	210.6648	0.4948335	4.823911	1.131143	3.445007
11358	-1231.292	-1441.806	210.5147	0.6567237	6.734348	1.303886	3.067124
11364	-1242.536	-1454.971	212.4347	0.8961245	6.046578	1.114171	1.912298
11370	-1237.955	-1449.33	211.3745	0.8455943	4.692088	1.584429	2.615502
11376	-1226.069	-1437.632	211.5634	0.7547613	6.25603	0.9796244	2.615502
11382	-1245.26	-1456.161	210.9014	0.875465	3.904942	2.208684	2.805214
11388	-1247.008	-1458.222	211.2146	0.7100449	5.893326	1.298119	2.732505
11394	-1226.015	-1438.629	212.6139	0.9555524	6.25603	0.882095	1.874861
11400	-1228.286	-1440.937	212.6518	1.002659	6.25603	1.052236	1.694365
11406	-1248.681	-1461.029	212.3484	1.15729	5.566669	1.043702	1.919598
11412	-1244.515	-1457.027	212.5114	1.040901	5.269328	0.9549285	2.000318
11418	-1244.056	-1455.073	211.0171	0.9010218	5.047801	1.072612	2.990458
11424	-1234.095	-1444.606	210.5117	0.7296835	5.804304	0.9855716	3.32524
11430	-1232.024	-1442.826	210.8023	0.5602428	5.332132	0.9855716	3.32524
11436	-1227.312	-1438.82	211.5078	0.7760423	5.045061	1.382175	2.606208
11442	-1230.425	-1441.639	211.2132	0.8239847	3.941377	1.530877	2.895979
11448	-1232.102	-1443.414	211.3121	0.7555549	5.695711	1.219325	2.715534
11454	-1240.631	-1453.181	212.5497	1.021591	3.449962	1.06356	2.293889
11460	-1231.171	-1442.216	211.0456	0.6802305	4.985564	1.871062	2.75121
11466	-1231.004	-1443.411	212.4069	1.132545	4.071167	1.223626	2.077817
11472	-1235.809	-1447.405	211.5965	0.7862301	4.071167	1.223626	2.806458
11478	-1228.733	-1440.531	211.7984	0.7463587	4.071167	0.9504492	2.864389
11484	-1246.973	-1459.323	212.3494	1.127366	5.326528	0.9774251	2.025046
11490	-1242.457	-1454.782	212.3254	0.9341826	4.68242	1.356653	2.063722
11496	-1247.686	-1459.008	211.322	0.9901149	4.830482	2.39223	2.229026
11502	-1240.502	-1452.18	211.6778	0.879557	4.440183	1.274561	2.600398
11508	-1239.092	-1451.549	212.4574	0.8505584	4.440183	1.326852	2.095827
11514	-1234.391	-1445.923	211.5316	0.6889227	3.967883	1.326852	2.873817
11520	-1231.853	-1442.824	210.9712	0.7323776	4.896011	1.272114	3.03852
11526	-1245.453	-1456.428	210.9751	0.7261322	4.859167	1.287567	3.03852
11532	-1236.091	-1448.272	212.1809	0.9786447	4.388295	1.663359	2.04051
11538	-1231.777	-1443.536	211.7593	0.7552663	3.762751	1.616293	2.605132
11544	-1239.103	-1449.787	210.6845	0.7874238	4.31749	2.151613	2.926571
11550	-1240.509	-1452.639	212.1299	1.086976	3.27733	1.714062	2.234996
11556	-1236.916	-1448.627	211.7104	0.7407897	3.764891	1.963544	2.505621
11562	-1245.837	-1458.417	212.5804	0.9882338	5.55585	1.153078	1.808762
11568	-1236.217	-1448.552	212.335	0.9575046	5.55585	1.597739	1.756684
11574	-1234.944	-1447.055	212.1112	1.02022	3.567197	1.414774	2.355038
11580	-1229.749	-1441.727	211.9782	1.01719	4.613952	1.414774	2.219817
11586	-1235.968	-1448.654	212.6864	1.009643	4.89828	1.085679	1.885892
11592	-1262.205	-1473.206	211.0009	0.8518053	4.807121	1.793667	2.734517
11598	-1257.337	-1468.768	211.4306	0.7952964	4.862014	1.821203	2.483011
11604	-1244.538	-1455.054	210.5164	0.7959371	3.870623	1.764919	3.247899
11610	-1245.518	-1456.569	211.0511	0.7720778	3.019666	1.792015	3.127073
11616	-1257.711	-1467.521	209.8096	1.035338	3.703778	2.466781	3.324446
11622	-1228.375	-1439.892	211.5173	0.9319608	5.445148	0.7283064	2.83162
11628	-1228.186	-1439.511	211.3253	0.7805697	6.694678	0.7225851	2.862664
11634	-1229.581	-1440.689	211.108	0.8988304	3.945347	1.385906	2.978991
11640	-1235.79	-1446.633	210.8437	0.7251154	5.415997	1.385906	2.978991
11646	-1223.614	-1435.365	211.7506	0.7030052	4.451167	1.407356	2.596738
11652	-1247.815	-1460.309	212.4943	1.108591	3.290475	1.747139	1.963843
11658	-1250.329	-1462.375	212.0451	1.157491	3.290475	1.44752	2.361076
11664	-1229.821	-1441.108	211.2876	0.9956234	3.583065	1.152636	3.007162
11670	-1231.675	-1442.71	211.0345	0.7565392	3.886447	1.384648	3.120694
11676	-1240.26	-1450.559	210.2983	0.5331778	4.652572	1.384648	3.541207
11682	-1240.683	-1452.642	211.9594	1.240523	5.109639	1.929666	1.753899
11688	-1232.377	-1445.563	213.1865	1.380395	5.109639	0.9148543	1.332868
11694	-1250.844	-1461.128	210.2845	0.5431265	3.86931	1.386652	3.688132
11700	-1227.825	-1440.877	213.0524	1.381679	5.463833	0.8901108	1.383947
11706	-1228.041	-1440.976	212.9352	1.154266	5.760642	1.163429	1.383947
11712	-1239.573	-1452.506	212.9333	1.287896	4.411477	1.413519	1.412132
11718	-1228.017	-1440.432	212.4151	1.128562	3.719062	1.202962	2.165965
11724	-1221.515	-1433.815	212.2998	0.8642515	3.719062	1.127146	2.451523
11730	-1227.412	-1438.98	211.5688	0.7413957	4.562896	1.08579	2.831166
11736	-1231.662	-1443.917	212.2549	1.059348	5.239879	1.317667	1.943204
11742	-1235.57	-1447.755	212.1856	1.059127	4.012176	2.018533	1.915854
11748	-1230.355	-1442.868	212.5125	1.052609	4.012176	1.458883	1.948387
11754	-1228.314	-1440.076	211.7623	0.9786472	4.181293	1.130861	2.614938
11760	-1231.059	-1442.914	211.8556	0.9024024	3.742643	1.075141	2.727914
11766	-1240.704	-1452.308	211.6038	0.711039	4.762871	1.075141	2.798338
11772	-1225.125	-1436.665	211.5392	0.8634597	4.642055	1.075141	2.766525
11778	-1234.51	-1444.517	210.0073	0.708075	4.975848	1.251518	3.617098
11784	-1222.558	-1434.669	212.1108	0.9440699	4.975848	1.245693	2.201511
11790	-1234.578	-1446.136	211.5586	0.9619979	4.975848	1.511575	2.409428
11796	-1243.738	-1455.271	211.5329	0.9004463	5.083969	1.310927	2.542057
11802	-1238.414	-1450.966	212.552	1.157916	4.618576	1.310927	1.797363
11808	-1231.682	-1443.891	212.2088	1.166436	4.977449	1.205906	2.013536
11814	-1248.047	-1460.906	212.859	1.129501	4.977449	1.064606	1.680918
11820	-1246.293	-1459.074	212.7806	1.129501	5.152413	1.064606	1.702093
11826	-1236.515	-1448.534	212.0189	1.018663	5.241146	1.712935	1.934692
11832	-1241.213	-1453.817	212.6045	1.044429	4.619764	1.39653	1.792212
11838	-1248.409	-1460.246	211.8365	0.9303735	5.596016	1.375655	2.211727
11844	-1238.033	-1449.969	211.9364	0.9297614	4.867254	1.522878	2.203199
11850	-1234.822	-1447.472	212.6498	1.089493	3.645148	2.200566	1.58736
11856	-1240.978	-1454.081	213.1032	1.391462	3.898293	1.391427	1.342423
11862	-1243.325	-1456.156	212.8313	1.104078	4.070665	1.444896	1.686588
11868	-1236.773	-1448.974	212.2008	0.8694649	4.01991	1.373955	2.312795
11874	-1233.32	-1444.011	210.6914	0.729832	3.825795	2.12293	3.064583
11880	-1239.437	-1449.359	209.9222	0.8921125	3.965749	2.12293	3.395218
11886	-1239.449	-1449.611	210.1621	0.7961733	4.088752	2.12293	3.286365
11892	-1238.729	-1450.385	211.6564	0.8041885	5.575239	1.306257	2.445542
11898	-1236.706	-1448.327	211.6214	0.9427029	5.748163	1.135226	2.445542
11904	-1246.865	-1458.691	211.8252	0.8877706	6.796786	1.003047	2.275905
11910	-1241.205	-1453.694	212.489	1.028028	3.735804	1.003047	2.299179
11916	-1230.388	-1442.817	212.4291	0.9127798	3.735804	1.656849	2.066516
11922	-1221.31	-1433.401	212.0908	0.9601119	3.454035	1.656849	2.322065
11928	-1235.264	-1447.408	212.1439	0.9275299	3.455549	1.656849	2.308597
11934	-1235.666	-1448.62	212.9534	1.157463	4.905026	1.105437	1.579756
11940	-1254.821	-1466.553	211.7326	1.162961	3.871183	2.346147	2.061249
11946	-1238.568	-1451.037	212.4693	0.9820694	5.750499	1.125925	1.872309
11952	-1247.903	-1460.815	212.9121	1.147082	4.819892	1.282286	1.52159
11958	-1237.309	-1449.939	212.6296	1.205264	4.759517	1.282286	1.69714
11964	-1232.114	-1444.73	212.6156	1.249633	4.410151	1.478693	1.640714
11970	-1232.506	-1445.458	212.9518	1.462504	4.410151	1.474572	1.219262
11976	-1244.069	-1456.563	212.4946	1.264491	7.014971	1.203065	1.389697
11982	-1229.361	-1441.317	211.9564	0.9869659	5.726423	1.050416	2.25853
11988	-1238.547	-1450.784	212.2372	1.056627	5.86687	1.212795	1.907282
11994	-1246.378	-1458.953	212.5751	1.128375	5.86687	1.212795	1.621221
12000	-1240.083	-1452.996	212.9132	1.240902	4.621562	1.212795	1.538077
12006	-1255.604	-1468.226	212.6221	1.335677	4.602673	1.627815	1.449925
12012	-1231.251	-1444.163	212.9116	1.287435	6.569002	1.15582	1.140179
12018	-1237.386	-1450.086	212.7	1.317952	6.569002	1.25963	1.219195
12024	-1233.109	-1445.78	212.6707	1.458437	6.569002	1.25963	1.122126
12030	-1225.665	-1438.158	212.4927	1.128914	4.699798	1.487266	1.746808
12036	-1234.136	-1446.912	212.7765	1.120853	5.773135	1.067051	1.593236
12042	-1236.347	-1448.858	212.5105	0.9972308	5.141615	1.067051	1.978919
12048	-1232.696	-1444.688	211.9916	0.9530074	4.05794	1.823991	2.182349
12054	-1244.477	-1456.937	212.4601	1.270394	4.048025	1.312322	1.905881
12060	-1258.288	-1471.205	212.917	1.284885	4.009525	1.354493	1.559312
12066	-1247.716	-1460.239	212.523	0.9784329	4.009525	1.551702	1.946034
12072	-1238.805	-1450.022	211.2163	0.810532	4.009525	1.551702	2.879231
12078	-1234.996	-1446.987	211.9909	0.9567271	4.7032	1.499653	2.192302
12084	-1241.299	-1453.144	211.8444	0.8455381	5.610909	1.062318	2.430922
12090	-1239.207	-1451.424	212.2164	0.8763786	5.610909	1.062318	2.173515
12096	-1235.77	-1448.055	212.2852	0.9342404	6.118603	1.340145	1.844376
12102	-1238.887	-1451.513	212.6254	0.9858807	5.574833	0.8236386	2.003219
12108	-1244.726	-1457.488	212.7623	1.031268	3.912732	0.9158041	2.138883
12114	-1245.042	-1457.829	212.7862	1.078406	3.905289	1.137692	1.949156
12120	-1240.872	-1453.176	212.3042	0.8412797	4.261964	1.137692	2.341344
12126	-1246.807	-1458.447	211.6408	0.8599834	4.36038	1.753758	2.432016
12132	-1249.591	-1459.958	210.367	0.8832713	3.070425	2.755285	3.148229
12138	-1240.068	-1451.092	211.0247	0.8251113	3.691361	2.681629	2.661343
12144	-1229.994	-1441.871	211.8767	0.6850794	4.391508	1.258147	2.61554
12150	-1241.081	-1452.38	211.2989	0.750333	4.426641	1.258147	2.921712
12156	-1248.185	-1459.98	211.7946	0.8295956	4.426641	1.258147	2.570102
12162	-1245.888	-1457.213	211.3257	0.995698	4.426641	1.933276	2.46121
12168	-1245.612	-1457.742	212.1303	0.9888823	4.399841	1.919471	1.955705
12174	-1239.502	-1451.804	212.3022	1.035184	4.488084	1.561585	1.948416
12180	-1233.204	-1445.576	212.3717	1.151084	4.965483	1.561585	1.724546
12186	-1229.352	-1441.622	212.2695	1.187084	6.169792	1.550434	1.554788
12192	-1225.575	-1438.312	212.7367	1.168153	6.169792	0.7833722	1.735186
12198	-1227.454	-1439.407	211.9532	0.9597387	7.208652	1.230476	1.950047
12204	-1233.205	-1445.83	212.625	1.094062	5.999555	1.004526	1.724726
12210	-1240.183	-1453.222	213.0384	1.418108	5.88332	1.004526	1.180652
12216	-1231.466	-1444.156	212.6904	1.383559	4.213269	1.983346	1.274801
12222	-1240.142	-1452.705	212.5625	1.420301	5.26323	1.983346	1.085738
12228	-1233.159	-1445.842	212.6831	1.516473	5.26323	1.650639	1.080213
12234	-1249.364	-1460.809	211.4456	0.8789372	5.537739	1.621125	2.388497
12240	-1246.768	-1459.336	212.5672	1.220614	5.26323	0.7632549	1.987836
12246	-1240.608	-1452.821	212.2129	0.9430037	5.26323	1.314209	2.046578
12252	-1237.714	-1449.668	211.9543	0.7639125	6.454874	1.058561	2.286414
12258	-1238.976	-1450.752	211.776	0.8154331	5.996559	1.16195	2.374602
12264	-1236.161	-1448.122	211.9606	0.7912355	7.063519	1.217663	2.084611
12270	-1236.252	-1448.676	212.4241	0.9098558	6.440392	1.169759	1.81292
12276	-1228.437	-1440.587	212.1504	0.8056576	6.440392	0.8896177	2.246681
12282	-1232.501	-1444.713	212.2117	0.9709407	6.440392	0.6811256	2.261908
12288	-1233.58	-1445.349	211.7693	0.825881	5.658835	1.477616	2.261908
12294	-1244.99	-1456.636	211.6455	0.7237589	6.543904	1.80777	2.124943
12300	-1215.002	-1425.929	210.9266	0.7379885	5.027635	1.697995	2.848921
12306	-1229.072	-1440.071	210.9988	0.8154294	6.560899	1.255297	2.72615
12312	-1235.381	-1447.683	212.3016	0.8660481	6.560899	1.191856	1.894787
12318	-1238.635	-1450.577	211.9418	0.8569849	6.560899	1.048819	2.225323
12324	-1237.099	-1449.008	211.909	0.9375763	4.964299	1.048819	2.449576
12330	-1248.204	-1459.023	210.8191	0.8189683	3.90162	1.55831	3.131578
12336	-1244.455	-1455.281	210.8257	0.8124127	3.90162	1.55831	3.131578
12342	-1235.028	-1446.823	211.7953	0.9668821	4.302298	1.389485	2.44192
12348	-1250.114	-1462.944	212.8296	0.8768269	4.626764	1.041409	1.961031
12354	-1232.519	-1443.358	210.8392	0.8588389	3.550078	1.627961	3.141512
12360	-1237.898	-1447.861	209.963	0.4612644	3.550078	1.723587	3.847509
12366	-1222.073	-1432.153	210.0807	0.6896173	3.550078	1.257231	3.847509
12372	-1224.336	-1434.619	210.283	0.9205765	4.564136	1.257231	3.399635
12378	-1234.998	-1445.949	210.9518	0.7105487	4.564136	1.027409	3.252237
12384	-1232.843	-1444.274	211.4315	0.8654651	4.197954	1.463155	2.716361
12390	-1249.722	-1462.512	212.7893	1.373741	5.781594	1.15432	1.327937
12396	-1252.133	-1465.216	213.083	1.398509	6.862882	0.6768645	1.286268
12402	-1249.836	-1463.117	213.2809	1.424323	5.17843	0.5915285	1.521824
12408	-1246.389	-1459.745	213.3552	1.544127	4.006409	0.5915285	1.638734
12414	-1243.065	-1456.073	213.0081	1.196759	4.560315	1.097526	1.590351
12420	-1253.601	-1465.523	211.9221	0.8662176	3.991554	1.290723	2.538602
12426	-1260.547	-1471.926	211.379	0.9675243	3.632029	1.290723	2.886758
12432	-1244.089	-1456.664	212.5751	1.120007	5.028439	1.40071	1.674507
12438	-1241.865	-1454.338	212.4733	1.161105	5.2496	1.40071	1.674507
12444	-1238.033	-1449.174	211.1411	0.9397882	3.998593	1.258579	2.985615
12450	-1245.383	-1457.591	212.2078	0.8364973	3.435365	1.258579	2.519871
12456	-1234.902	-1446.415	211.5134	0.8567426	4.834459	1.315542	2.622609
12462	-1241.801	-1454.178	212.3769	1.048104	4.767267	1.185325	2.032435
12468	-1240.214	-1451.848	211.6337	0.7343062	3.923362	2.234387	2.4272
12474	-1234.361	-1446.853	212.4914	1.20015	4.279138	1.530858	1.765761
12480	-1232.913	-1444.924	212.0112	0.8551795	3.923362	1.241258	2.530166
12486	-1246.055	-1458.195	212.1403	0.9533912	3.923362	1.241258	2.387525
12492	-1253.022	-1464.993	211.9717	1.138872	5.018192	1.299628	2.128406
12498	-1242.704	-1455.271	212.5673	1.122448	5.018192	1.356108	1.705141
12504	-1228.581	-1440.186	211.6056	1.155256	5.639441	1.669573	2.068974
12510	-1230.173	-1442.014	211.841	0.865624	5.202994	1.482336	2.264794
12516	-1227.573	-1440.016	212.4435	0.9844093	5.119205	1.078232	2.02915
12522	-1248.875	-1461.396	212.5202	0.9777205	5.189675	1.078232	1.969606
12528	-1234.432	-1447.459	213.0267	1.05631	4.126028	1.273226	1.665339
12534	-1235.808	-1448.724	212.9164	1.123744	4.126028	1.191401	1.745142
12540	-1240.283	-1452.864	212.581	1.078985	3.837924	1.388727	1.96067
12546	-1253.451	-1465.237	211.7862	0.9977077	4.06744	1.388727	2.476455
12552	-1243.552	-1456.517	212.9652	1.650765	3.609465	1.916008	1.01229
12558	-1250.757	-1463.952	213.1954	1.450444	3.263478	1.916008	1.108776
12564	-1245.756	-1458.851	213.095	1.450444	3.263478	1.916008	1.197453
12570	-1247.084	-1459.81	212.7262	1.471606	3.448178	1.916008	1.420991
12576	-1256.397	-1469.564	213.1666	1.465146	4.320592	1.456012	1.062918
12582	-1243.045	-1453.865	210.8204	0.6129665	5.524824	1.201633	3.133733
12588	-1230.723	-1442.388	211.6652	0.8520628	5.314009	1.201633	2.508135
12594	-1223.039	-1435.118	212.0787	0.8788866	5.314009	1.285617	2.182907
12600	-1228.356	-1440.414	212.0576	0.8411455	4.80287	1.54688	2.182907
12606	-1243.547	-1454.931	211.384	0.8386295	3.370438	2.089702	2.692066
12612	-1261.153	-1473.168	212.0147	1.009102	3.648824	1.306801	2.458105
12618	-1262.832	-1474.783	211.9508	1.038304	3.648824	1.508053	2.382012
12624	-1233.98	-1446.74	212.7595	1.185583	4.625174	1.409376	1.573194
12630	-1253.087	-1465.107	212.0199	0.9434301	3.301312	1.503214	2.483034
12636	-1247.525	-1459.381	211.8566	1.010829	4.041667	1.503214	2.374798
12642	-1246.315	-1457.045	210.7301	0.8488772	3.974402	1.413106	3.215686
12648	-1236.174	-1447.169	210.995	0.6097887	3.898781	1.413106	3.215686
12654	-1233.215	-1443.955	210.7391	0.6335964	6.112163	1.413106	2.979688
12660	-1248.149	-1460.188	212.0394	0.6918365	5.181199	1.413106	2.286314
12666	-1245.169	-1456.817	211.6477	0.7609345	6.698799	0.955182	2.512565
12672	-1235.98	-1447.881	211.9012	0.957275	6.736537	1.04239	2.165504
12678	-1234.415	-1446.988	212.5732	1.223055	5.232916	0.7045988	2.036774
12684	-1243.46	-1454.415	210.9552	0.8381295	4.986671	1.301607	2.954608
12690	-1239.749	-1450.786	211.0368	0.8278053	4.738243	1.301607	2.954608
12696	-1246.599	-1457.39	210.7903	0.8334232	3.98668	1.996587	2.953472
12702	-1240.561	-1451.451	210.8894	0.8225191	3.931309	1.943378	2.930691
12708	-1251.664	-1462.627	210.9628	0.8461024	4.248048	1.774257	2.872364
12714	-1243.243	-1453.848	210.6043	0.634358	4.483165	1.882344	3.129491
12720	-1240.543	-1450.798	210.2549	0.5822397	4.502893	1.982994	3.327582
12726	-1238.152	-1448.404	210.2525	0.8015614	4.197173	1.464387	3.458223
12732	-1242.089	-1452.378	210.2886	0.6679884	4.197173	1.599278	3.458223
12738	-1238.83	-1449.031	210.2004	0.6144692	3.441941	2.079431	3.519107
12744	-1241.518	-1451.872	210.3539	0.6053767	3.441941	2.079431	3.434768
12750	-1235.363	-1445.893	210.5298	0.7908678	3.483891	2.079431	3.212684
12756	-1237.401	-1449.343	211.9426	0.9700343	3.483891	1.507476	2.468834
12762	-1258.797	-1472.106	213.3097	1.360537	4.151684	1.009897	1.400437
12768	-1247.595	-1460.15	212.5552	1.259833	4.71799	1.599532	1.546083
12774	-1251.039	-1463.28	212.2414	1.206598	4.71799	1.716014	1.75275
12780	-1238.302	-1450.922	212.6195	1.236399	4.71799	1.716014	1.456042
12786	-1255.532	-1468.243	212.7109	1.138087	5.04391	1.516816	1.495199
12792	-1253.181	-1465.658	212.4778	1.238009	5.259267	1.516816	1.550472
12798	-1248.311	-1460.732	212.4215	1.250372	5.985342	1.516816	1.444486
12804	-1226.579	-1438.5	211.9203	0.8296659	5.23757	1.126979	2.41672
12810	-1235.82	-1447.927	212.1076	0.7727567	5.662967	1.221734	2.209051
12816	-1237.966	-1449.573	211.607	0.7994125	4.379389	1.680096	2.51794
12822	-1242.098	-1453.95	211.8524	1.027553	4.714137	1.680096	2.15188
12828	-1237.925	-1449.917	211.9924	1.134952	5.346528	1.145765	2.145399
12834	-1240.498	-1452.74	212.2418	1.005663	6.576647	1.145765	1.865962
12840	-1246.18	-1458.41	212.2297	0.9408512	6.92799	1.145765	1.865962
12846	-1252.503	-1464.124	211.6207	0.9699689	6.159092	1.214758	2.320994
12852	-1254.892	-1466.517	211.6246	0.8970147	4.331698	1.485438	2.541022
12858	-1249.794	-1461.933	212.1391	0.9609914	4.331698	0.9705514	2.457641
12864	-1238.374	-1449.788	211.4134	0.7520533	6.013938	1.1623	2.637917
12870	-1244.024	-1455.405	211.382	0.7112547	6.313275	1.538008	2.451943
12876	-1240.45	-1452.268	211.8175	0.7955142	6.313275	1.302055	2.236555
12882	-1241.858	-1452.77	210.912	0.904843	3.789312	1.454827	3.093468
12888	-1240.525	-1451.6	211.075	0.78446	3.789312	1.537943	3.03147
12894	-1237.611	-1449.277	211.6661	0.8359807	3.497485	1.537943	2.706472
12900	-1240.874	-1451.923	211.0481	0.6894747	4.190093	1.537943	3.023416
12906	-1227.84	-1439.266	211.4257	0.9648672	4.773078	1.294284	2.6317
12912	-1228.38	-1440.888	212.508	1.296682	3.747513	1.294284	1.935599
12918	-1237.227	-1449.444	212.2173	0.9839982	3.747513	1.294284	2.329983
12924	-1229.987	-1442.197	212.2105	1.078279	4.555949	1.894872	1.817842
12930	-1240.364	-1452.474	212.1094	1.098793	4.397517	1.867898	1.91745
12936	-1251.164	-1463.25	212.0862	1.056003	2.968323	1.752359	2.348002
12942	-1254.671	-1466.701	212.0303	0.9398272	3.443012	1.752359	2.335725
12948	-1246.941	-1458.95	212.0082	1.102459	3.834487	1.357511	2.335725
12954	-1263.403	-1474.391	210.988	0.8165049	4.012342	1.009647	3.282372
12960	-1256.343	-1467.277	210.9338	0.8518003	3.727365	1.604119	3.060722
12966	-1246.728	-1458.194	211.4651	0.8421438	4.272517	1.383192	2.73286
12972	-1253.859	-1466.181	212.3219	0.9372691	4.935893	1.000028	2.222631
12978	-1238.229	-1450.036	211.807	0.914234	5.267527	0.8434681	2.609391
12984	-1242.164	-1454.381	212.2172	1.132036	4.272517	0.9642597	2.315991
12990	-1262.805	-1471.89	209.0848	0.5441127	3.609596	2.142264	4.144964
12996	-1257.052	-1467.771	210.7196	0.7531453	3.725437	2.469169	2.945536
13002	-1252.883	-1465.655	212.7722	1.142124	3.795839	1.221984	1.890931
13008	-1237.865	-1449.8	211.9354	0.9053969	3.600109	1.309397	2.582008
13014	-1244.092	-1453.777	209.6845	0.5875315	4.17496	1.430965	3.929263
13020	-1244.525	-1455.452	210.9266	0.5952259	4.734438	1.296795	3.162566
13026	-1245.501	-1456.723	211.2219	0.7698271	4.465199	1.106725	3.029335
13032	-1233.255	-1444.548	211.2931	0.7160951	3.685408	1.553674	2.956991
13038	-1234.395	-1445.584	211.1893	0.8198705	3.685408	1.553674	2.956991
13044	-1239.29	-1450.516	211.2257	0.8370931	4.037028	1.434774	2.904021
13050	-1229.567	-1440.9	211.3335	0.7963189	4.037028	1.511806	2.828643
13056	-1231.881	-1443.688	211.8069	0.814981	5.940278	1.406821	2.234247
13062	-1241.892	-1454.104	212.2127	0.8775924	5.489894	0.9505047	2.267108
13068	-1242.867	-1454.703	211.8355	0.995771	5.489894	0.7123261	2.602877
13074	-1242.725	-1454.261	211.5358	0.684209	4.916433	1.52211	2.602877
13080	-1232.179	-1442.873	210.6933	0.7101321	4.968422	1.679595	3.023745
13086	-1242.083	-1451.827	209.7448	0.6309825	3.930099	1.679595	3.814525
13092	-1236.075	-1447.441	211.3665	0.5847488	4.406598	1.479157	2.879296
13098	-1240.137	-1451.624	211.4867	0.9443235	5.159372	1.479157	2.448759
13104	-1235.997	-1447.522	211.5249	0.7638327	5.701936	1.479157	2.448759
13110	-1252.868	-1465.307	212.4395	1.184344	3.845549	1.856885	1.761388
13116	-1255.169	-1467.827	212.6581	1.127234	3.845549	1.856885	1.647093
13122	-1246.253	-1456.892	210.6398	0.6422518	3.433589	1.662398	3.39902
13128	-1239.049	-1449.934	210.8849	0.6955195	3.299643	1.866748	3.175605
13134	-1230.703	-1441.484	210.7813	0.768481	3.378041	1.866748	3.175605
13140	-1232.893	-1443.742	210.8481	0.6149185	3.378041	1.866748	3.227036
13146	-1219.171	-1429.869	210.6989	0.7165086	3.381826	1.866748	3.25435
13152	-1221.178	-1430.763	209.5848	0.4920208	3.811049	1.255348	4.190736
13158	-1232.573	-1443.569	210.9961	0.5564099	3.610763	1.255348	3.381467
13164	-1234.323	-1446.299	211.976	0.8361673	4.629662	1.255348	2.415352
13170	-1237.978	-1449.257	211.2793	0.7123165	4.668287	1.08035	3.00741
13176	-1262.752	-1473.762	211.0103	0.5645225	4.854377	1.519892	3.00741
13182	-1231.681	-1442.243	210.5616	0.7782855	4.779124	1.283677	3.268928
13188	-1228.685	-1439.898	211.2131	0.6709627	4.779124	1.283677	2.944618
13194	-1238.465	-1449.9	211.4355	0.8899098	5.662054	0.9712901	2.70507
13200	-1245.982	-1457.51	211.5287	0.7095051	4.077187	1.343975	2.832516
13206	-1240.135	-1452.017	211.8811	0.7547609	5.235944	1.184172	2.456567
13212	-1228.158	-1440.332	212.1741	0.9396006	5.701339	1.014146	2.175515
13218	-1226.762	-1439.317	212.5545	0.9630062	3.767548	1.014146	2.284594
13224	-1234.215	-1446.236	212.0206	0.9431123	3.058426	1.46477	2.561982
13230	-1258.169	-1469.12	210.9517	0.6363369	4.326488	1.055812	3.323121
13236	-1259.353	-1471.096	211.7432	0.7963155	4.691882	0.9582565	2.744443
13242	-1226.101	-1436.391	210.2895	0.727008	3.787908	1.393171	3.592195
13248	-1233.31	-1444.618	211.3082	0.7614318	3.787908	1.105023	3.116739
13254	-1241.76	-1454.161	212.4018	0.9842038	3.173853	1.105023	2.455192
13260	-1242.315	-1454.381	212.0657	0.9942787	3.603898	1.28214	2.458398
13266	-1240.764	-1452.957	212.1926	1.222917	4.008644	1.296201	2.132813
13272	-1238.904	-1451.836	212.9317	1.339011	5.050991	1.292305	1.300405
13278	-1240.431	-1452.502	212.0712	0.9489202	5.802761	1.292305	2.056121
13284	-1244.409	-1456.636	212.2268	1.170632	4.367136	1.697392	1.869788
13290	-1234.354	-1446.023	211.6688	0.949702	4.367136	2.184301	2.191975
13296	-1233.745	-1445.478	211.7325	1.007257	4.367136	2.184301	2.112989
13302	-1247.386	-1459.288	211.9016	0.823022	4.524021	1.208755	2.515219
13308	-1265.746	-1477.256	211.5093	0.9515737	6.14667	0.7732009	2.68414
13314	-1243.909	-1456.26	212.351	0.9810277	5.352336	1.10148	2.036508
13320	-1238.222	-1450.667	212.4455	1.057196	6.336227	1.090238	1.762695
13326	-1242.244	-1454.356	212.1123	0.8911098	6.336227	1.090238	2.099851
13332	-1231.419	-1443.237	211.8183	0.9460605	6.336227	1.303635	2.134175
13338	-1233.422	-1444.845	211.4232	0.789746	5.727155	1.280779	2.58914
13344	-1235.622	-1447.845	212.2228	0.9552467	5.460521	1.196215	2.063095
13350	-1238.941	-1451.509	212.568	0.9971189	4.690512	1.235777	1.924572
13356	-1231.526	-1443.152	211.6257	1.099436	4.984649	1.294136	2.38497
13362	-1232.86	-1444.699	211.8388	0.7887383	4.801495	1.403823	2.424427
13368	-1226.365	-1438.49	212.1246	0.9679274	4.801495	1.403823	2.126306
13374	-1229.2	-1440.447	211.2471	0.6698906	6.210999	0.8791879	2.931471
13380	-1223.781	-1435.151	211.3695	0.7491574	4.932721	0.8752922	3.010548
13386	-1231.856	-1443.223	211.367	0.7596171	4.932721	0.7448888	3.097119
13392	-1241.356	-1452.443	211.0875	0.7596171	5.679351	0.8111194	3.097119
13398	-1242.093	-1453.57	211.4775	0.7277756	5.302063	0.8111194	2.941229
13404	-1239.449	-1451.078	211.6293	0.8484072	5.302063	1.223463	2.523004
13410	-1233.751	-1445.895	212.1439	0.8657703	5.095295	1.377858	2.139346
13416	-1242.611	-1454.794	212.1829	0.8657703	5.098397	1.377858	2.113297
13422	-1243.685	-1455.738	212.0532	0.7707621	5.921459	0.9168939	2.390085
13428	-1241.226	-1452.904	211.6772	0.8187871	5.921459	0.9168939	2.595224
13434	-1254.855	-1466.275	211.4205	0.7462486	3.80668	1.288786	2.958496
13440	-1263.092	-1473.724	210.6316	0.7160153	3.630027	1.386798	3.434962
13446	-1255.297	-1466.123	210.8265	0.8310661	2.555324	1.573916	3.434962
13452	-1233.517	-1445.22	211.7032	1.000221	3.480738	2.368773	2.270184
13458	-1231.188	-1443.096	211.9083	0.9525462	3.846837	1.708884	2.330079
13464	-1235.918	-1447.801	211.8831	0.9840321	5.290891	1.708884	2.041385
13470	-1248.5	-1459.742	211.2419	0.7394441	5.290891	1.436231	2.725439
13476	-1243.893	-1455.034	211.1406	0.6861895	5.290891	1.598175	2.747838
13482	-1244.246	-1455.179	210.9332	0.709556	6.1084	1.371888	2.836517
13488	-1227.305	-1438.889	211.5834	0.682315	5.776507	1.158258	2.614143
13494	-1227.319	-1439.421	212.1019	1.080022	4.264092	1.158258	2.305848
13500	-1235.149	-1447.434	212.2854	0.9309275	5.374664	1.171507	2.067046
13506	-1241.03	-1453.713	212.6833	1.192111	5.35101	0.8080452	1.876836
13512	-1230.354	-1443.083	212.7293	1.217036	6.912409	0.9131639	1.476902
13518	-1239.902	-1452.254	212.352	1.060733	6.912409	0.9131639	1.858681
13524	-1248.939	-1460.996	212.0576	1.137585	5.607293	0.6957997	2.369529
13530	-1245.742	-1458.148	212.406	1.004988	6.023868	0.7491276	2.120658
13536	-1239.359	-1451.258	211.8996	0.779922	6.863707	1.159366	2.193028
13542	-1240.235	-1452.512	212.2771	0.9327603	5.820776	0.9474194	2.137593
13548	-1234.019	-1445.602	211.5832	0.8795191	5.820776	0.9474194	2.611194
13554	-1245.957	-1458.236	212.2795	1.014022	5.089612	1.703201	1.792459
13560	-1242.911	-1455.032	212.1207	0.8380998	4.433092	1.003869	2.505189
13566	-1248.611	-1460.457	211.8469	0.8525014	4.136064	1.418075	2.501001
13572	-1246.748	-1458.365	211.6169	0.9596317	5.806479	1.020858	2.496401
13578	-1236.808	-1448.536	211.7281	0.9327154	5.836029	0.9555038	2.480383
13584	-1239.131	-1451.175	212.0441	0.8516033	5.836029	0.9555038	2.332104
13590	-1231.764	-1444.024	212.2606	0.9020963	5.836029	0.9555038	2.160374
13596	-1234.404	-1446.408	212.004	0.940633	5.3279	1.421505	2.118537
13602	-1237.614	-1449.115	211.5018	0.7822554	3.835741	1.295066	2.878472
13608	-1237.813	-1449.289	211.4756	0.7962997	4.560862	1.295066	2.742919
13614	-1237.572	-1448.907	211.3343	0.7022549	4.560862	1.336715	2.8655
13620	-1241.525	-1453.744	212.2192	1.041984	4.957412	1.336715	2.020594
13626	-1253.199	-1465.718	212.5188	1.256248	4.957412	1.3825	1.641726
13632	-1263.401	-1474.091	210.6898	0.6237604	4.081004	1.944805	3.138553
13638	-1261.53	-1473.236	211.7058	0.9851337	4.081004	1.944805	2.292909
13644	-1247.672	-1459.599	211.9274	1.04276	3.412776	1.476437	2.464071
13650	-1246.726	-1457.746	211.0201	0.735687	3.322707	1.112828	3.399779
13656	-1233.84	-1444.378	210.5372	0.7292978	3.808445	1.112828	3.580453
13662	-1237.654	-1448.629	210.9742	0.6086603	3.789663	0.9797935	3.474931
13668	-1233.262	-1444.157	210.895	0.7355539	4.086003	1.042402	3.351385
13674	-1242.155	-1453.148	210.9928	0.9077243	4.49144	1.042402	3.115406
13680	-1248.077	-1459.035	210.9578	0.7103526	4.055252	1.062785	3.323766
13686	-1249.624	-1461.125	211.5014	0.7598599	4.938923	1.062785	2.807254
13692	-1239.268	-1451.456	212.1877	0.9592992	4.225417	1.145038	2.343623
13698	-1238.611	-1450.587	211.9755	0.9895766	3.48061	2.152271	2.175808
13704	-1239.738	-1451.423	211.6847	0.9676521	3.725036	1.417179	2.617912
13710	-1248.346	-1460.518	212.1722	0.9118333	4.172381	0.7973273	2.617912
13716	-1246.726	-1458.31	211.5838	0.9118333	3.803059	1.009781	2.912948
13722	-1250.986	-1461.886	210.8995	0.7914985	4.345785	1.26333	3.14867
13728	-1246.268	-1457.349	211.0809	0.7967554	3.450377	1.177871	3.264588
13734	-1244.371	-1454.673	210.3018	0.7954103	3.450377	1.899304	3.414287
13740	-1248.527	-1459.396	210.8683	0.6956	3.38087	1.29655	3.405304
13746	-1249.689	-1460.171	210.4817	0.5589664	4.296747	1.502181	3.431006
13752	-1245.396	-1456.549	211.1526	0.9002694	4.296747	1.502181	2.828314
13758	-1254.596	-1466.558	211.9618	0.6897614	4.690995	1.502181	2.382882
13764	-1238.087	-1449.147	211.0601	0.7515981	3.639063	1.660339	3.040975
13770	-1242.424	-1453.488	211.0634	0.7891695	3.734754	1.434911	3.092633
13776	-1231.539	-1442.357	210.8182	0.6548958	4.016274	1.84541	3.092633
13782	-1229.712	-1440.983	211.2714	0.8543688	4.070477	1.502506	2.828492
13788	-1238.538	-1449.622	211.084	0.754589	5.014498	1.502506	2.828492
13794	-1235.855	-1446.459	210.6031	0.6839203	5.014498	1.429852	3.191858
13800	-1234.04	-1445.068	211.0281	0.6896372	3.538581	1.487441	3.191858
13806	-1227.215	-1438.602	211.3866	0.8271344	4.514325	1.499948	2.689736
13812	-1214.928	-1425.805	210.8768	0.6486273	4.528873	1.499948	3.10316
13818	-1227.496	-1438.648	211.1521	0.6551554	4.589486	1.499948	2.92317
13824	-1235.85	-1447.222	211.3712	0.7989132	4.875379	0.979399	2.92317
13830	-1232.231	-1444.187	211.9556	0.8007896	4.875379	1.318059	2.372441
13836	-1234.598	-1446.803	212.2046	0.894505	4.272934	1.318059	2.269987
13842	-1242.046	-1452.71	210.6645	0.8918504	4.080192	1.318059	3.252526
13848	-1242.766	-1453.908	211.1421	0.7820356	4.080192	1.27194	3.056481
13854	-1242.27	-1453.167	210.8972	0.8094132	4.080192	1.204343	3.22008
13860	-1231.759	-1443.359	211.5991	0.809089	5.135849	1.255871	2.577092
13866	-1248.311	-1459.986	211.675	0.8249583	5.175051	1.529221	2.379432
13872	-1244.254	-1456.368	212.1138	0.8872456	5.222648	1.092394	2.280104
13878	-1233.942	-1445.077	211.1341	0.9545756	3.806679	2.532472	2.532009
13884	-1243.128	-1455.134	212.0057	1.011353	5.523343	1.600926	1.949573
13890	-1236.467	-1448.433	211.9664	1.054183	4.051563	1.624222	2.219751
13896	-1244.586	-1456.828	212.2417	0.9540144	4.719655	1.362727	2.095378
13902	-1249.355	-1461.449	212.0944	1.042425	4.873598	1.660187	1.96043
13908	-1247.107	-1458.809	211.7022	0.9026309	3.689197	1.660187	2.546715
13914	-1246.082	-1457.16	211.0777	0.6401976	4.37155	1.660187	2.949193
13920	-1246.162	-1457.405	211.2436	0.8788055	4.37155	1.202541	2.916587
13926	-1240.529	-1451.342	210.8126	0.6686269	4.698428	1.26804	3.20707
13932	-1256.101	-1467.533	211.4313	0.903174	3.472595	0.861892	3.17445
13938	-1256.102	-1467.282	211.1792	0.8999541	4.386508	1.625355	2.741677
13944	-1230.127	-1441.97	211.8424	0.8483716	3.883482	1.26804	2.633608
13950	-1244.56	-1456.235	211.6745	0.8927852	5.266934	1.26804	2.449181
13956	-1230.586	-1442.254	211.6678	0.9012798	5.266934	1.613553	2.281614
13962	-1242.767	-1455.086	212.3192	0.8544153	5.347144	1.183219	2.093176
13968	-1240.356	-1452.636	212.2802	1.037177	5.671002	1.041134	2.029498
13974	-1244.873	-1456.3	211.4266	1.066328	5.125628	1.041134	2.646274
13980	-1225.999	-1437.223	211.2241	0.6790886	4.106307	1.407394	2.998876
13986	-1233.769	-1444.411	210.6424	0.7313442	2.677867	1.466515	3.611994
13992	-1239.383	-1449.123	209.7399	0.6044991	3.432628	2.029109	3.810288
13998	-1235.947	-1446.959	211.0118	0.6949432	3.432628	2.029109	3.011522
14004	-1239.855	-1450.319	210.464	0.572974	4.184415	1.306756	3.542394
14010	-1231.74	-1444.302	212.5616	0.8978098	4.514484	1.009807	2.166878
14016	-1226.801	-1438.882	212.0811	0.9307756	4.892282	1.009807	2.382325
14022	-1258.974	-1470.527	211.5528	0.9702791	3.555079	1.487901	2.702797
14028	-1238.46	-1450.158	211.6973	0.8372566	3.821419	1.34804	2.702797
14034	-1249.024	-1460.296	211.2714	0.7697801	2.803025	1.611675	3.124952
14040	-1240.569	-1451.688	211.1188	0.7520005	3.465	1.611675	3.064193
14046	-1254.33	-1465.435	211.1043	0.8244239	4.140056	1.774025	2.821001
14052	-1243.983	-1455.857	211.8739	0.9328876	3.248883	1.262186	2.709741
14058	-1252.539	-1464.947	212.4079	1.131259	3.826312	1.166264	2.165323
14064	-1244.165	-1456.819	212.6535	1.092287	3.642404	0.7919114	2.321108
14070	-1242.508	-1454.984	212.4765	0.9699743	4.174437	1.246165	2.104004
14076	-1238.435	-1449.841	211.406	0.8686107	4.226938	1.630747	2.650455
14082	-1237.319	-1448.029	210.7101	0.7911331	4.174467	1.703394	3.099314
14088	-1240.636	-1451.357	210.7208	0.820821	3.895718	2.001348	3.019713
14094	-1227.004	-1438.103	211.0992	0.7739479	3.895718	1.257679	3.131166
14100	-1235.943	-1447.595	211.6514	0.9293923	3.895718	1.721428	2.490836
14106	-1244.91	-1456.628	211.7176	0.9295592	2.920566	2.032256	2.56398
14112	-1239.051	-1450.504	211.4527	0.9295592	3.07306	2.801991	2.444673
14118	-1230.816	-1442.728	211.9126	0.9430206	3.07306	1.654987	2.541108
14124	-1236.458	-1447.872	211.4139	0.7010384	3.07306	1.654987	2.993343
14130	-1223.505	-1433.932	210.4267	0.7068569	3.620079	2.012564	3.316145
14136	-1229.063	-1440.062	210.9996	0.5977016	4.217127	1.342115	3.190327
14142	-1227.963	-1440.564	212.6012	1.084734	4.371141	1.735628	1.649589
14148	-1243.144	-1455.245	212.1008	0.9215623	5.611239	1.157436	2.162069
14154	-1230.677	-1441.785	211.1084	0.7354094	3.861735	1.714262	2.952642
14160	-1231.978	-1443.178	211.1998	0.9014217	3.712054	2.370867	2.595186
14166	-1240.032	-1450.271	210.2396	0.4336607	3.833262	2.370867	3.426729
14172	-1232.639	-1443.379	210.7399	0.4477521	4.27746	2.370867	3.0348
14178	-1236.054	-1446.728	210.6748	0.7021314	3.761999	2.370867	3.02507
14184	-1234.008	-1444.717	210.709	0.818913	3.809474	2.370867	2.924279
14190	-1232.567	-1443.075	210.5079	0.5838619	6.068281	1.89217	2.957832
14196	-1227.535	-1438.589	211.0541	0.8336823	4.822569	1.238088	2.957832
14202	-1229.886	-1441.373	211.4874	0.8197371	4.822569	0.9395932	2.87437
14208	-1230.492	-1442.869	212.3768	0.9583239	4.822569	0.9366842	2.23643
14214	-1226.062	-1438.392	212.3301	1.197152	4.298459	1.029392	2.153927
14220	-1228.202	-1441.507	213.3047	1.227572	5.691797	0.7574815	1.381433
14226	-1246.714	-1459.962	213.2482	1.379803	5.599908	0.7574815	1.323957
14232	-1245.659	-1457.019	211.3603	0.9823516	5.616276	0.8874242	2.75589
14238	-1241.61	-1453.6	211.9901	0.9937357	5.431425	1.001608	2.31169
14244	-1240.353	-1452.425	212.0713	0.8585469	3.977207	1.657361	2.279553
14250	-1245.299	-1458.458	213.1595	1.729686	4.676589	1.454655	0.5581315
14256	-1242.743	-1455.654	212.9103	1.58914	4.676589	1.906221	0.7449221
14262	-1246.117	-1459.209	213.0919	1.566199	4.270495	1.906221	0.6889545
14268	-1248.9	-1462.067	213.1663	1.566199	4.270495	1.661038	0.8138737
14274	-1247.986	-1460.937	212.9514	1.80506	3.702586	1.931898	0.8072043
14280	-1241.577	-1454.338	212.7603	1.212188	3.727265	1.519746	1.704695
14286	-1259.072	-1470.177	211.1051	0.9858541	4.67585	2.485499	2.369351
14292	-1259.754	-1471.943	212.1897	0.9441238	4.67585	0.97158	2.369351
14298	-1245.311	-1456.888	211.5777	0.7805113	4.67585	1.041047	2.807364
14304	-1236.527	-1447.444	210.9163	0.7257479	3.664477	1.609252	3.157584
14310	-1236.165	-1447.643	211.4779	0.8013246	4.263424	1.273676	2.805593
14316	-1227.696	-1437.814	210.1181	0.7510391	3.06956	1.564072	3.762975
14322	-1236.238	-1446.814	210.5761	0.7273345	5.078954	1.677101	3.066123
14328	-1237.643	-1449.595	211.952	0.9560156	5.003227	1.677101	2.080464
14334	-1234.52	-1446.993	212.4723	2.276884	5.19106	1.268236	0.2749051
14340	-1243.56	-1455.278	211.7179	0.9031179	4.823197	1.677101	2.299632
14346	-1233.54	-1444.993	211.4529	0.8167575	4.842171	1.677101	2.517963
14352	-1238.862	-1451.718	212.8564	1.283998	4.976493	1.202498	1.478005
14358	-1262.331	-1475.588	213.2573	1.472671	3.693586	1.329579	1.249246
14364	-1242.367	-1455.718	213.3503	1.385928	4.323989	1.068403	1.25751
14370	-1239.231	-1452.357	213.1259	1.56688	3.789344	1.317859	1.259731
14376	-1243.474	-1457.058	213.5835	1.523912	3.789344	1.187403	0.9839634
14382	-1225.099	-1438.519	213.4199	1.600789	4.535916	1.187403	0.8050894
14388	-1224.054	-1436.85	212.796	1.477038	4.704299	1.859306	1.030967
14394	-1225.688	-1439.112	213.4245	1.67717	4.576112	1.163568	0.697006
14400	-1230.177	-1443.092	212.9151	1.560737	5.356021	1.438104	0.932607
14406	-1237.82	-1450.975	213.1546	1.522417	4.965047	1.37602	0.8809378
14412	-1249.001	-1462.238	213.2375	1.707078	4.919868	1.271267	0.6213858
14418	-1251.011	-1463.992	212.9815	1.707078	4.560731	1.724045	0.6792287
14424	-1250.171	-1463.192	213.0217	1.650697	4.560731	1.748832	0.6792287
14430	-1250.604	-1463.279	212.6751	1.226664	4.695008	1.746477	1.410692
14436	-1253.201	-1466.265	213.0633	1.236961	4.758127	1.306524	1.334476
14442	-1247.206	-1459.611	212.4053	1.067156	4.979305	1.377792	1.852009
14448	-1235.273	-1447.458	212.1853	1.057921	4.979305	1.377792	2.006773
14454	-1249.796	-1461.678	211.8825	0.6749619	4.854584	1.032036	2.658876
14460	-1225.86	-1439.284	213.4242	1.483768	4.578702	1.184517	0.9265107
14466	-1218.776	-1431.769	212.9935	1.196129	5.832074	1.184517	1.274382
14472	-1233.728	-1444.717	210.9891	0.7200974	4.949523	1.032036	3.155074
14478	-1234.467	-1445.854	211.3875	0.6805566	5.24273	1.210259	2.792194
14484	-1226.517	-1439.693	213.1758	1.179068	4.626879	1.111649	1.453964
14490	-1221.214	-1433.8	212.5861	1.031292	5.944006	1.111649	1.733483
14496	-1218.892	-1431.053	212.1609	1.025095	5.771032	1.187137	2.010651
14502	-1225.744	-1438.1	212.3565	0.9009599	6.218817	0.995587	2.010651
14508	-1224.388	-1436.198	211.809	0.7771364	7.889044	0.8133591	2.344719
14514	-1230.812	-1442.701	211.8889	0.9681399	7.889044	0.8165083	2.168375
14520	-1224.062	-1436.149	212.087	0.9838972	5.782733	0.8165083	2.325978
14526	-1227.428	-1439.832	212.404	1.024794	6.623134	0.8165083	1.963592
14532	-1227.18	-1439.646	212.4664	1.068795	5.365931	1.158064	1.862735
14538	-1239.687	-1452.226	212.5391	1.225456	6.37343	1.158064	1.523499
14544	-1240.31	-1452.396	212.0857	1.188014	4.78864	1.902268	1.777387
14550	-1254.016	-1467.183	213.1667	1.873652	4.245019	1.431721	0.4493796
14556	-1256.851	-1469.859	213.0076	1.938224	4.245019	1.559584	0.4476618
14562	-1237.371	-1450.445	213.0744	1.17359	4.280154	1.276228	1.50662
14568	-1239.107	-1451.552	212.4445	1.159301	3.576929	2.426823	1.617966
14574	-1243.203	-1455.431	212.2281	1.0305	4.318793	1.643789	1.998075
14580	-1255.263	-1468.606	213.3425	1.750002	4.570654	1.239432	0.5592678
14586	-1246.637	-1459.732	213.0947	1.614018	5.951218	1.239432	0.59917
14592	-1240.626	-1453.631	213.0049	1.638757	5.751366	1.239432	0.802366
14598	-1245.835	-1458.918	213.0825	1.663988	5.609589	1.224388	0.7235757
14604	-1248.579	-1460.928	212.3488	1.065198	3.663308	1.435679	2.140449
14610	-1237.799	-1450.028	212.2284	1.143324	3.835385	1.104857	2.307025
14616	-1250.178	-1461.732	211.554	1.138322	4.184404	1.617605	2.404268
14622	-1240.036	-1451.749	211.7135	1.07548	4.36646	1.306978	2.4537
14628	-1233.691	-1446.052	212.3613	1.14151	4.93038	1.306978	1.879448
14634	-1241.902	-1453.697	211.7948	1.185149	4.236075	1.740286	2.156479
14640	-1233.393	-1443.507	210.1143	0.7479201	4.181218	1.335158	3.631181
14646	-1235.534	-1446.545	211.0107	0.837265	4.383364	1.094015	3.137317
14652	-1235.929	-1448.134	212.2046	0.969523	4.916265	0.9730173	2.298355
14658	-1239.512	-1451.466	211.9544	0.8730833	4.916265	1.110013	2.433793
14664	-1231.795	-1443.242	211.4463	0.7219041	4.916265	1.554586	2.620512
14670	-1232.845	-1444.789	211.9443	0.9915326	3.490169	1.554586	2.431424
14676	-1237.77	-1450.467	212.6977	1.402438	3.505538	1.554586	1.653603
14682	-1251.538	-1464.434	212.8956	1.157688	3.812106	1.073464	1.883686
14688	-1233.717	-1446.169	212.4524	1.165459	4.571525	1.780254	1.633418
14694	-1255.587	-1468.083	212.4952	1.190798	5.990945	1.106093	1.680537
14700	-1250.431	-1462.805	212.374	1.118079	5.990945	1.397881	1.642654
14706	-1269.603	-1481.795	212.1914	0.8768861	5.990945	1.397881	1.936938
14712	-1255.594	-1467.537	211.9434	0.8605752	6.416748	1.207536	2.149053
14718	-1242.635	-1454.531	211.8956	0.9003328	5.888319	1.207536	2.235184
14724	-1223.634	-1435.559	211.925	0.8140276	3.966207	1.346301	2.546605
14730	-1231.064	-1442.032	210.9683	0.7480034	4.024447	1.517128	3.077805
14736	-1239.27	-1450.688	211.4175	0.8697727	4.246354	1.517128	2.688284
14742	-1242.891	-1454.335	211.4441	0.8330306	4.246354	1.531167	2.688284
14748	-1240.598	-1452.497	211.8992	1.058738	3.934946	1.531167	2.327272
14754	-1240.892	-1452.805	211.9135	1.034112	4.8624	1.757469	2.045591
14760	-1242.899	-1454.776	211.8769	1.139576	4.230505	1.757469	2.126466
14766	-1251.162	-1463.069	211.9071	1.158473	3.626182	1.549747	2.319495
14772	-1242.353	-1454.465	212.112	1.017933	4.914138	1.784416	1.90194
14778	-1245.122	-1457.177	212.0549	1.120897	3.782595	1.784416	2.109477
14784	-1252.61	-1464.318	211.7076	1.006937	3.628381	2.24922	2.268139
14790	-1237.55	-1449.41	211.8597	0.9740186	4.763079	1.569234	2.222126
14796	-1243.808	-1456.256	212.4481	1.166697	4.898204	1.444141	1.733831
14802	-1235.34	-1447.953	212.6135	1.119649	4.537488	1.319917	1.793161
14808	-1244.351	-1457.482	213.1312	1.449647	5.081064	0.9408804	1.305753
14814	-1245.571	-1458.296	212.7247	1.091383	5.081064	1.373987	1.59182
14820	-1249.66	-1460.615	210.9544	0.8798189	5.800119	1.080173	2.917748
14826	-1256.677	-1467.425	210.7485	0.8344523	5.800119	1.039009	3.092132
14832	-1237.764	-1448.801	211.0369	0.7335298	6.207519	0.9521519	2.973226
14838	-1247.056	-1458.838	211.7823	0.7128644	6.1801	1.108315	2.438511
14844	-1244.624	-1456.34	211.7165	0.6470476	4.963396	1.417082	2.554245
14850	-1237.399	-1448.376	210.9768	0.7381788	5.401254	1.108315	3.034887
14856	-1236.828	-1447.337	210.5087	0.7025692	5.401254	1.108315	3.333694
14862	-1234.846	-1446.369	211.5231	1.009857	5.057884	1.002735	2.656447
14868	-1246.654	-1458.611	211.9567	0.9622001	4.812005	1.278803	2.301188
14874	-1248.172	-1460.534	212.3621	1.049051	4.464431	1.426462	1.970619
14880	-1249.973	-1462.562	212.5886	1.181732	4.464431	1.381842	1.748432
14886	-1251.147	-1463.417	212.2692	1.125206	4.464431	2.639512	1.47568
14892	-1237.047	-1448.682	211.6346	0.8554904	6.812864	1.4654	2.161037
14898	-1240.127	-1452.239	212.1121	0.9193586	5.394487	1.4654	2.027814
14904	-1240.786	-1452.894	212.1074	1.0773	4.838023	1.4654	2.027814
14910	-1230.14	-1442.756	212.6158	0.9435448	5.742653	1.226399	1.737443
14916	-1234.588	-1446.828	212.2397	1.045519	5.445723	1.914889	1.635796
14922	-1237.552	-1449.86	212.3079	1.089642	5.561664	1.554467	1.70331
14928	-1233.733	-1446.439	212.7065	1.087229	5.320019	0.831405	1.919497
14934	-1246.558	-1458.852	212.2944	1.039463	4.95197	1.650858	1.815514
14940	-1236.985	-1449.243	212.2587	1.156696	5.14888	1.466464	1.81226
14946	-1240.669	-1452.869	212.2001	1.199728	5.189462	1.466464	1.815316
14952	-1235.443	-1448.448	213.0047	1.383493	4.095205	1.383324	1.379153
14958	-1248.386	-1460.925	212.5396	1.284433	5.676076	1.349163	1.483914
14964	-1245.013	-1457.523	212.5098	1.129336	4.40724	1.320922	1.884656
14970	-1248.867	-1461.784	212.9164	1.346265	5.102432	1.371692	1.242655
14976	-1243.384	-1456.416	213.032	1.340729	4.17511	1.554849	1.267612
14982	-1242.474	-1454.448	211.9742	0.7322992	5.669758	1.090416	2.394303
14988	-1242.247	-1454.036	211.7891	0.9195345	5.555847	1.310929	2.289046
14994	-1230.711	-1442.005	211.2933	0.4941416	4.737037	1.310929	2.996634
15000	-1235.603	-1446.344	210.7412	0.743669	4.900264	1.082656	3.267413
15006	-1227.864	-1439.972	212.1073	0.8258146	4.900264	1.082656	2.386129
15012	-1238.139	-1450.312	212.1723	0.9096468	5.881539	1.082656	2.123914
15018	-1235.642	-1447.925	212.283	0.7989266	5.881539	1.082656	2.123914
15024	-1240.494	-1452.317	211.8228	0.8381669	3.950949	1.471167	2.538477
15030	-1232.267	-1443.365	211.0975	0.7374882	4.643556	1.471167	2.909569
15036	-1233.415	-1444.195	210.7799	0.6503827	4.643556	1.23157	3.265012
15042	-1231.078	-1441.995	210.9172	0.7555138	4.904359	1.23157	3.075956
15048	-1217.927	-1428.871	210.9448	0.7378486	4.904359	1.360675	3.006517
15054	-1218.411	-1429.32	210.9086	0.7740849	4.904359	1.360675	3.006517
15060	-1222.843	-1433.887	211.0433	0.7035069	4.821923	1.128494	3.10018
15066	-1227.379	-1438.179	210.7991	0.6858694	4.821923	1.226227	3.204402
15072	-1234.623	-1445.391	210.7679	0.7170835	4.821923	1.226227	3.204402
15078	-1234.136	-1444.962	210.8253	0.7225434	4.478789	2.124941	2.859259
15084	-1231.302	-1441.581	210.2792	0.8466246	4.479044	1.395615	3.394877
15090	-1228.761	-1440.238	211.477	0.8453779	3.936092	1.458315	2.756228
15096	-1221.612	-1432.926	211.3134	0.9370887	4.129733	1.335339	2.818726
15102	-1227.144	-1438.287	211.1434	0.7458077	4.47539	1.115341	3.084027
15108	-1224.316	-1434.792	210.476	0.9433814	4.274161	1.115341	3.399017
15114	-1242.165	-1453.327	211.1619	0.7692121	7.124952	0.9464751	2.756404
15120	-1228.332	-1439.747	211.4158	0.7138023	6.478227	0.9464751	2.721099
15126	-1230.555	-1441.441	210.8863	0.7448531	7.253394	0.9464751	2.922302
15132	-1234.44	-1445.597	211.1569	0.7078167	5.276629	1.161735	2.935673
15138	-1223.943	-1435.798	211.8545	0.863639	4.95971	1.161735	2.465235
15144	-1223.428	-1435.881	212.4522	0.9332075	5.300082	1.161735	1.973656
15150	-1233.425	-1445.136	211.7118	0.9987798	5.101128	1.396791	2.321574
15156	-1242.405	-1454.392	211.9861	0.8834143	5.765199	1.82324	1.908249
15162	-1233.674	-1444.748	211.0734	0.7698341	4.734925	1.426868	2.908432
15168	-1238.122	-1449.035	210.9128	0.824758	3.438605	1.15802	3.360107
15174	-1240.601	-1452.335	211.7347	0.8577843	4.520275	1.349278	2.525566
15180	-1248.381	-1460.066	211.6841	0.9450273	4.520275	1.349278	2.502667
15186	-1250.176	-1461.521	211.3457	0.7575908	4.556954	1.472904	2.761693
15192	-1235.619	-1447.065	211.4468	0.8232616	3.695631	1.490654	2.824731
15198	-1227.097	-1438.409	211.3127	1.004743	3.695631	1.35927	2.856869
15204	-1231.009	-1442.744	211.7353	1.131947	4.200087	1.35927	2.411299
15210	-1237.964	-1449.622	211.6575	1.001527	4.200087	1.35927	2.541778
15216	-1234.288	-1445.881	211.5926	1.091186	3.289861	1.35927	2.726734
15222	-1232.865	-1444.056	211.1911	0.7799453	3.56335	1.15974	3.193837
15228	-1243.242	-1454.38	211.1381	0.8668496	3.470883	1.471986	3.042725
15234	-1235.846	-1447.212	211.3658	0.8634388	3.795944	1.339646	2.898198
15240	-1238.616	-1449.528	210.9122	0.9139739	3.691742	1.339646	3.161757
15246	-1223.426	-1434.423	210.9969	0.7209215	4.590841	1.630889	2.920745
15252	-1231.965	-1443.459	211.4935	0.6903621	4.590841	1.630889	2.636539
15258	-1226.669	-1437.427	210.7575	0.8303387	4.544401	1.663148	2.994149
15264	-1225.489	-1436.574	211.0845	0.8412969	4.697541	1.19847	2.977409
15270	-1232.279	-1444.298	212.0194	0.9359152	4.697541	1.19847	2.342832
15276	-1236.321	-1447.531	211.2103	0.9003754	4.103719	1.34667	2.903162
15282	-1238.181	-1450.289	212.1083	1.02871	3.537345	1.34667	2.392279
15288	-1225.01	-1436.183	211.1727	0.8103783	4.447661	1.34667	2.913967
15294	-1231.13	-1442.078	210.9477	0.7792297	5.511543	1.292192	2.913967
15300	-1245.138	-1455.88	210.7422	0.8129949	2.810709	1.871823	3.309838
15306	-1245.633	-1456.285	210.6525	0.6601838	4.051282	1.521653	3.309838
15312	-1239.633	-1450.661	211.0282	0.9506275	3.763487	1.61677	2.931789
15318	-1241.281	-1451.748	210.4673	1.008306	3.763487	0.7821245	3.669332
15324	-1235.059	-1447.687	212.6284	1.187584	6.432737	1.054986	1.546208
15330	-1247.717	-1459.975	212.2587	1.091282	4.894122	0.8963153	2.241391
15336	-1237.107	-1448.363	211.2555	0.7268243	4.894122	0.8963153	3.08491
15342	-1236.134	-1445.721	209.5876	0.7146852	4.612017	0.7422057	4.21133
15348	-1229.78	-1440.75	210.9696	0.6468906	5.471966	1.016577	3.134935
15354	-1236.226	-1446.965	210.7385	0.5810567	4.197949	1.309162	3.373538
15360	-1219.65	-1433.191	213.5408	1.599333	4.958279	0.8102251	0.9635871
15366	-1234.168	-1447.25	213.0821	1.343023	4.958279	1.153063	1.293286
15372	-1232.927	-1445.854	212.9269	1.338307	5.551924	1.153063	1.293286
15378	-1248.611	-1461.698	213.0878	1.496243	3.247833	1.764693	1.25029
15384	-1259.995	-1471.092	211.0968	0.8011601	4.56068	1.502015	2.872726
15390	-1257.422	-1468.853	211.4307	0.9538456	4.583338	1.502015	2.570407
15396	-1257.729	-1469.025	211.296	0.8779013	5.29571	1.717677	2.482187
15402	-1252.758	-1464.78	212.0211	1.317556	3.165652	1.914316	2.102472
15408	-1242.769	-1454.441	211.6715	1.082533	3.392571	1.914316	2.420325
15414	-1233.566	-1445.837	212.2708	1.068501	3.392571	2.211182	1.929185
15420	-1234.235	-1445.717	211.4823	0.844563	4.168826	1.92137	2.513538
15426	-1230.776	-1442.513	211.737	0.9554125	4.181443	1.954238	2.267213
15432	-1238.782	-1449.583	210.8009	0.8312302	4.155682	1.61059	3.062439
15438	-1231.249	-1442.134	210.8848	0.7812077	4.155682	1.61059	3.042224
15444	-1249.125	-1459.991	210.8656	0.8318322	3.746839	1.36496	3.214473
15450	-1240.381	-1451.509	211.1281	0.9825596	3.645585	1.73755	2.828345
15456	-1232.709	-1443.636	210.9279	0.8086504	4.389778	1.824109	2.869793
15462	-1231.431	-1442.241	210.8104	0.7512392	3.9834	2.078983	2.962869
15468	-1231.506	-1443.118	211.6122	0.9334138	4.628878	1.653352	2.394049
15474	-1240.417	-1451.739	211.3222	0.9756601	4.671249	2.057061	2.383447
15480	-1246.949	-1457.876	210.9276	0.7833576	5.158105	2.057061	2.663101
15486	-1240.796	-1452.429	211.633	0.993954	4.20283	0.8981921	2.821954
15492	-1237.178	-1449.031	211.8529	0.8434015	4.612421	1.079934	2.588611
15498	-1228.026	-1439.674	211.6479	0.8799995	3.693802	1.852166	2.515851
15504	-1229.712	-1441.954	212.2424	1.036866	3.451127	2.148681	1.977499
15510	-1232.883	-1444.845	211.962	0.851652	4.470451	1.29302	2.425033
15516	-1252.45	-1465.11	212.6604	1.01618	3.744693	1.29302	2.022677
15522	-1244.114	-1455.64	211.5257	0.737526	4.317349	1.149709	2.870025
15528	-1235.245	-1446.489	211.2433	0.9560851	3.105475	1.178964	3.154303
15534	-1243.663	-1453.619	209.9569	0.6436597	3.856208	1.836531	3.64056
15540	-1231.122	-1442.95	211.8274	1.065056	3.297306	1.340028	2.605909
15546	-1231.026	-1442.437	211.4116	1.097843	4.038557	1.436325	2.630375
15552	-1232.205	-1443.899	211.6941	0.8373611	5.339245	1.667565	2.269624
15558	-1231.335	-1443.362	212.0273	0.7061883	4.847897	1.382836	2.359251
15564	-1228.904	-1440.3	211.3955	0.697778	3.706711	1.551958	2.902407
15570	-1237.621	-1449.622	212.0006	0.7429592	5.304892	1.720641	2.115157
15576	-1235.556	-1446.606	211.0505	0.8160548	5.932632	1.720641	2.571278
15582	-1237.559	-1448.248	210.6881	0.6268411	4.174778	1.554435	3.270604
15588	-1245.266	-1456.621	211.3554	0.6509457	5.13213	1.554435	2.683146
15594	-1242.759	-1453.584	210.8247	0.5763699	4.408357	1.686652	3.121307
15600	-1231.463	-1442.546	211.0831	0.8001629	4.54811	1.689419	2.804274
15606	-1239.702	-1450.111	210.409	0.7558614	3.713026	1.508802	3.470489
15612	-1253.433	-1463.805	210.3725	0.6997895	3.34196	1.767002	3.501831
15618	-1266.226	-1476.462	210.2362	0.8017377	3.94663	1.767002	3.393261
15624	-1242.844	-1453.232	210.3883	0.7466534	3.94663	1.398067	3.488993
15630	-1230.098	-1441.297	211.1998	0.7923904	3.061798	1.398067	3.18061
15636	-1244.134	-1455.118	210.9838	0.7777928	3.567372	2.047691	2.941712
15642	-1237.482	-1450.075	212.5932	0.9548713	9.625773	0.8360095	1.460737
15648	-1242.563	-1454.776	212.2131	1.180194	8.272641	0.9921991	1.624979
15654	-1248.389	-1461.265	212.876	1.109828	6.037437	0.8611539	1.635966
15660	-1248.309	-1460.506	212.1967	1.068416	6.037437	0.8611539	2.127738
15666	-1244.761	-1457.698	212.9378	1.123722	6.037437	1.325059	1.24093
15672	-1233.17	-1445.583	212.4132	1.207086	6.676481	1.729721	1.24093
15678	-1232.937	-1446.008	213.0718	1.369409	6.676481	1.194547	0.8332152
15684	-1239.173	-1452.39	213.2178	1.54394	5.319388	1.194547	0.8432409
15690	-1237.594	-1449.779	212.1857	1.12346	5.181937	0.9427782	2.183941
15696	-1243.213	-1454.96	211.7474	0.9186649	4.637364	1.11243	2.583964
15702	-1242.233	-1455.222	212.9889	1.400227	4.226036	1.377914	1.348081
15708	-1234.278	-1447.404	213.1259	1.396964	4.949861	1.377914	1.044644
15714	-1235.377	-1448.592	213.2154	1.403081	4.436094	1.266421	1.17789
15720	-1240.388	-1453.212	212.8245	1.417214	5.081264	1.215097	1.368913
15726	-1239.206	-1451.899	212.6921	1.162177	6.919093	1.215097	1.322244
15732	-1246.25	-1458.659	212.4091	1.205256	5.419674	1.656668	1.521185
15738	-1241.299	-1453.631	212.3312	0.9493425	5.352368	1.088386	2.07861
15744	-1244.233	-1455.875	211.6414	0.9007401	5.233851	1.088386	2.569733
15750	-1252.179	-1464.314	212.1352	0.8443621	5.153241	1.088386	2.308305
15756	-1245.97	-1458.13	212.1598	0.8563853	6.950701	1.088386	2.002371
15762	-1242.911	-1455.273	212.362	0.7808508	6.469677	1.066382	2.002371
15768	-1233.232	-1445.284	212.0526	0.8490146	7.342599	1.066382	2.037959
15774	-1235.554	-1446.613	211.0588	0.7028719	7.451543	1.166174	2.689717
15780	-1231.778	-1444.091	212.3135	0.7592188	5.669451	0.7705602	2.377525
15786	-1237.031	-1448.697	211.6662	0.9346984	8.083563	0.7705602	2.344174
15792	-1228.462	-1440.276	211.8135	0.6007948	6.499004	0.7749072	2.661452
15798	-1225.233	-1436.408	211.1752	0.7163604	4.662459	1.279447	2.962882
15804	-1234.256	-1445.769	211.5123	0.681983	4.171628	1.279447	2.872234
15810	-1232.83	-1444.845	212.0155	0.8944179	6.999798	0.9821914	2.133867
15816	-1229.22	-1440.527	211.3074	0.7341807	6.999798	0.9821914	2.682427
15822	-1239.963	-1452.307	212.3438	0.9525245	5.08811	1.374532	1.952664
15828	-1230.305	-1442.6	212.2951	0.8139207	7.607025	0.9525636	1.939489
15834	-1222.503	-1433.936	211.4333	0.7262999	7.890874	0.7117932	2.688361
15840	-1229.289	-1441.733	212.444	1.116454	7.613954	0.7330606	1.801147
15846	-1237.299	-1449.121	211.8222	0.6919912	9.955116	0.7330606	2.222893
15852	-1251.727	-1463.364	211.6375	0.599388	11.17388	0.7448513	2.27375
15858	-1245.978	-1458.048	212.0704	0.9689749	10.26134	0.6129829	1.951904
15864	-1233.559	-1446.258	212.6992	0.9172156	5.372852	0.803759	2.05008
15870	-1235.755	-1447.625	211.8697	0.7864598	5.520492	1.391562	2.287415
15876	-1231.943	-1443.295	211.3524	0.5909563	5.315013	1.369216	2.776423
15882	-1226.029	-1437.665	211.6358	0.7550919	5.233149	1.219282	2.590738
15888	-1234.845	-1447.305	212.4605	0.8568302	4.650378	1.52584	1.94624
15894	-1228.975	-1440.018	211.0436	0.8097179	4.650378	1.52584	2.87297
15900	-1240.511	-1452.432	211.9213	0.7956694	4.452724	1.52584	2.37612
15906	-1246.601	-1458.897	212.296	1.033941	4.816927	1.52584	1.904713
15912	-1255.274	-1466.049	210.7753	0.7398152	4.16494	1.401347	3.221409
15918	-1270.598	-1481.48	210.8827	0.7294288	5.268534	1.401347	2.969255
15924	-1242.93	-1454.522	211.5924	0.9049167	4.634125	1.159373	2.662433
15930	-1238.134	-1449.424	211.2895	0.6829602	5.628775	1.79388	2.52287
15936	-1245.902	-1458.331	212.4285	1.080208	4.333291	1.632782	1.830761
15942	-1252.563	-1464.118	211.555	0.8960401	4.856831	1.200274	2.628542
15948	-1250.582	-1461.553	210.9712	0.5857916	7.440086	0.8912448	2.979448
15954	-1233.377	-1445.612	212.2349	0.9876222	5.217892	1.259406	2.040512
15960	-1248.721	-1460.223	211.5017	0.9291756	3.744167	1.176283	2.870431
15966	-1250.86	-1461.828	210.9677	0.8451584	4.720678	0.9031288	3.21116
15972	-1247.71	-1459.961	212.2505	1.207992	4.612277	1.330233	1.959379
15978	-1251.06	-1463.677	212.6172	1.371335	3.93108	1.918528	1.447085
15984	-1245.448	-1457.861	212.4127	1.328347	3.535927	2.191896	1.618744
15990	-1243.102	-1454.089	210.9865	0.982023	3.891647	0.8287375	3.323638
15996	-1245.413	-1456.19	210.7772	0.9799697	3.316882	0.8092031	3.583793
16002	-1245.691	-1457.34	211.6493	0.6918662	4.552278	1.25817	2.720885
16008	-1240.48	-1452.149	211.6687	0.832669	5.061472	1.25817	2.530717
16014	-1236.199	-1447.451	211.2526	0.7656796	3.857027	1.393382	2.986888
16020	-1232.468	-1443.102	210.634	0.8358881	3.857027	1.393382	3.312847
16026	-1235.278	-1445.586	210.3075	0.8018949	3.857027	1.920749	3.312847
16032	-1231.219	-1442.003	210.7842	0.711764	4.108205	1.256177	3.312847
16038	-1246.999	-1457.952	210.953	0.9418237	4.194482	1.087044	3.149115
16044	-1250.875	-1462.544	211.6691	0.9488738	5.758332	1.346635	2.295839
16050	-1242.825	-1455.54	212.7149	1.044893	5.252556	1.199686	1.702116
16056	-1233.96	-1445.67	211.7096	0.8867407	4.110698	1.917382	2.35743
16062	-1246.513	-1458.507	211.9943	0.7416103	5.208882	1.4409	2.264881
16068	-1242.019	-1453.002	210.983	0.8134873	5.208882	1.4409	2.849392
16074	-1228.035	-1438.989	210.9535	0.8364685	4.59877	1.4409	2.958435
16080	-1228.881	-1440.462	211.5815	0.9213825	4.362137	1.4409	2.567428
16086	-1238.214	-1449.164	210.9494	0.7458881	4.362137	0.9658366	3.305889
16092	-1233.503	-1443.155	209.6517	0.6934601	4.362137	1.453671	3.843182
16098	-1241.227	-1452.269	211.0422	0.8553635	3.774571	1.170499	3.186485
16104	-1236.5	-1448.108	211.6087	0.9618257	4.86879	1.217584	2.543026
16110	-1236.021	-1448.171	212.1502	0.9385896	3.911683	1.217584	2.405923
16116	-1230.171	-1441.637	211.4651	0.8732326	5.133577	1.217584	2.640844
16122	-1235.771	-1446.542	210.7708	0.7149045	5.245874	1.435471	3.033104
16128	-1237.261	-1447.911	210.6498	0.8358575	5.245874	1.435471	3.033104
16134	-1233.379	-1443.814	210.4352	0.6334656	4.737097	1.435471	3.365047
16140	-1241.057	-1452.765	211.708	0.8203929	4.738814	1.104995	2.65476
16146	-1239.309	-1450.773	211.4643	0.8178722	4.942256	1.973176	2.374632
16152	-1230.054	-1441.965	211.9111	0.8337681	5.604161	0.9824984	2.446863
16158	-1225.935	-1437.198	211.2634	0.7680523	6.036527	1.402942	2.593997
16164	-1248.35	-1459.543	211.1928	0.7810746	4.960418	1.567575	2.726659
16170	-1231.473	-1443.861	212.388	0.9180032	5.800692	0.9094979	2.104172
16176	-1229.725	-1441.853	212.1279	0.9110416	5.800692	1.023556	2.2018
16182	-1224.779	-1436.428	211.6489	0.8488204	5.642136	1.356122	2.386111
16188	-1226.891	-1437.953	211.0622	0.8173674	4.992288	1.356122	2.87509
16194	-1230.234	-1442.173	211.9395	0.914253	5.698383	1.473172	2.089678
16200	-1233.516	-1445.837	212.3212	1.204751	4.45642	0.6898604	2.369008
16206	-1243.81	-1455.202	211.392	1.132498	5.378387	1.664237	2.268896
16212	-1252.95	-1464.959	212.0092	1.026934	4.576009	1.220507	2.30227
16218	-1258.493	-1471.291	212.7983	0.9723737	4.855013	1.220507	1.759494
16224	-1237.495	-1449.718	212.2226	1.020794	4.951635	1.295089	2.055825
16230	-1240.267	-1451.102	210.8344	0.6947438	4.471286	1.216343	3.245134
16236	-1249.303	-1459.856	210.5529	0.6023418	4.55671	1.330692	3.393851
16242	-1248.703	-1460.738	212.0347	0.9985029	4.126337	1.330692	2.335845
16248	-1244.176	-1456.124	211.9476	0.991072	4.126337	1.388233	2.366911
16254	-1244.124	-1456.913	212.7896	1.184384	4.252354	1.030105	1.86574
16260	-1245.641	-1459.007	213.3662	1.218482	3.566667	1.157005	1.514561
16266	-1262.082	-1474.727	212.6446	1.343953	4.73349	0.8907943	1.853295
16272	-1243.033	-1454.534	211.5013	0.8599398	6.368803	1.363204	2.35785
16278	-1239.578	-1451.286	211.7082	1.067492	5.393665	1.155468	2.35785
16284	-1247.55	-1459.583	212.0327	1.138031	5.312245	1.077141	2.164366
16290	-1234.838	-1446.935	212.0965	0.9970542	4.779271	1.172473	2.253777
16296	-1238.001	-1449.504	211.5028	0.8857171	4.008145	1.742799	2.578078
16302	-1235.228	-1446.225	210.9967	0.895252	4.008145	1.203421	3.124823
16308	-1241.461	-1452.475	211.0137	0.8618514	3.625926	1.203421	3.213947
16314	-1235.64	-1446.48	210.8398	0.6878107	3.772925	1.525877	3.237496
16320	-1257.31	-1468.072	210.7622	0.8702202	4.656213	1.554678	2.992568
16326	-1251.157	-1462.082	210.9254	0.8778223	5.283756	1.12304	2.992568
16332	-1235.29	-1446.243	210.9535	0.8696795	4.407436	1.139945	3.122463
16338	-1244.668	-1456.098	211.4299	0.7455989	4.904958	1.139945	2.821635
16344	-1256.351	-1467.328	210.9767	0.881497	4.723279	1.217882	3.003386
16350	-1239.878	-1449.844	209.9657	0.6541634	4.723279	1.217882	3.731031
16356	-1244.827	-1456.639	211.8117	1.031983	4.04273	0.9568015	2.683765
16362	-1248.458	-1459.963	211.5049	1.098037	4.950819	0.9207852	2.683765
16368	-1249.135	-1460.284	211.1492	0.9445285	6.44008	0.8042357	2.844107
16374	-1258.549	-1469.393	210.8432	0.8792742	6.44008	0.8388993	3.043549
16380	-1244.183	-1456.805	212.6224	1.215768	3.9758	1.151336	1.942512
16386	-1239.05	-1450.855	211.8045	0.9953432	4.830443	1.536367	2.246503
16392	-1246.712	-1457.954	211.2425	0.8349037	5.970073	1.204977	2.675548
16398	-1238.43	-1449.164	210.7337	0.5844471	5.403955	1.276123	3.183283
16404	-1237.47	-1449.515	212.045	0.8911647	5.111851	1.268124	2.241496
16410	-1242.687	-1453.733	211.0464	0.8694589	4.630527	0.983152	3.116193
16416	-1244.055	-1455.764	211.7087	0.8754473	4.585869	0.9243331	2.758172
16422	-1238.442	-1450.437	211.9946	1.062338	4.468711	1.975817	1.960481
16428	-1237.397	-1449.726	212.3293	1.064666	4.251101	1.570501	1.95604
16434	-1245.226	-1458.471	213.2448	1.399237	4.251101	0.7094925	1.647967
16440	-1239.201	-1451.033	211.8326	1.02623	3.909656	1.357497	2.478293
16446	-1240.665	-1453.023	212.3579	0.937583	4.040014	0.846231	2.478293
16452	-1242.367	-1455.443	213.0757	1.186097	4.689249	0.846231	1.70676
16458	-1238.669	-1451.167	212.4976	0.9342439	4.689249	1.500031	1.873585
16464	-1236.627	-1448.504	211.8768	0.8459004	4.723892	1.500031	2.332642
16470	-1232.229	-1443.976	211.7475	0.8530286	3.907321	1.701234	2.484373
16476	-1239.642	-1452.172	212.5304	1.073957	3.907321	1.056185	2.170818
16482	-1244.246	-1456.282	212.0365	1.068458	4.845194	1.419869	2.101797
16488	-1241.168	-1453.199	212.0309	0.9249183	5.224239	1.419869	2.130192
16494	-1235.264	-1446.563	211.2991	0.8426664	3.493685	1.142718	3.116912
16500	-1238.982	-1449.892	210.9095	0.9199535	4.072796	0.9996431	3.261587
16506	-1235.027	-1445.794	210.7667	0.7767181	5.47304	0.9996431	3.188186
16512	-1230.453	-1442.203	211.7497	0.8467279	5.47304	0.9996431	2.549973
16518	-1238.895	-1450.762	211.8664	0.9319237	5.47304	0.7592308	2.589499
16524	-1232.05	-1444.103	212.0538	1.000312	5.993618	1.045284	2.147532
16530	-1240.922	-1453.413	212.491	1.139234	5.179089	1.009055	1.927642
16536	-1237.436	-1449.659	212.2235	1.0956	5.309813	0.9649655	2.140124
16542	-1229.857	-1442.557	212.6997	0.9809592	5.928773	0.9649655	1.791533
16548	-1232.516	-1444.766	212.2496	1.123136	4.510036	1.843318	1.791533
16554	-1238.528	-1450.953	212.4245	0.7428309	3.617068	1.483773	2.287342
16560	-1233.092	-1444.2	211.1076	0.7625657	3.562323	1.483773	3.097607
16566	-1234.02	-1445.685	211.6648	0.6736026	4.74009	1.155603	2.742798
16572	-1225.374	-1436.789	211.4157	0.6369246	4.926202	1.155603	2.883893
16578	-1226.923	-1437.985	211.0621	0.5848703	5.887526	1.155603	2.975785
16584	-1212.31	-1423.913	211.6036	0.7354238	4.303168	1.249639	2.773728
16590	-1238.045	-1449.59	211.5445	0.8401311	4.121589	1.097202	2.863857
16596	-1242.446	-1453.894	211.4473	0.764154	4.351545	1.207094	2.864147
16602	-1237.441	-1448.626	211.1852	0.7084429	5.651006	0.9017206	3.012784
16608	-1251.645	-1462.894	211.249	0.7319415	5.651006	0.9017206	2.960355
16614	-1253.208	-1464.504	211.2961	0.8882907	4.363494	1.121306	2.924481
16620	-1239.678	-1451.029	211.3518	0.7678181	3.725318	1.121306	3.091185
16626	-1254.327	-1465.462	211.1354	0.853321	3.725318	1.579599	2.949642
16632	-1258.2	-1470.651	212.4514	1.047337	4.459961	1.189795	2.042044
16638	-1251.534	-1464.126	212.5925	1.096582	3.988249	2.080113	1.585324
16644	-1255.907	-1468.313	212.4063	1.026087	3.988249	2.080113	1.768263
16650	-1249.565	-1462.032	212.4667	0.9341879	4.437679	1.077102	2.177861
16656	-1251.413	-1463.907	212.4946	0.9541984	4.437679	1.79156	1.776845
16662	-1249.648	-1460.428	210.779	0.8436322	3.678923	0.9830884	3.472766
16668	-1252.359	-1463.02	210.6613	0.7579117	3.678923	1.199983	3.472766
16674	-1252.826	-1463.123	210.2974	0.6083596	3.287614	1.170892	3.870215
16680	-1255.415	-1467.714	212.2985	0.9236243	6.364605	1.15006	1.913206
16686	-1235.725	-1447.798	212.0737	1.005506	5.232258	1.535496	1.990562
16692	-1241.468	-1453.459	211.9912	0.9748022	5.063317	1.277742	2.225807
16698	-1240.814	-1452.622	211.8073	0.9831795	4.524448	1.946409	2.137091
16704	-1239.365	-1451.836	212.4708	1.087212	4.524448	0.9212428	2.159925
16710	-1249.176	-1459.343	210.1677	0.8949824	4.229229	1.275738	3.533871
16716	-1231.444	-1442.078	210.6336	0.6778731	5.054614	1.416069	3.176981
16722	-1261.479	-1472.974	211.4945	0.9131544	3.733062	1.642708	2.666352
16728	-1262.654	-1474.172	211.5181	0.8680534	3.793976	1.642708	2.666352
16734	-1266.573	-1477.914	211.3416	0.8016858	3.054378	1.567695	3.017353
16740	-1248.49	-1459.572	211.0816	0.7172891	3.813605	1.567695	3.049854
16746	-1259.278	-1470.813	211.5349	0.9802807	4.987594	1.242532	2.543226
16752	-1253.522	-1465.046	211.5242	0.9794735	3.507513	1.543393	2.700738
16758	-1248.616	-1460.461	211.8449	1.005565	3.743197	1.543393	2.431947
16764	-1239.625	-1451.947	212.3226	0.9717176	3.719239	0.8901439	2.517749
16770	-1236.713	-1448.868	212.1549	0.9605534	3.705672	1.070841	2.517749
16776	-1233.809	-1445.568	211.7593	0.9721164	5.022798	0.8581395	2.634292
16782	-1227.792	-1438.78	210.9871	0.8648935	5.022798	1.108398	3.014211
16788	-1226.908	-1437.739	210.8309	0.6521579	4.654916	0.9570121	3.383463
16794	-1233.122	-1443.348	210.2255	0.6786295	3.305191	1.30917	3.799556
16800	-1236.536	-1446.749	210.2132	0.6054827	3.528567	1.30917	3.799556
16806	-1225.543	-1436.642	211.0993	0.6339705	3.952618	1.251551	3.205697
16812	-1247.714	-1459.275	211.5616	0.7588727	3.671676	1.533896	2.780107
16818	-1234.485	-1445.851	211.3661	0.7459684	4.44521	1.466386	2.780107
16824	-1248.816	-1460.495	211.6786	0.806728	4.219851	1.279984	2.684942
16830	-1229.28	-1440.933	211.6529	0.8798351	3.454341	1.473231	2.726664
16836	-1239.387	-1451.02	211.633	0.8997576	3.454341	1.473231	2.726664
16842	-1248.191	-1459.455	211.2632	0.7271545	4.400721	1.260139	2.960976
16848	-1248.95	-1459.999	211.0487	0.7076228	5.206897	1.260139	2.960976
16854	-1236.705	-1446.981	210.2752	0.5485927	4.42674	1.270414	3.639034
16860	-1235.508	-1446.362	210.8541	0.6869903	6.293431	1.270414	2.921493
16866	-1238.984	-1450.612	211.6277	0.8196726	6.293431	0.7886121	2.659913
16872	-1242.71	-1453.612	210.9014	0.6792098	3.993744	1.703727	3.087475
16878	-1237.495	-1448.859	211.3639	0.7322207	3.993744	1.703727	2.776663
16884	-1236.923	-1447.987	211.0644	0.7026518	3.72693	1.229993	3.243061
16890	-1222.065	-1434.388	212.3228	0.9303902	4.668154	1.45887	2.018578
16896	-1219.036	-1430.996	211.9608	0.9342308	6.652163	1.45887	1.919324
16902	-1219.145	-1431.942	212.7968	1.020414	5.671295	0.9323587	1.764572
16908	-1220.163	-1432.519	212.3565	0.8352651	5.671295	1.400201	1.905685
16914	-1229.54	-1441.594	212.0539	0.9390775	5.671295	0.8576819	2.363392
16920	-1224.435	-1436.991	212.5564	0.8520584	4.566378	1.185487	2.082672
16926	-1226.06	-1437.709	211.6482	0.9197437	4.728054	1.185487	2.587339
16932	-1224.147	-1435.831	211.6835	0.7806612	4.032743	1.596662	2.587339
16938	-1230.924	-1442.497	211.5732	0.8732706	4.085859	1.596662	2.587339
16944	-1225.773	-1438.37	212.5969	1.100359	5.557585	1.462918	1.535605
16950	-1245.39	-1456.965	211.5753	0.8357509	3.899671	1.301074	2.784969
16956	-1236.24	-1447.237	210.9969	0.8780265	4.738606	1.722509	2.761338
16962	-1247.556	-1460.17	212.6134	0.8965397	6.435004	1.462918	1.517188
16968	-1240.989	-1454.177	213.1882	1.181759	4.892923	1.234309	1.295418
16974	-1240.98	-1453.959	212.979	1.14087	4.892923	1.422883	1.373751
16980	-1244.105	-1457.019	212.9144	1.170476	4.892923	1.422883	1.40106
16986	-1231.087	-1443.73	212.6434	1.231861	5.37034	1.553257	1.387159
16992	-1235.899	-1448.951	213.052	1.34759	5.570692	1.139019	1.187186
16998	-1237.729	-1450.849	213.1201	1.541938	5.132568	1.139019	1.055155
17004	-1240.788	-1454.494	213.7057	1.336083	3.173259	1.266742	1.19713
17010	-1230.211	-1442.514	212.3023	1.062438	4.138971	1.908851	1.850018
17016	-1232.191	-1444.642	212.4506	1.157008	5.112611	1.531959	1.650252
17022	-1246.574	-1459.089	212.5149	1.062052	4.297292	1.531959	1.840502
17028	-1241.776	-1454.239	212.4629	1.131765	5.415992	1.039956	1.888235
17034	-1236.96	-1449.785	212.8247	1.131765	5.196523	1.221938	1.557226
17040	-1235.016	-1448.025	213.0091	1.131765	4.139357	1.143132	1.701368
17046	-1231.136	-1443.498	212.3623	1.040615	4.164624	1.143132	2.193181
17052	-1227.567	-1439.739	212.1723	1.033187	4.164624	1.445611	2.159369
17058	-1239.134	-1451.027	211.8927	1.033187	4.486131	1.445611	2.274321
17064	-1238.412	-1450.588	212.176	0.9030012	4.486131	1.587567	2.108128
17070	-1242.903	-1455.341	212.438	1.207652	4.486131	1.404814	1.818057
17076	-1249.376	-1461.818	212.4421	1.052586	4.7978	1.404814	1.85791
17082	-1246.928	-1459.344	212.4156	1.07139	4.070741	1.145856	2.157046
17088	-1232.827	-1445.032	212.2049	1.029646	5.529335	1.236294	1.990785
17094	-1245.416	-1457.302	211.8862	1.032351	6.074624	1.955452	1.766939
17100	-1234.34	-1446.135	211.795	1.003034	7.605962	1.244251	1.965301
17106	-1239.931	-1451.924	211.9923	0.7076836	7.368011	1.244251	2.062276
17112	-1240.097	-1452.462	212.3657	0.8519311	6.756896	0.7355222	2.148247
17118	-1228.479	-1440.471	211.9913	1.12591	6.772353	1.703265	1.625751
17124	-1240.469	-1453.069	212.5998	1.247381	6.40671	1.118816	1.482548
17130	-1230.981	-1442.215	211.2342	0.7938898	3.738467	1.553173	2.934394
17136	-1232.032	-1444.078	212.0462	0.9244392	5.232042	1.236583	2.215298
17142	-1225.369	-1437.456	212.0864	1.125588	4.413178	1.236583	2.21251
17148	-1227.657	-1440.486	212.829	1.364959	4.870722	1.259656	1.422757
17154	-1241.85	-1454.754	212.9042	1.28836	4.870722	1.259656	1.423859
17160	-1241.039	-1453.557	212.5179	0.7621068	5.655466	1.057189	2.046618
17166	-1228.668	-1439.971	211.303	0.614552	5.655466	1.203314	2.821747
17172	-1234.627	-1445.624	210.9969	0.8660442	6.913346	0.6135322	3.068582
17178	-1237.054	-1449.147	212.0938	1.08134	5.995875	0.6135322	2.392351
17184	-1238.217	-1449.85	211.6325	0.7054799	6.257103	0.9052718	2.651128
17190	-1257.333	-1468.933	211.6007	0.779402	4.539179	1.305556	2.675328
17196	-1260.244	-1471.278	211.0333	0.7469631	4.96193	1.305556	2.964714
17202	-1256.337	-1467.699	211.3623	0.8505539	5.375679	0.758532	2.962796
17208	-1240.061	-1451.429	211.3673	0.9280795	4.924874	0.758532	2.987377
17214	-1234.181	-1446.948	212.7664	1.079584	5.738941	1.168836	1.568627
17220	-1227.28	-1439.152	211.872	0.997124	5.616699	1.168836	2.253682
17226	-1230.79	-1442.534	211.7439	1.000572	4.441047	1.34766	2.446449
17232	-1232.247	-1444.439	212.1915	0.997445	4.441047	1.746056	1.973406
17238	-1226.872	-1437.908	211.036	1.079665	4.193209	1.670245	2.73819
17244	-1231.52	-1443.505	211.9849	1.054058	4.193209	1.670245	2.157334
17250	-1234.112	-1444.79	210.6775	0.6638139	3.620055	1.233587	3.513765
17256	-1246.403	-1457.28	210.8769	0.6987064	3.944659	1.233587	3.309442
17262	-1239.356	-1450.921	211.5648	0.8065569	6.015616	0.9417027	2.641952
17268	-1236.85	-1449.6	212.7498	1.042003	6.035735	0.9417027	1.712524
17274	-1237.251	-1448.026	210.7743	0.7703227	4.805104	1.908765	2.878637
17280	-1232.625	-1444.179	211.554	0.9886226	8.814933	1.001429	2.132903
17286	-1228.997	-1440.835	211.8379	0.8342501	9.307873	0.6935634	2.221604
17292	-1246.313	-1458.038	211.7249	0.7435977	5.828935	1.061558	2.535726
17298	-1235.24	-1446.046	210.8062	0.6102003	5.828935	1.171809	3.113698
17304	-1225.658	-1437.989	212.3307	0.9611221	7.610891	0.646878	2.0595
17310	-1232.839	-1444.63	211.7914	0.8100105	10.96999	0.6059211	2.177535
17316	-1235.131	-1447.116	211.9853	1.001346	10.96999	0.6960288	1.83848
17322	-1244.058	-1455.714	211.6558	0.9398091	8.985139	0.6960288	2.303904
17328	-1236.766	-1449.058	212.2917	0.9465322	7.050277	0.6960288	2.126645
17334	-1231.344	-1443.081	211.7372	0.8604883	6.858601	1.061134	2.304749
17340	-1237.153	-1449.143	211.9897	0.9569713	7.680818	0.6286896	2.291118
17346	-1254.208	-1466.437	212.2292	0.9473054	6.000641	0.8329429	2.211835
17352	-1248.24	-1460.274	212.0336	0.9266088	7.397011	0.9306409	2.081775
17358	-1241.742	-1453.436	211.6939	0.989449	7.554558	0.9306409	2.241276
17364	-1234.45	-1447.446	212.9954	1.132967	7.188443	0.8882415	1.310453
17370	-1230.579	-1443.576	212.997	1.138841	5.845305	0.9407759	1.496859
17376	-1230.873	-1443.439	212.5658	1.046065	7.49083	0.9407759	1.613858
17382	-1246.045	-1458.361	212.3164	1.085761	7.843303	1.267305	1.492829
17388	-1222.06	-1434.854	212.7942	1.280366	7.196053	0.7276049	1.49761
17394	-1215.57	-1428.212	212.6418	1.163909	6.973327	0.6949213	1.756101
17400	-1220.822	-1433.621	212.7986	1.349618	6.973327	0.5061308	1.709076
17406	-1235.371	-1447.791	212.42	1.270162	6.973327	0.5061308	2.022233
17412	-1235.192	-1447.879	212.6871	1.421924	5.458208	0.5061308	1.980585
17418	-1245.04	-1457.571	212.5311	1.457821	7.046528	0.5061308	1.809514
17424	-1248.804	-1461.999	213.1944	1.614752	7.046528	0.4811013	1.225315
17430	-1242.871	-1452.276	209.4051	0.6347579	4.392113	1.124193	4.168101
17436	-1245.702	-1457.587	211.8846	0.8937721	4.27692	1.124193	2.576529
17442	-1236.772	-1449.652	212.8797	1.266549	5.759748	0.8573765	1.571872
17448	-1242.617	-1456.045	213.4285	1.432001	4.790892	0.7332645	1.3382
17454	-1246.249	-1459.3	213.0505	1.432001	4.790892	0.7332645	1.624002
17460	-1242.185	-1453.773	211.5884	0.7642691	7.3636	0.9118116	2.488127
17466	-1236.78	-1448.404	211.6231	0.7770209	6.776493	0.9118116	2.535707
17472	-1249.697	-1461.738	212.041	0.9626385	5.68905	1.121989	2.182268
17478	-1246.336	-1458.036	211.6998	0.9025186	6.051877	1.239524	2.316314
17484	-1232.153	-1444.292	212.1387	0.9902946	5.130853	1.239524	2.128753
17490	-1236.187	-1448.745	212.5587	0.9730291	5.130853	1.239524	1.859823
17496	-1233.169	-1444.448	211.2797	1.163937	5.130853	2.401564	2.085329
17502	-1224.364	-1435.72	211.3558	0.8826038	4.127382	1.83804	2.608795
17508	-1221.19	-1432.986	211.7965	1.023363	3.940104	1.143337	2.608795
17514	-1231.858	-1443.568	211.7103	0.9988166	4.605602	1.559977	2.336031
17520	-1233.96	-1446.467	212.5073	1.109455	5.300219	0.9078334	1.984933
17526	-1237.725	-1450.065	212.341	1.109455	5.300219	1.268705	1.867253
17532	-1242.127	-1454.429	212.3014	1.255656	6.434441	1.626051	1.392072
17538	-1233.166	-1445.605	212.4387	1.258961	6.434441	1.626051	1.279651
17544	-1237.671	-1450.481	212.811	1.244181	6.434441	1.05011	1.367263
17550	-1253.655	-1465.809	212.1541	0.9921366	5.03137	1.23144	2.139938
17556	-1243.54	-1455.956	212.4157	0.9987849	6.031666	1.047054	1.900918
17562	-1251.823	-1464.24	212.417	1.147265	4.226464	1.746701	1.762994
17568	-1240.574	-1452.673	212.0993	1.057836	5.375395	1.790814	1.79383
17574	-1236.47	-1448.818	212.348	1.077652	5.240856	1.612164	1.714383
17580	-1239.071	-1451.707	212.6354	1.228496	4.536536	1.612164	1.543533
17586	-1245.153	-1457.165	212.0127	0.9413208	5.078351	1.58558	2.077874
17592	-1248.489	-1461.015	212.5267	0.9878427	4.511701	1.485919	1.860612
17598	-1251.42	-1462.974	211.5542	0.9718713	5.808671	1.571911	2.238222
17604	-1244.848	-1455.775	210.9271	1.003281	5.006625	1.571911	2.743398
17610	-1242.307	-1454.58	212.2723	0.8703897	4.344454	1.605724	2.086872
17616	-1241.907	-1453.873	211.9657	0.8266233	3.640718	1.605724	2.463945
17622	-1234.126	-1446.023	211.8965	1.03634	6.979092	1.050164	2.077638
17628	-1236.821	-1449.2	212.3786	1.024286	4.808204	0.9710679	2.172266
17634	-1235.99	-1447.016	211.0259	0.7669173	3.51439	1.249635	3.263847
17640	-1243.32	-1454.581	211.2603	0.6062456	4.007605	1.442973	3.024251
17646	-1240.343	-1451.361	211.0179	0.6924375	4.041551	1.644421	3.024251
17652	-1222.383	-1436.084	213.7008	1.608822	4.891521	0.5890934	1.098426
17658	-1236.462	-1449.353	212.8906	1.428926	6.241606	0.6931923	1.504604
17664	-1243.065	-1456.14	213.0745	1.245056	6.241606	0.6931923	1.504604
17670	-1230.625	-1442.763	212.1384	0.9305636	4.542228	1.15368	2.325294
17676	-1234.805	-1446.583	211.7787	0.9618731	4.883162	1.375121	2.352191
17682	-1253.669	-1463.903	210.2343	0.7117231	3.443261	1.473679	3.670603
17688	-1246.059	-1457.501	211.4416	0.8205753	3.473622	1.473679	2.886673
17694	-1237.267	-1449.878	212.6106	0.9255831	4.408363	1.027283	2.126933
17700	-1237.288	-1448.421	211.133	0.7369021	7.558841	1.259151	2.559887
17706	-1230.781	-1441.586	210.8049	0.8202419	6.723087	1.216933	2.839426
17712	-1234.123	-1446.246	212.1229	0.9217214	6.037759	1.191111	2.058791
17718	-1226.489	-1438.721	212.2319	0.9424413	6.584826	0.9859984	2.016666
17724	-1234.381	-1446.211	211.8303	0.7457412	9.41677	1.358384	1.830087
17730	-1242.16	-1454.271	212.1115	0.7460455	4.846407	1.138565	2.410995
17736	-1245.399	-1457.557	212.1583	0.7491335	6.139459	1.425781	2.006534
17742	-1242.201	-1454.176	211.9748	0.90896	4.436289	1.182873	2.44655
17748	-1251.875	-1464.1	212.2257	0.9484439	4.244088	1.050802	2.378335
17754	-1234.157	-1446.747	212.5898	1.114161	6.741481	1.101701	1.545355
17760	-1226.89	-1438.665	211.7752	0.9376363	4.244088	1.171698	2.597108
17766	-1233.027	-1444.802	211.7755	0.844946	4.834441	1.076618	2.597108
17772	-1236.079	-1448.149	212.0701	0.8487959	4.929042	0.8881098	2.513768
17778	-1237.49	-1449.724	212.2344	0.9193617	4.602689	0.9388189	2.392021
17784	-1241.879	-1453.69	211.811	0.8443619	4.602689	1.694786	2.311593
17790	-1242.737	-1455.572	212.8351	1.263306	6.272187	0.6666837	1.686204
17796	-1231.11	-1443.706	212.5965	1.184054	6.272187	0.9774092	1.654608
17802	-1236.419	-1448.24	211.8214	0.8205292	6.057893	1.647787	2.089069
17808	-1226.192	-1438.065	211.8734	0.8655867	5.970839	1.71031	2.010931
17814	-1232.175	-1444.127	211.9523	0.7963799	5.915428	0.9328737	2.427783
17820	-1230.45	-1441.681	211.2314	0.6742587	4.285354	0.9958135	3.177901
17826	-1222.595	-1433.428	210.8333	0.8483373	4.393042	1.645561	2.972953
17832	-1221.803	-1433.323	211.5192	0.9261761	3.371331	2.064697	2.563112
17838	-1225.346	-1437.152	211.8059	0.9556442	3.328454	1.535089	2.58767
17844	-1237.136	-1448.072	210.9362	0.5252119	4.419029	1.397115	3.207323
17850	-1228.123	-1438.427	210.3041	0.5080333	4.591114	1.13165	3.686744
17856	-1229.046	-1441.385	212.3387	0.9074996	4.591114	1.134771	2.213143
17862	-1229.75	-1441.55	211.7999	0.8125808	3.904728	1.134771	2.748478
17868	-1236.787	-1447.578	210.7908	0.599874	4.175629	1.122329	3.430673
17874	-1238.231	-1448.196	209.9656	0.6610817	4.52849	1.122329	3.809593
17880	-1235.966	-1447.496	211.5302	0.7832899	5.162283	2.098644	2.269456
17886	-1230.404	-1442.139	211.7346	0.8573502	4.939942	1.325092	2.460913
17892	-1235.69	-1447.37	211.68	0.7884322	5.702135	1.383383	2.381456
17898	-1257.789	-1469.657	211.8685	0.9076193	5.154143	1.383383	2.277018
17904	-1223.778	-1434.232	210.4544	0.5972195	4.264216	2.059413	3.218768
17910	-1235.753	-1447.403	211.6505	0.7294577	4.264216	1.558066	2.609498
17916	-1230.814	-1442.096	211.2825	0.8231885	4.563289	1.558066	2.721075
17922	-1232.264	-1444.74	212.4764	0.9567409	4.378087	1.228258	2.080114
17928	-1230.448	-1441.401	210.9531	0.7396221	4.661895	1.569309	2.94903
17934	-1246.471	-1457.031	210.5601	0.5577804	4.661895	1.569309	3.291355
17940	-1238.184	-1449.23	211.0454	0.6308488	5.296958	1.485235	2.887721
17946	-1235.985	-1446.584	210.5992	0.6731006	4.18004	1.671708	3.246691
17952	-1243.642	-1454.394	210.752	0.7750117	4.271951	1.289727	3.246691
17958	-1238.853	-1449.894	211.0409	0.8301715	4.271951	2.001515	2.744954
17964	-1236.302	-1448.347	212.0456	0.957181	4.150622	1.202646	2.417898
17970	-1242.546	-1454.4	211.8535	0.9975887	4.150622	1.217048	2.505286
17976	-1254.78	-1466.634	211.8539	0.8677973	5.193215	1.118036	2.44728
17982	-1245.941	-1457.865	211.9241	0.7283731	5.116605	1.09544	2.516831
17988	-1244.663	-1457.198	212.5351	1.026474	3.746018	1.789835	1.857772
17994	-1241.369	-1453.801	212.4322	1.19562	3.746018	1.592923	1.902467
18000	-1252.865	-1464.309	211.4442	1.03077	3.519573	2.354657	2.410795
18006	-1247.317	-1459.067	211.7493	0.9825239	3.455338	1.78104	2.47152
18012	-1245.023	-1457.311	212.2879	0.9012976	4.649867	0.9931199	2.325211
18018	-1238.482	-1450.937	212.4552	1.170503	4.649867	1.742793	1.628315
18024	-1243.07	-1455.467	212.3968	1.085427	4.128121	1.742793	1.843645
18030	-1249.031	-1461.658	212.6268	1.187076	4.521106	1.742793	1.518808
18036	-1243.454	-1456.599	213.1451	1.329976	3.410982	2.033973	1.147752
18042	-1240.471	-1453.213	212.7421	0.9500552	4.444625	0.9594346	2.061882
18048	-1239.298	-1450.297	210.9996	0.815142	4.444625	1.14881	3.115867
18054	-1243.48	-1453.632	210.1518	0.6686483	4.67342	1.14881	3.658681
18060	-1240.245	-1450.831	210.5858	0.806726	4.525873	1.14881	3.350873
18066	-1238.069	-1449.758	211.6887	0.8715406	4.525873	1.14881	2.649605
18072	-1242.279	-1453.393	211.1134	0.8189177	4.430324	1.14881	3.048313
18078	-1231.307	-1442.307	210.9999	0.7092416	4.430324	1.417807	3.048313
18084	-1231.889	-1443.327	211.4372	0.7426613	5.195407	1.398352	2.637148
18090	-1238.053	-1450.321	212.2678	0.9728232	3.935855	1.538391	2.141547
18096	-1242.351	-1454.929	212.5782	1.131702	3.935855	1.252584	1.978542
18102	-1238.111	-1449.559	211.4476	0.8460488	4.711115	1.565824	2.574648
18108	-1238.408	-1450.093	211.6857	0.8837064	3.686438	1.648579	2.574261
18114	-1249.608	-1461.352	211.7446	1.002763	3.933772	1.955316	2.284411
18120	-1239.358	-1451.576	212.2184	1.002521	4.434928	1.087263	2.288186
18126	-1245.536	-1457.673	212.137	0.8956108	4.465148	1.391565	2.236527
18132	-1244.008	-1456.228	212.2204	1.019793	4.380413	1.391565	2.118834
18138	-1232.129	-1444.366	212.2377	1.178956	4.708186	1.156413	2.066396
18144	-1237.714	-1450.702	212.9889	1.382266	4.321603	1.156413	1.481879
18150	-1241.016	-1453.672	212.6555	1.05768	3.640765	1.286506	2.026673
18156	-1239.759	-1452.057	212.298	0.8875358	4.125948	1.286506	2.261655
18162	-1240.389	-1451.922	211.5326	0.8060583	3.158994	2.125554	2.6599
18168	-1246.129	-1458.325	212.1955	0.9349143	3.615325	1.646529	2.237176
18174	-1238.268	-1451.277	213.0088	1.270291	4.128159	1.476635	1.400371
18180	-1227.495	-1440.034	212.5389	1.270291	4.401028	1.738346	1.551872
18186	-1241.708	-1453.817	212.1089	0.8790301	5.795358	1.738346	1.859662
18192	-1238.366	-1450.019	211.6522	0.921899	5.286861	1.738346	2.220887
18198	-1238.396	-1451.113	212.7178	0.9817608	3.989576	1.317495	1.937191
18204	-1237.418	-1447.998	210.5799	0.8670884	3.989576	2.099379	3.023489
18210	-1231.907	-1443.815	211.9076	0.9722206	4.030192	1.346109	2.445179
18216	-1226.472	-1438.512	212.0399	0.8398647	4.030192	1.346109	2.445179
18222	-1233.973	-1445.023	211.0496	0.9325295	3.529763	2.13295	2.787304
18228	-1230.513	-1441.477	210.9647	0.9075617	4.147382	2.13295	2.722854
18234	-1233.335	-1445.634	212.2989	1.019949	4.759058	1.018224	2.205295
18240	-1235.448	-1447.876	212.4283	0.9560702	5.363206	0.9522681	2.096657
18246	-1229.025	-1440.978	211.9533	0.9678393	4.55697	0.9522681	2.537732
18252	-1232.752	-1445.373	212.6215	1.079654	4.159825	0.9522681	2.120215
18258	-1237.805	-1448.773	210.968	0.8776722	4.159825	1.45407	3.001533
18264	-1238.596	-1450.632	212.0359	1.052507	4.372087	1.048121	2.408524
18270	-1231.618	-1442.578	210.9597	0.7688943	4.372087	1.060825	3.22886
18276	-1242.675	-1453.261	210.586	0.7487797	4.618101	1.435751	3.22886
18282	-1228.879	-1440.512	211.6334	0.8008812	4.555712	1.604684	2.498924
18288	-1231.135	-1441.713	210.5783	0.7183926	4.555712	1.355766	3.299077
18294	-1241.264	-1452.623	211.3591	0.7238639	4.555712	1.355766	2.829116
18300	-1252.245	-1463.894	211.6484	0.9194245	4.061422	1.621339	2.506171
18306	-1247.665	-1459.427	211.7627	1.183704	4.176712	1.743157	2.189474
18312	-1237.945	-1449.763	211.8183	0.9150751	4.198898	1.527455	2.415702
18318	-1236.57	-1449.007	212.4368	1.144395	4.198898	1.901656	1.688545
18324	-1237.396	-1449.746	212.3497	1.298616	4.046753	1.651143	1.789814
18330	-1237.774	-1450.858	213.0834	1.302762	4.793162	1.196347	1.331965
18336	-1238.136	-1450.145	212.0087	1.197644	4.793162	1.845436	1.8472
18342	-1232.289	-1443.858	211.5687	1.061603	5.283841	1.191274	2.447996
18348	-1235.092	-1446.728	211.6361	1.142548	4.753825	1.191274	2.447996
18354	-1235.856	-1447.785	211.9282	1.189866	5.009287	1.191274	2.184871
18360	-1227.343	-1440.135	212.7925	1.27109	4.119579	1.346542	1.637975
18366	-1238.333	-1450.759	212.426	1.395512	5.419419	1.346542	1.536786
18372	-1231.678	-1444.366	212.6878	1.203169	4.067043	1.546492	1.665812
18378	-1245.256	-1457.572	212.3162	1.277788	3.760375	2.402278	1.585923
18384	-1231.382	-1444.26	212.8776	1.448267	4.745238	1.438391	1.231502
18390	-1233.992	-1447.196	213.2042	1.520589	4.745238	1.456465	0.824889
18396	-1256.759	-1469.855	213.096	1.60261	4.745238	1.491651	0.824889
18402	-1245.476	-1458.574	213.0984	1.498713	4.126579	1.571799	1.074777
18408	-1234.415	-1446.554	212.139	1.287013	4.126579	1.675182	1.912873
18414	-1244.412	-1457.803	213.3911	1.423507	3.654236	1.308416	1.204295
18420	-1246.496	-1459.171	212.6748	1.546985	4.363075	1.80162	1.204295
18426	-1236.047	-1448.719	212.6712	1.345683	4.559902	1.989175	1.229327
18432	-1237.95	-1450.872	212.9215	1.360799	4.505147	1.72091	1.159066
18438	-1228.061	-1440.259	212.198	1.204752	4.197417	1.388902	2.051525
18444	-1228.245	-1440.045	211.8	1.132536	3.974875	2.319076	2.02253
18450	-1225.178	-1437.777	212.5995	1.108053	4.965917	1.297589	1.736225
18456	-1231.15	-1442.909	211.759	0.9812911	4.987852	1.297589	2.373019
18462	-1256.442	-1466.873	210.4307	0.85145	3.836075	1.67959	3.306021
18468	-1253.211	-1465.159	211.9479	0.929518	4.300885	1.165919	2.486554
18474	-1242.614	-1454.864	212.2502	0.970518	4.499765	1.329165	2.139731
18480	-1239.563	-1451.134	211.5715	0.7210806	3.644633	1.591702	2.777995
18486	-1234.089	-1445.838	211.7484	0.905925	4.78521	1.591702	2.322845
18492	-1230.022	-1441.365	211.3425	0.86432	6.666661	1.623197	2.291264
18498	-1237.161	-1448.239	211.0786	0.7876197	4.917871	1.506155	2.826658
18504	-1244.49	-1455.952	211.4623	0.780983	5.247	1.441393	2.56882
18510	-1242.32	-1454.531	212.211	1.069862	5.589694	0.859163	2.191144
18516	-1253.247	-1465.027	211.7803	0.9822932	5.429442	0.8421597	2.558033
18522	-1242.05	-1453.484	211.434	1.006832	4.526887	0.8421597	2.910803
18528	-1234.132	-1446.039	211.9065	0.8425204	5.079831	1.217796	2.393682
18534	-1228.512	-1440.435	211.9229	0.8386951	5.574393	1.222948	2.299176
18540	-1236.666	-1448.468	211.8012	0.9508593	6.833976	1.054154	2.213353
18546	-1237.03	-1449.621	212.5913	1.084025	6.612955	0.9567585	1.689426
18552	-1229.502	-1441.855	212.3532	1.024314	6.612955	0.9567585	1.896048
18558	-1231.499	-1443.257	211.7578	0.8484837	7.532418	0.9567585	2.276141
18564	-1226.653	-1438.403	211.7501	0.9171615	5.391346	0.9567585	2.546327
18570	-1243.095	-1454.303	211.2074	0.7505651	5.834881	1.2668	2.736785
18576	-1227.492	-1440.103	212.6108	1.075364	5.834881	1.2668	1.606222
18582	-1227.638	-1438.155	210.5173	0.6448073	5.280391	1.179205	3.34378
18588	-1230.924	-1443.051	212.1273	1.202242	4.591119	1.336811	2.046003
18594	-1237.398	-1450.062	212.6644	1.011721	5.167009	1.456427	1.630201
18600	-1226.269	-1437.586	211.3173	0.8838451	4.792818	1.727512	2.548635
18606	-1226.089	-1438.422	212.3329	1.020433	4.044648	1.086046	2.284454
18612	-1230.836	-1442.35	211.5136	0.8338309	4.044648	1.880543	2.541722
18618	-1232.776	-1443.514	210.7381	0.7704801	4.044648	1.880543	3.052752
18624	-1246.632	-1457.392	210.7598	0.7714972	4.219585	1.880543	3.00482
18630	-1237.514	-1449.316	211.802	0.8245617	4.138736	1.880543	2.346674
18636	-1240.838	-1452.478	211.64	1.013547	3.994334	1.914929	2.346674
18642	-1234.389	-1447.736	213.3466	1.701625	3.797722	1.530639	0.7181577
18648	-1235.005	-1447.924	212.9185	1.733623	4.567763	1.708323	0.7534984
18654	-1245.588	-1458.487	212.8998	1.703741	4.594553	1.805408	0.7182797
18660	-1241.783	-1453.82	212.037	0.893004	6.705984	1.190537	2.033399
18666	-1243.542	-1455.82	212.2774	0.9631617	5.705319	1.106882	2.033399
18672	-1238.127	-1450.422	212.2958	1.038275	6.70355	1.109581	1.809846
18678	-1235.345	-1447.477	212.132	0.8607514	6.70355	1.149456	2.016297
18684	-1246.146	-1458.333	212.1868	1.233541	6.553413	1.627349	1.475666
18690	-1243.15	-1455.634	212.4842	1.077229	6.553413	1.330348	1.535508
18696	-1244.89	-1457.203	212.3129	1.061813	6.662402	1.330348	1.653854
18702	-1241.918	-1453.999	212.0803	1.098561	7.172491	0.9463365	1.956203
18708	-1241.979	-1454.344	212.365	1.095763	7.172491	1.177978	1.605475
18714	-1253.921	-1466.853	212.9311	1.181743	3.699509	1.581874	1.578877
18720	-1251.611	-1463.62	212.0097	1.080446	4.084012	1.581874	2.186902
18726	-1242.048	-1453.561	211.5129	0.8724725	4.084012	1.581874	2.631934
18732	-1237.222	-1448.358	211.1359	0.9257267	6.538198	0.9963071	2.723262
18738	-1238.933	-1450.008	211.0749	0.771749	7.118131	0.9963071	2.77773
18744	-1242.406	-1454.184	211.778	0.8840763	5.289594	0.9963071	2.541362
18750	-1230.263	-1441.869	211.6054	0.8153153	6.084851	1.207852	2.44345
18756	-1229.925	-1441.581	211.6561	0.5884136	6.83204	1.21527	2.44345
18762	-1232.357	-1444.074	211.7169	0.7516945	5.860701	1.21527	2.44345
18768	-1246.666	-1458.179	211.5134	0.8123997	6.160512	1.694311	2.258136
18774	-1235.654	-1446.4	210.7451	0.828446	4.274603	1.113505	3.309336
18780	-1229.155	-1440.042	210.8863	0.7107644	3.836983	1.092155	3.392863
18786	-1236.173	-1448.26	212.0862	0.9806296	3.538438	1.092155	2.573476
18792	-1228.945	-1441.545	212.5999	1.134353	4.70687	1.092155	1.893515
18798	-1232.806	-1445.196	212.3897	0.9753503	5.666553	1.314128	1.834819
18804	-1235.156	-1446.614	211.4578	0.9079965	5.061404	0.8525022	2.855179
18810	-1242.335	-1454.144	211.8092	0.8290374	6.335841	0.6907103	2.611663
18816	-1243.459	-1455.232	211.7733	0.8845683	6.251408	0.6907103	2.611663
18822	-1240.642	-1451.952	211.31	0.8419806	6.388453	1.115247	2.618277
18828	-1243.668	-1455.183	211.5153	0.8179645	6.462457	1.204306	2.445167
18834	-1242.902	-1455.373	212.4717	0.8869876	5.315166	1.000865	2.089454
18840	-1259.102	-1471.139	212.0379	1.08513	5.093142	1.412774	2.047407
18846	-1239.79	-1451.648	211.8572	0.8365419	5.769262	1.070021	2.398689
18852	-1242.221	-1453.354	211.1331	0.8724954	4.508494	2.301495	2.513618
18858	-1240.249	-1452.32	212.0712	0.9605203	4.388229	1.214668	2.344971
18864	-1238.367	-1449.65	211.2821	0.6162841	4.682706	1.302713	2.943583
18870	-1244.982	-1455.711	210.729	0.6996828	3.977885	1.488295	3.270381
18876	-1243.925	-1455.424	211.4988	0.7195563	3.977885	1.348131	2.862698
18882	-1241.737	-1452.906	211.169	0.6691602	3.561204	1.348131	3.178847
18888	-1228.115	-1438.823	210.7083	0.6691602	3.561204	1.348131	3.450149
18894	-1256.871	-1469.339	212.4679	1.133282	5.083035	1.391549	1.735217
18900	-1239.151	-1450.042	210.8906	0.7985428	3.707783	1.482948	3.174172
18906	-1230.164	-1441.149	210.9848	0.6934625	4.142607	1.895368	2.925979
18912	-1247.613	-1459.261	211.6471	1.095628	4.778457	1.90574	2.134916
18918	-1244.235	-1456.367	212.1326	1.178119	4.912359	1.911203	1.722727
18924	-1237.336	-1449.724	212.3879	1.124816	3.945799	1.753929	1.859521
18930	-1245.554	-1457.869	212.3146	1.057685	3.946082	1.115435	2.276056
18936	-1236.932	-1449.21	212.2774	1.000153	3.949489	1.966772	1.928578
18942	-1239.094	-1450.99	211.8966	0.9083382	3.389204	1.203978	2.707659
18948	-1239.963	-1451.332	211.3692	0.7262608	4.767808	1.203978	2.859711
18954	-1231.729	-1443.664	211.9347	0.9306314	4.836421	1.34731	2.295236
18960	-1231.182	-1442.362	211.1798	0.9398627	5.077653	1.385588	2.700186
18966	-1232.327	-1443.837	211.5101	0.8316369	4.248523	1.417341	2.700186
18972	-1240.646	-1452.393	211.7466	0.8631226	4.248523	1.413857	2.536236
18978	-1253.596	-1464.552	210.9556	0.7358736	5.742835	1.365203	2.864269
18984	-1243.925	-1455.351	211.4262	0.7822387	3.666877	0.9262553	3.165073
18990	-1240.915	-1453.335	212.4195	0.948344	3.963516	1.116428	2.274512
18996	-1244.981	-1457.236	212.2547	0.9724197	5.615509	1.116428	2.051536
19002	-1243.833	-1455.015	211.1824	0.8948173	3.672312	1.748586	2.838377
19008	-1255.88	-1466.684	210.8034	0.7683058	3.635363	1.748586	3.149908
19014	-1239.515	-1451.527	212.012	1.099212	5.466117	0.9201318	2.278133
19020	-1242.683	-1455.932	213.2482	1.219051	5.428771	0.5517005	1.689677
19026	-1234.669	-1447.765	213.0962	1.193464	5.386735	0.8334952	1.556756
19032	-1240.934	-1451.618	210.684	0.7181997	3.890695	1.639626	3.240015
19038	-1244.403	-1456.283	211.8803	1.046951	3.503864	1.115439	2.654403
19044	-1227.052	-1439.612	212.5599	1.291096	6.205455	1.319129	1.382744
19050	-1242.201	-1454.82	212.6195	1.283612	6.205455	1.319129	1.341615
19056	-1232.961	-1445.64	212.679	1.235288	4.492529	1.319129	1.675963
19062	-1242.027	-1454.735	212.7076	1.194053	6.750419	1.319129	1.242029
19068	-1232.254	-1444.196	211.9414	0.992957	5.92022	1.661753	1.909947
19074	-1237.957	-1450.393	212.4356	1.028432	5.862181	1.661753	1.546725
19080	-1240.804	-1453.654	212.8503	1.10201	4.267658	1.351111	1.680687
19086	-1232.142	-1443.949	211.8066	0.8266612	4.403203	1.600018	2.405371
19092	-1241.625	-1452.595	210.9695	0.7283514	4.403203	1.600018	2.980245
19098	-1244.265	-1455.935	211.67	0.6561404	5.298712	1.179288	2.641378
19104	-1242.24	-1453.913	211.6728	0.7017401	4.424295	0.790815	3.005552
19110	-1242.917	-1453.174	210.2562	0.556965	5.217469	0.790815	3.787019
19116	-1252.954	-1463.745	210.7912	0.8584934	4.902157	0.790815	3.351424
19122	-1259.897	-1470.362	210.4651	0.8839069	4.527072	0.790815	3.591639
19128	-1256.338	-1468.085	211.747	0.8839069	6.144426	0.5135089	2.801829
19134	-1254.512	-1465.239	210.7274	0.7381902	4.187139	2.114804	2.96788
19140	-1240.63	-1451.658	211.0279	0.801585	4.627735	1.433131	2.932982
19146	-1237.009	-1448.093	211.0839	0.6563775	5.458381	1.433131	2.846822
19152	-1235.366	-1446.748	211.3822	0.8394154	5.458381	0.9396798	2.820348
19158	-1238.027	-1450.815	212.7882	1.326456	4.73289	0.9396798	1.729694
19164	-1234.246	-1446.926	212.6797	1.155344	4.83511	1.030704	1.839283
19170	-1237.534	-1450.484	212.9501	1.424547	5.785488	1.39441	0.9585839
19176	-1242.648	-1455.569	212.9216	1.495273	5.785488	1.426285	0.8856911
19182	-1245.838	-1457.861	212.023	1.163216	4.467072	1.883631	1.911164
19188	-1247.787	-1460.341	212.5543	1.246949	4.380295	1.883631	1.494007
19194	-1242.602	-1454.814	212.2123	1.147833	6.448628	1.888577	1.409984
19200	-1239.471	-1452.647	213.1757	1.244987	4.380295	1.125945	1.451181
19206	-1235.867	-1448.77	212.9029	1.277904	4.306596	1.504427	1.416041
19212	-1244.798	-1457.646	212.8472	1.255926	4.752943	1.259273	1.517695
19218	-1236.43	-1449.181	212.7504	1.201612	4.913259	1.348335	1.541418
19224	-1229.863	-1442.273	212.4097	1.097845	4.07626	1.709694	1.852959
19230	-1233.187	-1445.147	211.9596	0.9033844	4.040995	1.37927	2.436981
19236	-1231.115	-1441.67	210.5551	0.6611918	4.040995	1.300086	3.46857
19242	-1226.322	-1436.763	210.4413	0.5285898	5.455488	1.300086	3.369113
19248	-1222.076	-1432.75	210.6745	0.5103622	5.455488	1.217936	3.283245
19254	-1237.129	-1448.664	211.5347	0.7752186	4.38767	1.16765	2.818528
19260	-1247.609	-1459.455	211.8458	0.9106936	4.43875	1.16765	2.534156
19266	-1241.823	-1453.731	211.9077	0.8790799	4.43875	1.16765	2.515246
19272	-1233.974	-1445.562	211.5883	1.036455	3.941211	1.576936	2.515246
19278	-1233.036	-1444.833	211.7976	0.8672651	3.296811	1.321989	2.754891
19284	-1235.62	-1447.856	212.2363	1.086074	2.749607	1.321989	2.49163
19290	-1236.295	-1448.226	211.9308	0.9165238	4.167609	1.116243	2.560085
19296	-1227.619	-1439.831	212.212	0.9403413	3.464068	1.054153	2.560085
19302	-1228.033	-1438.979	210.9461	0.7555006	4.619106	1.08376	3.187168
19308	-1234.323	-1445.318	210.9953	0.6440386	4.266105	1.651064	3.020126
19314	-1230.931	-1441.937	211.0058	0.6833976	3.946776	1.69877	3.034061
19320	-1233.175	-1445.711	212.5362	1.215723	4.597107	1.499889	1.669715
19326	-1248.668	-1461.098	212.43	1.427744	4.31227	2.28834	1.286681
19332	-1235.203	-1445.87	210.6673	0.7168805	4.158926	1.968511	3.072773
19338	-1237.057	-1448.122	211.0651	0.8354224	4.158926	1.18152	3.1014
19344	-1240.694	-1452.952	212.258	1.074839	3.831619	1.287817	2.230208
19350	-1231.245	-1443.516	212.2704	0.8882233	4.767083	1.209228	2.193304
19356	-1230.352	-1442.244	211.8919	0.9372389	5.893055	1.106992	2.271014
19362	-1235.374	-1447.161	211.787	0.9970588	4.971852	1.368114	2.311979
19368	-1247.716	-1459.643	211.927	0.7920453	4.27944	1.368114	2.483998
19374	-1242.666	-1454.325	211.6598	0.9225213	6.362663	1.409625	2.193868
19380	-1240.119	-1452.472	212.3529	1.057183	4.59403	0.9934095	2.193868
19386	-1244.984	-1457.21	212.2256	1.099931	4.33972	1.478268	2.027598
19392	-1231.095	-1443.747	212.6527	1.099931	4.33972	1.478268	1.736587
19398	-1227.155	-1439.199	212.0447	1.159853	3.781	2.115882	1.959023
19404	-1251.702	-1463.728	212.0256	1.040046	5.643547	1.405485	1.992514
19410	-1238.051	-1449.646	211.5948	0.7833022	3.718065	1.573509	2.717374
19416	-1231.537	-1443.828	212.2912	1.04874	4.594235	1.573509	1.919256
19422	-1231.489	-1443.729	212.2398	1.003739	5.348373	1.436937	1.908185
19428	-1230.095	-1441.837	211.742	0.9678565	4.66979	1.45518	2.372098
19434	-1223.108	-1433.9	210.792	0.7891108	3.702	2.276119	2.94496
19440	-1230.045	-1442.539	212.4942	1.018263	4.073835	1.153682	2.135161
19446	-1235.215	-1447.023	211.8072	1.075998	4.073835	2.085706	2.116928
19452	-1242.038	-1453.992	211.9547	0.8408372	4.769748	1.191914	2.434093
19458	-1234.72	-1446.885	212.1645	0.9296716	4.258538	1.191914	2.343924
19464	-1231.161	-1442.483	211.322	0.8802423	3.431355	1.765936	2.809871
19470	-1232.773	-1444.943	212.1697	1.001558	3.638248	0.9054107	2.602045
19476	-1234.624	-1447.315	212.691	1.10339	5.132486	0.8932154	1.906626
19482	-1227.165	-1439.143	211.9781	1.006297	4.502586	0.964723	2.500567
19488	-1231.818	-1443.454	211.6359	0.8575847	4.502586	1.540169	2.500567
19494	-1239.474	-1451.81	212.3366	0.8575847	4.210237	1.540169	2.111609
19500	-1246.593	-1458.525	211.9329	1.072479	3.574192	0.9045123	2.719269
19506	-1249.78	-1461.486	211.7059	1.04905	3.589719	1.153791	2.719269
19512	-1243.639	-1453.944	210.3044	0.8680393	3.1354	2.281793	3.315574
19518	-1241.292	-1452.318	211.0257	0.9131373	3.316224	1.65259	3.040944
19524	-1235.534	-1446.805	211.2711	0.6332021	4.605263	1.205684	3.003046
19530	-1241.799	-1451.46	209.6608	0.5827417	5.031092	1.205684	3.902913
19536	-1253.152	-1463.433	210.2806	0.5754722	4.679261	1.205684	3.607894
19542	-1247.436	-1457.752	210.3159	0.592171	4.356555	1.205684	3.634813
19548	-1239.942	-1450.709	210.7666	0.5470566	4.356555	1.262865	3.36974
19554	-1241.972	-1453.314	211.3423	0.6497325	4.356555	1.232192	2.9825
19560	-1231.388	-1443.321	211.9338	1.012675	5.041578	1.267957	2.247502
19566	-1226.691	-1438.853	212.1614	0.8419109	5.041578	1.201319	2.247502
19572	-1232.699	-1445.073	212.3734	1.076908	5.594677	1.47432	1.701278
19578	-1233.021	-1445.23	212.2095	0.9088876	4.719077	1.236207	2.213431
19584	-1234.603	-1445.709	211.1057	0.7620622	4.917816	1.267413	2.938542
19590	-1234.617	-1446.226	211.6099	0.8972931	3.339622	1.426904	2.790516
19596	-1252.961	-1463.742	210.7811	0.6589691	3.954678	1.11555	3.448382
19602	-1231.836	-1442.632	210.7954	0.7400175	3.927875	2.263932	2.928719
19608	-1243.812	-1455.494	211.6825	0.9132319	3.662711	1.230621	2.759187
19614	-1242.947	-1454.534	211.5864	0.949954	3.929201	1.160016	2.775913
19620	-1230.295	-1442.383	212.0878	0.8978656	5.236637	0.9766631	2.359442
19626	-1236.199	-1447.378	211.1791	0.744386	5.248862	1.044771	2.970242
19632	-1238.947	-1450.565	211.6179	0.7283521	5.215456	1.044771	2.719173
19638	-1233.507	-1445.662	212.1545	0.8299819	5.215456	1.044771	2.320857
19644	-1254.796	-1466.461	211.6642	0.7474632	3.925548	1.833398	2.545044
19650	-1237.294	-1448.401	211.1062	0.6893026	3.925548	1.894061	2.899523
19656	-1239.268	-1451.007	211.7389	0.8342406	3.925548	1.37485	2.643913
19662	-1240.905	-1453.026	212.121	0.9820327	3.925548	1.259566	2.371314
19668	-1256.993	-1469.844	212.8516	1.054971	4.086765	0.9500075	2.001975
19674	-1246.413	-1457.525	211.1112	0.6837502	5.829502	1.446785	2.749853
19680	-1250.401	-1462.046	211.6457	0.8434537	5.02141	1.462188	2.444132
19686	-1238.985	-1450.508	211.5229	0.8016565	4.033631	1.486837	2.721803
19692	-1245.119	-1456.573	211.454	0.7775912	3.846426	1.486837	2.81742
19698	-1239.788	-1451.544	211.7566	0.9889709	5.416198	1.668621	2.117332
19704	-1241.157	-1454.014	212.8564	1.037606	5.750711	0.963447	1.673588
19710	-1246.352	-1458.865	212.5126	1.04287	5.237668	1.406521	1.729534
19716	-1243.785	-1456.598	212.8127	1.224392	5.237668	1.667535	1.220061
19722	-1247.402	-1459.725	212.3236	1.168167	4.395574	2.194098	1.586608
19728	-1237.236	-1449.922	212.6859	1.170837	5.505057	1.249737	1.552964
19734	-1247.142	-1459.546	212.404	1.0186	5.505057	1.19717	1.891074
19740	-1244.674	-1456.942	212.2677	0.823461	5.505057	1.19717	2.11207
19746	-1243.427	-1453.509	210.082	0.6110257	4.530053	1.19717	3.732464
19752	-1245.943	-1456.51	210.5665	0.7063851	5.32638	1.19717	3.262018
19758	-1243.7	-1454.842	211.1417	0.8276409	4.921104	0.6485295	3.267108
19764	-1252.311	-1464.432	212.1208	0.965178	5.22237	1.431972	2.038875
19770	-1241.249	-1453.118	211.8692	1.184553	5.444824	1.431972	2.021014
19776	-1235.924	-1448.429	212.5052	1.28325	4.724982	1.431972	1.65271
19782	-1237.649	-1449.481	211.8318	1.06763	5.747359	1.057724	2.278835
19788	-1249.581	-1460.915	211.3337	0.6855337	5.747359	1.486231	2.606399
19794	-1249.431	-1460.944	211.5131	0.7775005	5.047654	1.367457	2.60872
19800	-1252.772	-1464.946	212.1746	0.9828802	5.160354	1.093471	2.189638
19806	-1248.96	-1461.167	212.2068	1.017367	5.160354	1.021433	2.191195
19812	-1236.952	-1449.234	212.2816	1.013744	4.986642	1.327984	1.997025
19818	-1232.34	-1444.403	212.0625	0.9329951	4.938273	1.386672	2.172652
19824	-1234.056	-1445.939	211.8834	0.9023328	4.922376	1.558596	2.22838
19830	-1241.64	-1453.932	212.2917	1.078875	4.323259	0.9904325	2.275029
19836	-1233.945	-1445.937	211.992	0.7333264	4.012124	1.199196	2.621527
19842	-1237.189	-1448.691	211.5019	0.7275	5.625827	1.564009	2.459421
19848	-1235.649	-1447.151	211.5019	0.702308	4.997417	1.564009	2.579841
19854	-1230.293	-1442.275	211.9819	0.7600301	5.033221	1.463685	2.28101
19860	-1231.664	-1443.761	212.0965	0.7412185	4.699486	1.463685	2.28101
19866	-1234.961	-1445.872	210.9112	0.8602623	4.699486	1.10984	3.116993
19872	-1247.938	-1459.107	211.169	0.7293406	4.925258	1.075062	3.021629
19878	-1247.527	-1458.826	211.2985	0.618488	4.448036	1.40632	2.925515
19884	-1255.22	-1465.795	210.5747	0.7386644	4.024078	1.380832	3.377169
19890	-1240.784	-1451.67	210.8862	0.6063978	3.846098	1.115174	3.439702
19896	-1251.472	-1462.201	210.7286	0.5988936	2.602879	1.432352	3.674187
19902	-1234.247	-1447.389	213.1423	1.265514	4.616602	1.040849	1.466982
19908	-1236.623	-1448.822	212.1988	1.025709	4.632059	1.243704	2.157263
19914	-1227.834	-1439.709	211.8756	0.9072011	4.529274	1.395931	2.381289
19920	-1252.681	-1463.8	211.1186	0.7745946	4.179243	1.499113	2.949023
19926	-1249.174	-1460.349	211.1753	0.6622804	5.048146	1.206154	2.966072
19932	-1248.899	-1459.786	210.8875	0.8663181	5.1048	1.687189	2.786089
19938	-1231.707	-1443.717	212.0102	0.961486	4.556403	0.80246	2.609136
19944	-1236.132	-1448.097	211.965	0.8323165	3.767034	1.13891	2.66225
19950	-1233.006	-1445.287	212.2816	0.9652505	3.767034	1.145372	2.378085
19956	-1231.744	-1443.349	211.605	0.8490447	5.581938	1.145372	2.534983
19962	-1233.394	-1445.742	212.3473	0.8816142	6.116942	1.027476	2.024544
19968	-1231.554	-1442.632	211.0787	0.5765762	6.673498	1.076942	2.904282
19974	-1227.809	-1439.084	211.275	0.7689571	3.603146	1.207076	3.117022
19980	-1221.949	-1433.839	211.8899	0.7158874	4.633804	1.207076	2.569482
19986	-1227.184	-1438.753	211.5685	0.7997896	5.806665	1.207076	2.519066
19992	-1230.667	-1442.017	211.3499	0.9122383	4.137306	1.593386	2.691994
19998	-1222.636	-1434.439	211.8035	0.8338853	4.739054	1.239515	2.513092
20004	-1226.82	-1438.253	211.4331	0.673463	5.930843	1.239515	2.645163
20010	-1246.142	-1457.218	211.0763	0.6245434	7.289481	1.364472	2.645163
20016	-1228.895	-1439.544	210.6494	0.6931395	6.161463	1.364472	3.013556
20022	-1228.953	-1440.713	211.7605	0.7276665	6.208956	1.226513	2.372249
20028	-1226.343	-1437.713	211.3698	0.6392071	6.208956	0.8549828	2.892417
20034	-1260.165	-1470.918	210.7535	0.5610468	3.899296	0.9453187	3.629546
20040	-1256.189	-1468.881	212.6916	1.03479	4.780766	1.013796	1.935241
20046	-1255.039	-1466.678	211.6389	0.8983484	4.093563	1.719854	2.477015
20052	-1245.356	-1455.836	210.4798	0.7796642	3.722149	1.719854	3.327201
20058	-1253.804	-1463.949	210.1446	0.7150128	3.722149	1.719854	3.561075
20064	-1234.622	-1445.704	211.0825	0.6627103	3.985643	1.501255	3.075263
20070	-1233.416	-1445.301	211.8845	0.8292492	5.107241	1.313898	2.360314
20076	-1237.996	-1449.631	211.6354	0.7929154	4.964863	1.413744	2.515216
20082	-1230.025	-1442.316	212.2909	0.812805	4.513141	1.221182	2.270857
20088	-1233.91	-1446.078	212.1684	1.005587	5.333666	1.221182	2.073539
20094	-1231.095	-1442.994	211.8988	0.8487817	3.592221	1.403889	2.595071
20100	-1242.266	-1454.219	211.9532	0.9734006	6.703403	1.183603	2.040032
20106	-1238.322	-1450.617	212.2948	1.090873	6.703403	0.9485122	1.882723
20112	-1224.541	-1435.979	211.4383	0.7989299	5.201076	1.556046	2.527902
20118	-1228.257	-1440.728	212.4712	0.9775276	5.201076	1.002367	2.049348
20124	-1236.979	-1448.711	211.7319	1.021245	5.424353	1.647083	2.120523
20130	-1229.974	-1441.91	211.9359	0.9519888	5.424353	1.458795	2.120523
20136	-1236.075	-1448.467	212.3922	1.032206	5.758473	1.046672	1.93974
20142	-1246.825	-1459.779	212.9543	1.179219	4.875987	1.029614	1.621778
20148	-1238.853	-1451.407	212.5535	1.174341	4.875987	1.000644	1.924563
20154	-1234.558	-1447.418	212.8605	1.152188	4.015147	1.201607	1.78377
20160	-1238.619	-1450.772	212.153	0.9358571	3.269918	1.226363	2.549223
20166	-1237.921	-1449.368	211.4467	0.8558254	5.068298	1.449446	2.558597
20172	-1234.043	-1445.997	211.9543	0.843326	5.068298	1.229195	2.358777
20178	-1240.212	-1451.52	211.3087	0.910432	4.780981	0.9719303	2.914667
20184	-1241.364	-1453.286	211.9224	0.7446816	4.905315	0.9719303	2.619346
20190	-1238.627	-1450.837	212.2101	0.854028	3.948241	1.21648	2.414226
20196	-1237.565	-1449.44	211.8751	1.066772	2.914241	2.343583	2.272473
20202	-1231.83	-1443.806	211.9763	0.9949045	2.914241	1.320763	2.664678
20208	-1237.379	-1448.826	211.4473	1.00861	3.030935	2.077473	2.63707
20214	-1239.026	-1450.448	211.4219	0.8236153	3.176108	1.9107	2.789389
20220	-1237.121	-1448.281	211.1601	0.6858664	4.26038	1.36038	3.025241
20226	-1241.562	-1452.48	210.9179	0.7048073	4.26038	1.36038	3.1584
20232	-1242.058	-1453.454	211.3967	0.6604272	4.909554	1.078989	2.926648
20238	-1237.604	-1448.771	211.1669	0.7752557	5.327264	1.078989	2.926648
20244	-1244.127	-1455.8	211.6733	0.8420497	4.786729	1.56112	2.424286
20250	-1231.616	-1442.96	211.3443	0.7913348	4.786729	1.56112	2.660709
20256	-1231.807	-1443.468	211.6609	0.7546028	4.663245	1.247065	2.660489
20262	-1246.674	-1458.407	211.7327	0.7912075	5.104698	1.368529	2.45301
20268	-1239.02	-1450.192	211.1713	0.812342	5.104698	1.137112	2.90549
20274	-1244.341	-1455.714	211.3731	0.5739099	5.19919	1.087575	2.939595
20280	-1232.358	-1444.059	211.7014	0.8903322	3.965039	1.587818	2.526012
20286	-1237.864	-1449.795	211.9307	0.907853	3.917015	1.285028	2.526012
20292	-1246.12	-1457.32	211.1995	0.895018	4.749665	1.012873	2.970394
20298	-1237.282	-1448.392	211.1101	0.8185516	4.749665	1.012873	3.0698
20304	-1234.551	-1446.066	211.5152	0.8537319	4.766324	0.8759405	2.888286
20310	-1235.529	-1446.871	211.3422	0.8977689	4.766324	1.642393	2.564737
20316	-1235.019	-1446.923	211.9036	0.8503331	5.198946	1.278831	2.337163
20322	-1240.816	-1452.345	211.5286	1.009446	4.48189	1.410678	2.536806
20328	-1240.934	-1452.291	211.3565	1.041588	4.336185	1.410678	2.651602
20334	-1252.556	-1464.476	211.9198	1.002006	5.15429	1.305332	2.223467
20340	-1239.826	-1451.476	211.6492	0.8100564	5.15429	1.305332	2.516669
20346	-1241.195	-1452.132	210.9368	0.8832693	4.857834	0.7660513	3.276164
20352	-1254.619	-1466.948	212.3292	0.9376514	2.914112	1.620027	2.340119
20358	-1245.83	-1457.895	212.0646	1.008027	3.388995	1.620027	2.340119
20364	-1234.587	-1445.793	211.2067	0.8203754	5.82239	0.6740524	3.070511
20370	-1239.182	-1450.962	211.7802	0.9114384	3.651202	0.9673256	2.853015
20376	-1240.116	-1451.399	211.2825	1.040502	4.162037	2.070732	2.462402
20382	-1234.162	-1445.64	211.4781	0.7079803	4.388438	2.070732	2.502904
20388	-1238.617	-1449.691	211.0744	0.7561738	4.219241	2.070732	2.75555
20394	-1230.116	-1441.23	211.1141	0.8557028	3.702795	2.053484	2.783712
20400	-1235.912	-1447.775	211.8628	1.078071	3.440938	1.285955	2.568707
20406	-1231.403	-1442.82	211.417	0.9848131	3.440938	1.285955	2.898661
20412	-1253.741	-1464.758	211.0168	0.7376011	4.18714	1.595613	2.989361
20418	-1254.443	-1464.931	210.488	0.6928519	3.75712	1.789638	3.339458
20424	-1229.895	-1440.091	210.1962	0.6253007	4.070176	1.789638	3.487094
20430	-1229.074	-1440.432	211.3577	0.6197167	3.881511	1.154915	3.125123
20436	-1231.729	-1441.836	210.107	0.5840602	3.630451	2.033572	3.565655
20442	-1244.833	-1456.703	211.8702	1.022297	3.05734	1.347824	2.66215
20448	-1230.361	-1442.506	212.1454	1.015309	3.845748	0.8697976	2.587034
20454	-1227.501	-1439.177	211.6759	0.8150437	3.789798	1.679712	2.587034
20460	-1234.742	-1446.309	211.5671	0.9085966	3.499713	1.685207	2.659284
20466	-1223.734	-1434.871	211.1376	0.8487029	4.066149	1.298879	3.008715
20472	-1235.243	-1446.406	211.163	0.8233355	4.066149	1.298879	3.008715
20478	-1234.521	-1445.281	210.76	0.7316931	3.452965	2.284836	3.050964
20484	-1234.669	-1447.143	212.4742	1.10349	4.35771	1.250806	1.975645
20490	-1235.896	-1448.71	212.8145	1.162773	4.35771	1.453071	1.585272
20496	-1236.549	-1449.305	212.7563	1.175425	4.35771	1.427985	1.632095
20502	-1238.898	-1449.444	210.5459	0.7170503	4.617819	1.031007	3.475246
20508	-1240.123	-1451.636	211.5136	0.787392	5.093	1.243632	2.657012
20514	-1254.77	-1466.646	211.8768	0.8859395	6.81421	1.169856	2.139807
20520	-1239.522	-1450.953	211.4306	0.9337733	5.093	1.103409	2.694552
20526	-1235.756	-1446.767	211.0117	0.8962664	5.093	1.02798	3.014865
20532	-1232.48	-1444.94	212.4602	1.145075	4.70534	1.485152	1.758188
20538	-1242.326	-1454.77	212.4445	1.275567	4.70534	1.075976	1.913765
20544	-1237.961	-1450.559	212.5986	1.104034	3.798792	0.7519193	2.343836
20550	-1249.31	-1461.931	212.6202	1.195148	4.148977	1.3313	1.81453
20556	-1244.424	-1456.97	212.5461	1.195148	3.740583	1.576027	1.834407
20562	-1244.529	-1457.067	212.5375	1.217673	3.31714	2.083205	1.71153
20568	-1245.706	-1458.018	212.3114	1.042126	6.642135	1.262908	1.71153
20574	-1241.259	-1454.063	212.8035	1.13429	6.642135	0.9144886	1.526451
20580	-1244.923	-1457.375	212.4515	1.175167	6.642135	0.7990763	1.840365
20586	-1239.545	-1452.281	212.7363	1.384772	5.302011	1.303534	1.35811
20592	-1251.243	-1464.171	212.9279	1.30722	4.888963	1.303534	1.35811
20598	-1261.172	-1473.568	212.3961	1.30722	5.052801	1.157211	1.806103
20604	-1244.64	-1457.67	213.03	1.396354	4.214259	1.586232	1.192964
20610	-1233.804	-1446.832	213.0278	1.391922	4.355487	1.532472	1.192964
20616	-1222.177	-1435.122	212.9448	1.287464	4.303168	1.532472	1.360759
20622	-1234.554	-1446.127	211.5725	0.9803336	6.700389	0.878231	2.4735
20628	-1244.894	-1456.969	212.0751	1.057504	5.673491	0.878231	2.259346
20634	-1241.408	-1453.087	211.6789	0.8630886	5.673491	1.283364	2.390384
20640	-1241.091	-1452.883	211.7918	0.8241975	5.443201	1.283364	2.381019
20646	-1240.376	-1451.126	210.75	0.7862114	5.992132	1.633234	2.801584
20652	-1238.104	-1450.494	212.3897	0.9261733	4.063808	1.222501	2.225682
20658	-1229.632	-1441.146	211.5132	0.7958734	4.161144	1.341064	2.774054
20664	-1228.316	-1438.965	210.6491	0.6375101	5.245229	1.128903	3.302651
20670	-1244.724	-1457.193	212.4691	0.8527026	6.175849	0.8615297	2.068659
20676	-1241.263	-1452.93	211.667	0.7910063	8.107117	0.7834768	2.421935
20682	-1220.545	-1432.462	211.917	0.9056612	4.88558	1.300202	2.337732
20688	-1232.626	-1444.117	211.4909	0.8864478	5.932192	1.785639	2.221732
20694	-1222.72	-1434.773	212.0532	0.947316	5.932192	1.19861	2.100296
20700	-1222.959	-1434.864	211.9049	0.882298	5.886226	1.19861	2.246193
20706	-1225.45	-1437.365	211.9147	0.7296484	4.578742	1.052534	2.643108
20712	-1227.975	-1440.239	212.264	0.9974311	5.273242	1.29782	1.983519
20718	-1228.246	-1440.144	211.8981	1.077719	6.088115	1.674042	1.848428
20724	-1237.252	-1449.499	212.247	0.9310102	5.746727	1.051458	2.102355
20730	-1236.371	-1448.479	212.1078	1.069622	6.275277	0.925745	2.102355
20736	-1222.777	-1434.649	211.8722	1.136091	6.237272	1.004202	2.165947
20742	-1229.335	-1441.305	211.9699	0.7861381	5.258587	1.217824	2.358318
20748	-1229.9	-1441.624	211.724	0.9692661	5.131233	1.217824	2.41991
20754	-1233.597	-1445.113	211.516	0.7437351	5.55558	1.320093	2.567158
20760	-1237.843	-1448.864	211.0208	0.7512153	5.894058	0.9280123	3.03251
20766	-1241.517	-1453.309	211.792	0.67274	5.894058	1.09795	2.506685
20772	-1246.122	-1458.329	212.2065	0.904271	4.130293	1.128002	2.395938
20778	-1250.214	-1461.708	211.4943	0.9360846	4.216228	1.242002	2.738856
20784	-1243.42	-1453.891	210.4719	0.5557351	4.167782	1.167619	3.619854
20790	-1239.796	-1450.717	210.9208	0.6515917	4.238243	1.232673	3.254531
20796	-1225.182	-1436.863	211.6811	0.9359086	4.234107	1.524833	2.482826
20802	-1228.821	-1440.292	211.4716	0.5661142	4.234107	1.586228	2.812981
20808	-1224.942	-1435.424	210.4827	0.6296484	4.234107	1.224575	3.529207
20814	-1222.69	-1433.465	210.7748	0.6649671	4.812944	1.072143	3.314653
20820	-1243.621	-1454.841	211.2198	0.5895603	5.436547	0.8607841	3.122985
20826	-1243.081	-1453.197	210.1158	0.5791853	5.436547	1.185278	3.589437
20832	-1237.42	-1449.001	211.5813	0.849107	5.214529	1.457477	2.449886
20838	-1230.956	-1442.647	211.6915	0.8897149	4.937747	1.129998	2.572395
20844	-1235.699	-1446.175	210.4761	0.6484309	4.492519	1.467691	3.361003
20850	-1236.896	-1447.926	211.0292	0.7325148	4.492519	1.632601	2.911599
20856	-1233.341	-1444.532	211.1909	0.908615	5.327715	1.01997	2.865892
20862	-1234.027	-1445.821	211.7938	0.722954	4.618196	1.01997	2.733683
20868	-1241.244	-1452.143	210.8985	0.909466	6.561583	0.8718276	2.953578
20874	-1248.087	-1459.402	211.3151	0.8716464	5.698177	1.178787	2.663694
20880	-1243.791	-1455.653	211.862	1.020613	5.154154	1.077223	2.376501
20886	-1245.684	-1457.701	212.0171	0.9685806	5.154154	1.077223	2.310961
20892	-1246.686	-1459.087	212.4001	0.8972442	5.20421	1.223283	2.013702
20898	-1241.156	-1452.241	211.0842	0.8222338	4.644323	1.123146	3.038867
20904	-1244.717	-1455.16	210.4428	0.6395919	5.154839	1.75596	3.154265
20910	-1229.284	-1440.031	210.7475	0.6418128	4.128434	1.75596	3.154265
20916	-1223.427	-1434.979	211.5519	0.6778015	4.388043	1.706881	2.614932
20922	-1236.943	-1447.886	210.9432	0.6144215	4.388043	1.183261	3.260547
20928	-1232.451	-1443.015	210.5637	0.6707432	4.286891	1.209031	3.45595
20934	-1234.527	-1445.428	210.9004	0.7029255	4.286891	1.209031	3.239099
20940	-1244.081	-1454.709	210.6278	0.5480402	4.289469	1.633247	3.298314
20946	-1240.659	-1451.538	210.8786	0.8352928	3.698945	1.633247	3.09752
20952	-1239	-1450.38	211.3796	0.7447065	4.481939	1.633247	2.692586
20958	-1235.4	-1446.958	211.5578	0.7975057	4.16011	1.195528	2.820129
20964	-1246.247	-1457.58	211.3321	0.9447885	3.691921	1.483118	2.824736
20970	-1240.804	-1451.059	210.2553	0.6194489	4.817263	1.189642	3.581695
20976	-1239	-1450.687	211.6866	0.8566522	5.267976	0.9661702	2.637531
20982	-1239.472	-1450.958	211.4864	0.8819676	4.86595	1.274303	2.639045
20988	-1247.79	-1460.136	212.3459	1.066149	3.905849	1.422803	2.092206
20994	-1234.229	-1445.302	211.0734	0.6290185	4.200317	1.844976	2.918894
21000	-1231.198	-1443.056	211.8586	0.8167048	4.239344	1.940677	2.271461
21006	-1230.542	-1442.458	211.9161	0.9077214	4.385997	1.940677	2.145398
21012	-1231.66	-1443.484	211.8245	1.001478	5.25326	1.03418	2.421395
21018	-1240.107	-1452.132	212.0249	0.7389904	7.474838	1.23469	2.010961
21024	-1225.154	-1436.842	211.6881	0.8116895	5.342062	1.295234	2.46485
21030	-1230.734	-1442.665	211.9304	1.032838	4.415312	1.295234	2.340028
21036	-1226.727	-1438.668	211.9415	0.8207334	5.102584	1.295234	2.340028
21042	-1227.175	-1439.088	211.9126	0.9754779	5.435738	1.298599	2.20018
21048	-1219.858	-1431.99	212.1319	0.8101672	6.251992	1.01073	2.202487
21054	-1227.329	-1439.638	212.3094	0.9932443	5.260542	0.9019326	2.202487
21060	-1230.783	-1443.293	212.5097	0.9643273	5.660883	1.764589	1.526039
21066	-1227.391	-1439.709	212.3179	1.040884	5.819206	1.1934	1.882603
21072	-1221.826	-1432.914	211.0889	0.7116426	4.904874	1.604304	2.826185
21078	-1227.918	-1438.628	210.7098	0.5901445	4.743278	1.489652	3.203629
21084	-1219.304	-1430.27	210.9663	0.7628402	5.041643	1.619433	2.83979
21090	-1219.586	-1430.726	211.1401	0.7521345	5.041643	1.619433	2.740391
21096	-1233.347	-1444.396	211.0485	0.8437624	5.041643	1.619433	2.740391
21102	-1242.106	-1453.59	211.4833	0.8817666	3.130147	1.694936	2.81167
21108	-1244.494	-1455.734	211.2394	0.6988171	2.764517	1.716405	3.154327
21114	-1244.189	-1455.893	211.7046	0.79616	3.088607	1.746584	2.718549
21120	-1235.044	-1445.255	210.2102	0.8051713	3.987323	1.576118	3.473859
21126	-1242.325	-1453.633	211.3089	0.9059884	4.020241	1.576118	2.752133
21132	-1236.546	-1448.002	211.4564	0.7541103	4.306639	1.508242	2.727552
21138	-1234.278	-1445.579	211.301	0.681073	3.575795	1.508242	3.016983
21144	-1237.627	-1448.663	211.0369	0.8041928	4.861384	1.508242	2.850747
21150	-1235.009	-1444.76	209.7506	0.5742416	5.082195	1.044699	3.93269
21156	-1234.189	-1444.421	210.2321	0.5808563	3.846705	1.182919	3.798497
21162	-1233.905	-1445.004	211.0988	0.6711725	3.846705	1.182919	3.240536
21168	-1236.386	-1447.119	210.7335	0.7467038	3.833425	1.07028	3.474076
21174	-1232.324	-1443.298	210.9746	0.6213414	5.017923	1.630524	2.919744
21180	-1237.313	-1449.569	212.2565	1.052632	3.655365	1.477485	2.190076
21186	-1242.074	-1454.404	212.33	1.211361	3.121393	1.477485	2.173074
21192	-1237.91	-1449.335	211.425	0.8490344	4.933422	0.9599855	2.862402
21198	-1232.684	-1444.195	211.5104	0.8490344	4.364192	1.906012	2.459902
21204	-1241.502	-1453.981	212.4788	1.058624	5.760306	0.7894404	2.047715
21210	-1248.435	-1461.539	213.1047	1.233818	4.269935	1.461867	1.325882
21216	-1245.921	-1458.991	213.0707	1.242197	4.113294	1.141449	1.58492
21222	-1239.37	-1450.678	211.3079	0.8054154	3.8038	1.686038	2.813152
21228	-1234.79	-1446.496	211.7058	0.7299038	4.796785	1.450021	2.523379
21234	-1230.685	-1441.657	210.9717	0.5296883	4.817485	0.9431847	3.353147
21240	-1240.321	-1451.666	211.3444	0.6836369	4.619783	1.195295	2.931486
21246	-1234.361	-1445.815	211.454	0.7287273	4.619783	1.027974	2.931486
21252	-1247.344	-1458.591	211.2466	0.8533352	4.108838	1.643912	2.775547
21258	-1251.43	-1462.936	211.5055	0.9605802	4.108838	1.505502	2.610889
21264	-1244.168	-1454.545	210.3777	0.5367976	4.958125	1.172811	3.543812
21270	-1260.853	-1473.434	212.5803	0.8737288	3.627385	1.584797	2.051189
21276	-1229.531	-1442.09	212.5591	1.160019	3.666153	1.584797	1.863671
21282	-1240.803	-1453.261	212.4583	1.107437	3.757787	1.354919	2.059866
21288	-1241.938	-1454.556	212.6172	1.175912	3.682534	1.445857	1.878199
21294	-1239.696	-1452.22	212.5237	1.184279	3.499077	1.913919	1.765461
21300	-1239.481	-1451.609	212.1276	1.077254	3.839778	0.950235	2.507168
21306	-1239.886	-1450.644	210.7578	0.906034	4.220142	1.657377	3.011751
21312	-1237.406	-1448.201	210.7951	0.9338093	4.220142	1.284395	3.139461
21318	-1238.622	-1449.876	211.2546	0.6902102	3.945933	0.9693835	3.236741
21324	-1237.168	-1448.582	211.4144	0.7730831	4.984831	0.9693835	2.900121
21330	-1243.903	-1454.777	210.8738	0.6671177	4.462857	1.147288	3.27565
21336	-1240.431	-1451.584	211.1527	0.7309894	4.462857	1.147288	3.072214
21342	-1243.58	-1454.054	210.4739	0.7837613	4.017723	1.670449	3.287461
21348	-1243.285	-1453.113	209.8285	0.7667419	2.836518	1.110189	4.18663
21354	-1254.875	-1465.428	210.5533	0.7301684	2.574846	1.998476	3.488504
21360	-1244.134	-1454.965	210.831	0.7769971	3.695601	1.296812	3.310495
21366	-1240.853	-1452.714	211.8611	0.7942768	4.209715	1.330511	2.556399
21372	-1240.824	-1453.008	212.1839	0.8325897	4.623746	1.133654	2.354533
21378	-1235.716	-1447.467	211.751	1.022629	4.326931	1.159509	2.54977
21384	-1235.98	-1447.023	211.0438	0.8762921	3.763073	1.646032	2.955131
21390	-1231.352	-1443.541	212.1894	0.8760499	3.501119	1.339043	2.44974
21396	-1233.516	-1445.622	212.1056	0.7838007	3.27111	1.339043	2.614684
21402	-1232.671	-1444.584	211.9134	0.8901236	3.322	1.339043	2.655293
21408	-1238.262	-1449.773	211.5119	0.8437638	3.318463	1.997825	2.655293
21414	-1235.471	-1447.079	211.608	0.7548091	3.808854	1.696074	2.655293
21420	-1237.891	-1450.076	212.1855	0.8858292	4.482601	1.011895	2.420027
21426	-1236.958	-1448.592	211.6332	0.8602972	4.698259	1.707029	2.391144
21432	-1245.619	-1456.321	210.7018	0.6406257	4.115189	1.727436	3.195765
21438	-1251.917	-1463.299	211.3827	0.891695	4.05597	1.212804	2.880883
21444	-1257.148	-1468.151	211.0034	0.8561528	4.793869	1.69672	2.771365
21450	-1240.621	-1452	211.3795	0.7222128	4.746698	1.33819	2.791648
21456	-1236.306	-1448.563	212.2571	0.8259087	4.746698	1.33819	2.176534
21462	-1238.17	-1450.629	212.4591	0.9309002	4.070662	1.522633	2.020882
21468	-1230.1	-1442.027	211.9267	1.035023	4.531466	1.520451	2.206653
21474	-1231.921	-1443.102	211.1809	0.8613848	5.594581	1.027348	2.853966
21480	-1237.773	-1450.138	212.3654	0.9509294	5.846987	0.9120539	2.088044
21486	-1243.485	-1454.888	211.4025	0.8145022	6.298859	0.9120539	2.714973
21492	-1239.657	-1451.216	211.5587	0.8573223	5.54417	1.279577	2.492307
21498	-1242.298	-1454.911	212.6137	1.085918	6.495288	1.279577	1.472851
21504	-1233.416	-1444.221	210.8051	0.445183	5.440348	1.048805	3.337756
21510	-1231.975	-1442.699	210.7242	0.5260965	5.440348	1.048805	3.337756
21516	-1227.872	-1438.472	210.5995	0.5534364	5.440348	1.3375	3.245762
21522	-1230.808	-1441.444	210.6357	0.6417182	5.283218	1.237198	3.245762
21528	-1240.395	-1451.581	211.1864	0.7552441	5.049035	1.286003	2.862275
21534	-1234.335	-1446.409	212.0739	0.8806253	5.442341	1.111573	2.261054
21540	-1234.777	-1446.934	212.1573	0.841545	5.442341	1.082916	2.249753
21546	-1232.58	-1443.912	211.3313	0.689266	6.456785	1.061413	2.720617
21552	-1240.69	-1452.004	211.3143	0.9078991	6.125059	0.9369521	2.720617
21558	-1238.352	-1449.728	211.3758	0.7147616	5.856088	0.860834	2.89044
21564	-1235.025	-1446.117	211.0921	0.5921646	5.398199	0.860834	3.203253
21570	-1250.985	-1461.566	210.5808	0.6087367	6.268107	0.860834	3.368116
21576	-1254.849	-1465.591	210.7423	0.5692741	6.832976	0.9381562	3.171778
21582	-1247.729	-1458.725	210.9964	0.7222164	5.323577	0.8957609	3.171778
21588	-1250.261	-1460.901	210.6393	0.638993	6.200073	0.9156727	3.289991
21594	-1244.991	-1455.817	210.8257	0.6124289	5.344432	0.8463728	3.366394
21600	-1233.695	-1444.168	210.4732	0.7176991	3.843193	1.378659	3.485982
21606	-1229.669	-1441.415	211.7468	0.8480121	4.516576	0.9495549	2.748322
21612	-1223.09	-1434.921	211.8308	0.7827628	4.455323	0.9495549	2.748322
21618	-1233.151	-1445.003	211.8526	0.6820504	5.346241	1.180765	2.503289
21624	-1224.162	-1435.899	211.7367	0.759603	5.346241	1.180765	2.527228
21630	-1232.089	-1443.47	211.3809	0.7578748	5.270587	1.143249	2.780616
21636	-1224.106	-1435.054	210.9482	0.5647187	5.589296	1.143249	3.107345
21642	-1223.771	-1435.05	211.2795	0.8047601	4.676752	1.23646	2.865799
21648	-1231.962	-1443.657	211.6947	0.8117007	4.676752	1.23646	2.607478
21654	-1230.265	-1442.077	211.8124	0.8547248	4.123275	1.23646	2.614787
21660	-1229.781	-1440.703	210.9219	0.7558896	4.27661	1.871713	2.90895
21666	-1226.545	-1438.191	211.6465	0.8825811	6.087252	1.350153	2.299532
21672	-1222.584	-1434.11	211.5261	0.7669473	4.967783	1.176595	2.719069
21678	-1240.936	-1452.167	211.2314	0.7553067	5.984874	1.223687	2.719069
21684	-1230.93	-1442.743	211.8132	0.7149512	5.984874	1.223687	2.382226
21690	-1240.765	-1451.913	211.1478	0.91871	3.179952	1.391234	3.110645
21696	-1234.922	-1446.37	211.4482	0.9771127	4.300135	1.446916	2.624796
21702	-1237.578	-1448.148	210.5696	0.8170616	4.025839	1.93682	3.108832
21708	-1244.775	-1456.391	211.616	0.8782745	4.106505	1.104595	2.796088
21714	-1248.386	-1461.104	212.718	1.16953	3.983782	1.891807	1.522027
21720	-1234.082	-1446.898	212.8158	1.177148	3.938784	1.283229	1.767221
21726	-1243.438	-1455.565	212.1267	1.07436	3.938784	1.843661	2.032403
21732	-1241.282	-1452.482	211.1999	0.7437908	4.209865	1.275215	3.017774
21738	-1256.43	-1467.749	211.3196	0.7595097	4.298577	1.275215	2.919296
21744	-1249.682	-1460.675	210.9921	1.049389	3.226122	2.824758	2.611722
21750	-1247.025	-1458.09	211.0646	0.7357078	4.147532	1.29037	3.10804
21756	-1241.795	-1453.322	211.5264	0.6605773	4.708636	1.29037	2.770166
21762	-1243.657	-1455.32	211.6636	0.8930778	4.562502	1.29037	2.569534
21768	-1251.421	-1462.868	211.4469	0.7732328	4.259713	1.204019	2.878112
21774	-1253.954	-1464.779	210.8254	0.9386203	4.259713	0.8932141	3.329737
21780	-1244.818	-1456.19	211.3721	0.8529232	4.203266	0.8932141	3.067202
21786	-1262.435	-1473.358	210.9224	0.7148456	4.203266	1.612338	3.049421
21792	-1248.404	-1459.425	211.0211	0.7676671	4.56031	1.612338	2.891242
21798	-1249.4	-1460.095	210.6946	0.6835748	5.201954	1.612338	3.027694
21804	-1259.098	-1470.017	210.919	0.9319525	3.638392	1.350104	3.153505
21810	-1252.88	-1464.536	211.6562	1.159353	3.536073	0.9929055	2.787646
21816	-1268.553	-1479.451	210.8977	0.8259645	3.357368	1.822115	3.093536
21822	-1249.6	-1460.546	210.9458	0.7692617	3.237412	2.037898	3.049097
21828	-1246.001	-1457.799	211.7985	0.9538033	3.512384	0.939461	2.864738
21834	-1247.782	-1458.728	210.946	0.8176472	3.512384	1.026285	3.400836
21840	-1239.764	-1449.831	210.0668	0.7656447	3.512384	1.026285	3.940053
21846	-1251.083	-1460.63	209.5466	0.6288129	3.512384	1.555807	4.063858
21852	-1254.45	-1466.438	211.9881	1.014913	6.156582	1.004619	2.18141
21858	-1257.478	-1469.723	212.2449	0.9007595	5.617004	1.102309	2.113456
21864	-1249.154	-1461.4	212.2458	0.8791505	6.6511	0.9076454	2.093519
21870	-1245.227	-1456.507	211.2801	0.8661165	3.944039	1.455257	2.863147
21876	-1247.921	-1459.251	211.3301	0.8567353	3.933087	1.455257	2.840763
21882	-1240.807	-1453.068	212.2616	1.092147	4.410918	2.074878	1.729598
21888	-1247.347	-1459.729	212.3825	1.109117	4.410918	1.895117	1.707213
21894	-1243.737	-1455.152	211.4149	0.8034135	4.500261	1.047111	2.920588
21900	-1231.239	-1442.959	211.7203	0.9362094	4.500261	1.047111	2.653527
21906	-1235.973	-1447.643	211.6693	0.99959	4.500261	1.141468	2.591388
21912	-1241.015	-1454.499	213.4841	1.5053	3.63156	1.523673	0.8833373
21918	-1244.171	-1457.527	213.356	1.610335	3.63156	1.523673	0.909408
21924	-1246.399	-1459.415	213.0163	1.523334	3.340432	2.444049	0.893851
21930	-1243.408	-1456.556	213.1479	1.471707	3.379565	1.574959	1.284199
21936	-1238.523	-1451.42	212.8967	1.461635	3.994193	1.574959	1.316505
21942	-1248.07	-1460.027	211.9569	1.287808	3.097337	2.09317	2.113753
21948	-1244.524	-1457.683	213.1589	1.372067	3.133622	1.423174	1.51626
21954	-1232.071	-1444.494	212.4223	1.163885	3.868649	1.47228	1.960332
21960	-1234.016	-1445.535	211.5187	0.8714114	4.910202	1.480276	2.517388
21966	-1246.018	-1456.658	210.6399	0.5787381	4.763221	1.642971	3.183818
21972	-1231.151	-1442.394	211.2428	0.7297535	4.763221	1.642971	2.729914
21978	-1232.985	-1444.388	211.403	0.6934949	4.852506	1.326763	2.781726
21984	-1233.582	-1445.016	211.4335	0.7505094	3.92969	1.326763	2.903763
21990	-1230.374	-1441.88	211.5056	0.7442342	4.537984	1.326763	2.744847
21996	-1233.245	-1444.362	211.1161	0.8128224	5.989192	1.326763	2.701269
22002	-1232.796	-1444.386	211.5896	0.6461566	5.775029	1.039034	2.701269
22008	-1248.698	-1460.054	211.3564	0.8154099	5.775029	1.367591	2.563717
22014	-1238.445	-1449.615	211.17	0.679333	4.075177	1.467188	3.010113
22020	-1248.369	-1458.103	209.7341	0.5457284	4.075177	1.337027	3.985574
22026	-1230.709	-1441.823	211.1134	0.7026778	4.075177	1.349133	3.084495
22032	-1235.047	-1446.254	211.2078	0.5558292	4.075177	1.229698	3.174315
22038	-1245.749	-1457.039	211.2898	0.9533239	4.302458	0.7383858	3.145048
22044	-1248.171	-1459.586	211.4148	0.8213621	4.366321	1.100361	2.904374
22050	-1246.103	-1457.818	211.715	0.8379544	3.533901	1.444659	2.709099
22056	-1234.531	-1446.06	211.5292	0.937062	4.625801	1.112749	2.709099
22062	-1244.825	-1455.095	210.2696	0.572474	3.32741	1.171527	3.897446
22068	-1234.462	-1445.56	211.0989	0.8883116	4.19228	1.171527	3.048476
22074	-1242.187	-1454.676	212.4893	0.859004	3.699281	1.171527	2.314068
22080	-1241.096	-1452.601	211.5049	0.6709399	4.438968	1.15928	2.894702
22086	-1237.208	-1449.275	212.0674	0.7380136	5.654845	1.058809	2.353002
22092	-1235.083	-1446.014	210.9316	0.6800822	4.525829	1.058809	3.271024
22098	-1242.006	-1452.226	210.2203	0.5698536	4.525829	1.158705	3.696767
22104	-1231.891	-1443.211	211.3203	0.6661286	4.525829	1.324144	2.908399
22110	-1253.184	-1464.471	211.2868	0.9158493	5.047582	1.102421	2.801663
22116	-1246.152	-1458.244	212.0924	1.110994	5.047582	1.737271	1.847103
22122	-1246.85	-1459.251	212.4005	1.022943	4.305927	1.737271	1.847103
22128	-1248.066	-1459.905	211.8387	1.062188	3.886115	1.737271	2.283868
22134	-1242.621	-1453.551	210.9296	0.8848717	3.886115	2.820426	2.601831
22140	-1246.468	-1457.397	210.9291	0.9525551	4.014029	2.820426	2.533111
22146	-1248.597	-1459.63	211.0326	0.8286817	2.921386	1.45973	3.265629
22152	-1249.688	-1460.582	210.8942	0.7487801	3.253256	1.570136	3.265629
22158	-1241.083	-1452.749	211.6654	0.9104947	3.981835	1.570136	2.540112
22164	-1242.267	-1453.255	210.9875	0.6265338	4.063267	1.372515	3.195956
22170	-1237.09	-1448.139	211.049	0.6446529	5.194053	1.082054	3.095375
22176	-1253.594	-1465.307	211.7128	0.5962133	4.99343	1.082054	2.757674
22182	-1257.367	-1470.565	213.1976	1.254743	3.353996	1.43282	1.503756
22188	-1258.801	-1471.024	212.223	1.189944	3.353996	2.48651	1.791671
22194	-1242.587	-1453.366	210.7792	0.4789797	4.776195	1.225928	3.346237
22200	-1238.431	-1449.682	211.2505	0.722045	4.833139	1.065476	2.998404
22206	-1250.028	-1460.864	210.836	0.8904928	4.263592	1.423194	3.066814
22212	-1236.631	-1447.409	210.7783	0.7121997	5.056479	1.423194	3.066814
22218	-1248.451	-1459.103	210.6516	0.623262	5.616138	1.423194	3.106668
22224	-1261.409	-1471.792	210.3834	0.6941357	4.520962	1.558311	3.344648
22230	-1237.549	-1448.913	211.3639	0.8023191	5.690581	0.9998001	2.780373
22236	-1231.633	-1443.111	211.4781	0.688139	5.690581	0.9998001	2.780373
22242	-1257.264	-1469.312	212.0487	0.9317229	5.095086	1.275296	2.21208
22248	-1254.999	-1466.511	211.5111	0.8132988	5.095086	1.206415	2.661922
22254	-1249.621	-1462.229	212.6076	1.313086	4.712952	1.963748	1.283742
22260	-1249.217	-1461.061	211.8433	0.8623328	3.781018	1.875525	2.375532
22266	-1246.445	-1458.353	211.9078	0.9514742	3.781018	1.875525	2.277686
22272	-1260.715	-1472.356	211.6408	0.8336225	3.781018	1.35366	2.745547
22278	-1256.649	-1468.083	211.4338	0.8536781	4.844389	2.318462	2.266747
22284	-1253.732	-1465.195	211.4632	1.102674	4.179155	2.318462	2.218438
22290	-1245.232	-1457.188	211.9567	1.033896	4.179155	1.336817	2.34886
22296	-1241.222	-1453.093	211.8706	1.048059	4.755437	1.336817	2.281542
22302	-1235.387	-1447.531	212.1439	0.9848555	4.718084	1.336817	2.152958
22308	-1239.896	-1451.247	211.3508	0.9726425	4.767173	1.2349	2.704672
22314	-1251.263	-1461.577	210.3138	0.7311134	4.177796	1.359812	3.514169
22320	-1256.383	-1465.903	209.5194	0.6423481	3.844445	1.585238	3.991379
22326	-1251.802	-1463.48	211.6784	0.9928037	4.067161	1.483373	2.502077
22332	-1241.602	-1452.257	210.6548	0.7446096	4.696305	1.483373	3.155541
22338	-1240.545	-1451.751	211.2059	0.8028111	4.696305	1.483373	2.789185
22344	-1242.684	-1454.117	211.4335	0.7842071	3.72998	1.183307	2.998169
22350	-1252.548	-1464.245	211.6972	0.924491	3.370207	1.68561	2.599416
22356	-1245.789	-1456.857	211.0679	0.837243	3.789597	2.173912	2.763045
22362	-1241.9	-1453.595	211.6949	1.224661	4.091565	2.173912	2.056757
22368	-1243.142	-1455.58	212.4377	1.050853	4.58894	1.704174	1.756727
22374	-1260.81	-1473.151	212.3407	0.9204437	5.15333	1.241809	2.03642
22380	-1253.562	-1465.35	211.788	1.012553	4.299956	1.383845	2.420993
22386	-1253.408	-1465.782	212.3741	1.016992	4.967798	1.290059	1.957187
22392	-1252.262	-1464.364	212.1027	1.12905	6.081148	1.440253	1.788236
22398	-1246.474	-1458.699	212.2252	0.9166838	6.081148	0.9865817	2.11437
22404	-1241.916	-1454.814	212.8982	1.168588	5.60142	0.9888168	1.55701
22410	-1252.807	-1464.369	211.5614	1.015483	7.28331	0.8089504	2.429987
22416	-1252.005	-1463.176	211.1711	0.8082045	5.773735	1.35539	2.688771
22422	-1244.639	-1456.566	211.9266	1.006293	4.665935	1.380856	2.266968
22428	-1237.184	-1448.666	211.4818	0.8301083	4.968555	1.241059	2.673067
22434	-1252.427	-1463.422	210.9947	0.7149178	5.520143	1.241059	2.948886
22440	-1256.228	-1467.41	211.1817	1.002574	5.999086	1.70208	2.369687
22446	-1251.122	-1463.577	212.4554	1.117176	4.65266	1.022484	2.057275
22452	-1247.586	-1458.653	211.0669	0.86058	4.296266	1.671481	2.832202
22458	-1250.559	-1461.753	211.1941	1.080201	4.073484	1.671481	2.664432
22464	-1241.386	-1452.963	211.5773	0.9250683	4.450236	1.671481	2.447756
22470	-1257.843	-1469.811	211.9676	0.9424207	4.42618	0.8637085	2.628504
22476	-1255.939	-1466.698	210.759	0.828387	5.021637	1.001011	3.233418
22482	-1248.477	-1461.559	213.0827	1.355559	3.903511	1.296819	1.444042
22488	-1231.43	-1444.715	213.2842	1.359511	3.903511	1.180163	1.361544
22494	-1235.428	-1448.439	213.0112	1.124135	3.903511	1.11021	1.781836
22500	-1236.594	-1448.36	211.7657	0.9249456	3.903511	1.152076	2.69125
22506	-1246.737	-1457.948	211.2113	0.8500104	3.814715	1.152076	3.0905
22512	-1231.887	-1443.747	211.8595	1.009566	3.787255	1.492838	2.433614
22518	-1241.071	-1452.679	211.6072	0.9980648	3.70469	1.492838	2.616372
22524	-1243.195	-1454.503	211.3083	0.9442955	4.552112	1.595866	2.616372
22530	-1242.581	-1455.075	212.4931	1.209998	4.244674	1.483667	1.789419
22536	-1233.011	-1445.827	212.8158	1.337957	4.244674	1.483667	1.46358
22542	-1242.351	-1454.098	211.7462	0.9883701	4.542419	1.660098	2.287536
22548	-1242.022	-1453.439	211.4171	0.9538315	3.274606	1.598002	2.813001
22554	-1243.041	-1454.561	211.5202	0.9344177	3.713718	1.598002	2.660771
22560	-1227.179	-1440.01	212.8306	1.305549	6.516579	1.027671	1.305108
22566	-1230.094	-1443.014	212.9198	1.23274	6.444039	1.027671	1.305108
22572	-1241.287	-1453.886	212.5992	1.04456	5.97118	1.027671	1.766312
22578	-1251.29	-1463.72	212.4301	1.076756	6.508078	1.027671	1.774258
22584	-1236.439	-1448.842	212.4026	1.076756	5.737085	0.7989134	2.082479
22590	-1234.608	-1446.804	212.1963	0.9647801	4.982287	1.328369	2.086552
22596	-1230.936	-1443.235	212.2987	1.115962	4.164775	0.9953664	2.276145
22602	-1237.91	-1449.999	212.0891	1.131703	4.118983	1.071652	2.361875
22608	-1234.332	-1446.569	212.2365	0.9839521	4.33416	1.888078	1.914186
22614	-1243.649	-1454.372	210.7235	0.7271353	4.704674	1.410931	3.156164
22620	-1225.862	-1438.307	212.4456	1.1816	5.350414	1.477344	1.618665
22626	-1228.244	-1440.386	212.142	0.9434736	6.162504	0.9492873	2.163538
22632	-1238.335	-1450.187	211.8521	0.9227824	6.162504	0.9492873	2.362936
22638	-1238.704	-1450.587	211.8838	0.7081932	7.478777	0.9492873	2.297111
22644	-1236.233	-1446.819	210.5863	0.7458072	5.97263	1.44451	3.009799
22650	-1239.039	-1450.769	211.7306	1.066934	4.453438	1.433182	2.368485
22656	-1239.305	-1450.968	211.6633	1.108946	5.584029	1.186829	2.310861
22662	-1236.887	-1449.337	212.4507	1.23224	5.584029	1.173139	1.711375
22668	-1237.639	-1449.99	212.3508	1.325957	5.473288	1.310718	1.652958
22674	-1232.639	-1444.798	212.1583	0.911391	5.203788	1.087462	2.242304
22680	-1223.559	-1435.618	212.0586	0.9031417	5.471357	1.074918	2.273532
22686	-1221.092	-1432.665	211.5723	0.8462131	5.471357	1.335224	2.474093
22692	-1237.364	-1450.35	212.9863	1.402192	7.234421	0.8747796	1.091693
22698	-1234.024	-1446.756	212.7311	1.210355	7.928337	1.375325	0.9399773
22704	-1262.362	-1473.565	211.2032	0.7911246	3.990956	2.410764	2.58884
22710	-1230.638	-1443.505	212.8668	0.9988366	6.476584	0.7854947	1.711073
22716	-1220.025	-1431.966	211.9415	0.9284478	5.575429	1.741274	1.975705
22722	-1228.213	-1440.768	212.5552	0.9228747	5.575429	0.9850115	1.975705
22728	-1229.631	-1441.349	211.7176	0.8242392	6.366022	1.070403	2.404253
22734	-1234.092	-1445.623	211.5303	0.7392853	7.646127	1.070403	2.404253
22740	-1236.827	-1448.11	211.2827	0.819543	6.272456	1.070403	2.691234
22746	-1245.093	-1457.085	211.9924	1.09096	6.17039	0.9982241	2.131188
22752	-1228.573	-1439.001	210.4277	0.7075137	5.412283	1.107753	3.376964
22758	-1228.531	-1439.16	210.6295	0.5097688	5.396866	1.107753	3.376964
22764	-1233.861	-1445.275	211.4135	0.8411713	3.356429	1.035329	3.140893
22770	-1243.638	-1455.626	211.9871	1.016981	4.72992	1.043982	2.395776
22776	-1244.143	-1455.867	211.724	0.9735021	6.173891	0.6855453	2.6026
22782	-1223.31	-1434.608	211.2981	0.7201382	3.898003	1.979272	2.738717
22788	-1232.347	-1443.328	210.9808	0.6928359	4.334883	1.895159	2.891566
22794	-1241.663	-1452.803	211.1398	0.7759997	3.759565	1.907418	2.856716
22800	-1229.419	-1440.708	211.2883	0.8394337	4.670739	1.919068	2.541353
22806	-1238.394	-1449.05	210.6565	0.6902336	3.994503	1.038144	3.537682
22812	-1236.867	-1447.362	210.495	0.7331769	3.433576	2.116591	3.266275
22818	-1238.604	-1449.257	210.6529	0.8241973	3.950664	2.116591	3.007558
22824	-1236.594	-1448.632	212.0381	0.8444714	4.984384	1.186205	2.343331
22830	-1237.584	-1449.67	212.0859	0.9904393	4.921945	2.22334	1.759975
22836	-1239.136	-1451.131	211.9947	0.9576959	4.519603	1.528318	2.211316
22842	-1244.04	-1456.302	212.2621	1.16307	4.576117	1.364712	1.970563
22848	-1241.025	-1452.75	211.7241	1.105163	4.41502	2.393966	1.970563
22854	-1245.351	-1457.04	211.689	0.9116496	4.198363	2.145168	2.252038
22860	-1231.13	-1443.159	212.0293	1.139064	3.67908	2.011558	2.047116
22866	-1231.419	-1443.861	212.4428	1.193901	4.381007	1.75747	1.67243
22872	-1228.602	-1440.548	211.9464	0.8598735	4.161202	1.805327	2.25729
22878	-1232.117	-1443.531	211.4145	0.7501776	4.161202	1.805327	2.660197
22884	-1234.112	-1445.24	211.1282	0.7592935	3.858983	1.493383	3.019533
22890	-1246.675	-1457.145	210.4704	0.7618466	4.854455	1.284991	3.318915
22896	-1225.301	-1436.592	211.2906	0.8419963	5.329443	1.284991	2.699865
22902	-1226.775	-1437.424	210.6487	0.5199981	5.329443	1.30058	3.271413
22908	-1222.728	-1433.638	210.9101	0.6482205	4.546352	1.30058	3.172337
22914	-1230.372	-1440.371	209.9998	0.8055979	4.607525	1.307858	3.599788
22920	-1234.607	-1445.014	210.4071	0.7538149	5.283419	1.307858	3.279742
22926	-1233.48	-1445.323	211.8438	0.8373837	5.058478	1.112838	2.498875
22932	-1237.191	-1448.658	211.4667	1.031307	4.551912	1.639691	2.444509
22938	-1239.091	-1450.71	211.6189	0.8572347	5.150282	1.153722	2.587571
22944	-1242.953	-1453.887	210.9343	0.7397674	4.496143	1.544489	3.000873
22950	-1240.242	-1452.167	211.9247	0.803871	4.496143	1.544489	2.351751
22956	-1240.728	-1452.517	211.7896	0.7237428	5.087182	1.086736	2.61333
22962	-1244.074	-1455.885	211.8103	0.8713838	5.807401	1.086736	2.390376
22968	-1236.967	-1447.75	210.7828	0.4943659	5.807401	1.086736	3.245529
22974	-1249.085	-1460.441	211.3561	0.5608264	5.807401	1.137809	2.834345
22980	-1244.794	-1456.294	211.5003	0.8731298	4.622236	1.893727	2.406097
22986	-1235.418	-1446.811	211.3932	0.8156902	4.537688	1.31792	2.774282
22992	-1242.587	-1454.618	212.0309	0.8563077	5.269653	1.089447	2.34639
22998	-1235.615	-1447.038	211.4223	0.9769899	6.454626	1.635062	2.192678
23004	-1234.552	-1445.903	211.3511	1.000284	4.911117	1.333369	2.611675
23010	-1236.223	-1448.209	211.9862	1.022022	4.911117	1.265232	2.23286
23016	-1234.421	-1444.823	210.4024	0.7901251	4.667821	1.889291	3.121227
23022	-1232.987	-1444.642	211.6548	0.8895211	4.667821	1.889291	2.290612
23028	-1235.379	-1446.695	211.3161	0.8582335	4.667821	1.889291	2.524157
23034	-1238.123	-1450.364	212.2412	1.020649	4.667821	1.889291	1.815689
23040	-1235.479	-1447.619	212.1397	1.023234	4.813702	1.238434	2.165455
23046	-1223.337	-1435.75	212.4126	1.145289	4.843505	1.238434	1.89766
23052	-1231.485	-1443.567	212.0822	0.9097511	6.98845	0.8961233	2.140803
23058	-1226.814	-1438.881	212.0671	0.9890787	6.204221	1.437378	1.890277
23064	-1230.006	-1442.183	212.1776	1.087103	5.164913	1.259108	2.022272
23070	-1225.492	-1437.933	212.4407	1.010612	5.665113	1.259108	1.80694
23076	-1227.512	-1439.454	211.9424	0.9987202	6.430631	0.9190756	2.237284
23082	-1227.67	-1440.068	212.3982	1.044334	5.840151	1.465264	1.667804
23088	-1222.779	-1435.604	212.8249	1.227917	4.473194	1.005811	1.780242
23094	-1232.494	-1445.476	212.9819	1.147058	6.174743	1.005811	1.390564
23100	-1231.003	-1443.537	212.534	1.189305	5.191739	1.706617	1.459744
23106	-1235.308	-1448.073	212.7648	1.377266	3.940456	1.706617	1.429982
23112	-1240.158	-1452.545	212.3879	1.180198	8.313871	0.9414258	1.52958
23118	-1230.918	-1443.606	212.6882	1.200695	7.437242	0.9414258	1.414486
23124	-1248.633	-1460.789	212.1566	0.9483493	4.544523	1.087963	2.340339
23130	-1246.201	-1457.732	211.5318	0.8899202	3.728692	1.087963	2.927896
23136	-1244.275	-1456.51	212.2345	0.9537578	4.306901	1.181855	2.279683
23142	-1243.872	-1454.771	210.8986	0.7565723	4.306901	1.27566	3.171141
23148	-1237.145	-1448.161	211.0166	0.641062	4.306901	1.170675	3.223072
23154	-1238.869	-1450.579	211.7096	0.9815388	6.556604	1.239306	2.184121
23160	-1236.228	-1447.068	210.8394	0.8675217	4.299746	1.360335	3.100841
23166	-1233.131	-1444.641	211.5103	0.8601097	5.917955	1.360335	2.420993
23172	-1230.273	-1442.297	212.0242	0.9122596	4.630764	0.8319667	2.595916
23178	-1235.895	-1447.641	211.7458	0.6558919	4.630764	1.092515	2.759183
23184	-1231.915	-1444.088	212.1728	0.8728576	4.630764	1.409397	2.186692
23190	-1236.517	-1448.879	212.3624	1.020551	4.855914	1.409397	1.920075
23196	-1233.439	-1445.225	211.7857	0.7280009	3.908464	1.409397	2.667586
23202	-1225.757	-1437.404	211.6465	0.7840739	4.547374	1.36577	2.612831
23208	-1243.864	-1456.162	212.2978	1.078845	4.547374	1.36577	2.008219
23214	-1235.437	-1447.752	212.3149	1.105554	7.589946	1.088698	1.632087
23220	-1231.398	-1444.174	212.7762	1.268356	5.629156	1.200507	1.419199
23226	-1236.274	-1449.136	212.8618	1.204294	5.629156	1.460238	1.233463
23232	-1246.114	-1457.775	211.6612	1.200209	5.5818	2.829642	1.574526
23238	-1245.159	-1457.276	212.1169	1.233332	6.036282	1.616341	1.621699
23244	-1248.07	-1460.287	212.2173	0.8987957	6.871791	0.8702888	2.094454
23250	-1249.588	-1461.77	212.1821	0.8366061	7.92203	1.360143	1.705926
23256	-1242.947	-1455.17	212.2225	0.9145988	7.92203	1.083988	1.789687
23262	-1243.168	-1456.218	213.0496	1.337607	4.368037	1.636984	1.153764
23268	-1243.071	-1456.109	213.0382	1.337607	3.994166	1.841957	1.15252
23274	-1259.08	-1470.641	211.5608	0.8497143	5.272231	0.8615626	2.786838
23280	-1250.054	-1461.762	211.7084	0.6518895	5.272231	1.198778	2.614152
23286	-1239.11	-1450.745	211.6346	0.7591627	5.844755	1.198778	2.50177
23292	-1233.111	-1445.081	211.9701	1.033842	4.44528	1.011309	2.469981
23298	-1238.519	-1450.35	211.8312	0.779489	4.494507	1.011309	2.704352
23304	-1228.906	-1439.68	210.7743	0.7570604	4.494507	1.011309	3.351261
23310	-1233.3	-1444.303	211.0032	0.7388024	4.596338	1.011309	3.208746
23316	-1242.391	-1453.979	211.5874	1.009357	4.596338	1.011309	2.693915
23322	-1236.866	-1448.345	211.4787	0.8110833	5.277964	1.011309	2.763464
23328	-1245.764	-1457.387	211.6227	0.8599677	4.08711	1.139914	2.787356
23334	-1236.381	-1449.333	212.9526	1.006889	3.640242	1.118721	1.959954
23340	-1232.102	-1445.008	212.9061	1.03001	3.556566	1.739182	1.667077
23346	-1223.471	-1436.284	212.8129	1.240595	4.370191	1.792575	1.345698
23352	-1227.808	-1441.154	213.346	1.318477	4.312023	1.063506	1.322983
23358	-1224.354	-1437.353	212.999	1.362157	5.233255	0.8871311	1.489369
23364	-1234.51	-1447.794	213.2841	1.362157	5.233255	0.8848208	1.267321
23370	-1231.612	-1444.261	212.6495	1.386298	5.894535	1.200579	1.374357
23376	-1238.05	-1450.892	212.8424	1.280651	5.504593	1.200579	1.382981
23382	-1243.339	-1455.3	211.9613	1.021101	6.926389	1.607679	1.744147
23388	-1240.108	-1452.027	211.9183	1.003428	6.102871	1.607679	1.913853
23394	-1232.012	-1444.397	212.385	1.201406	5.718974	1.607679	1.509816
23400	-1225.698	-1438.679	212.9809	1.092199	4.764761	0.9312479	1.758463
23406	-1242.28	-1454.442	212.1617	1.229317	4.319311	1.969054	1.766745
23412	-1238.355	-1451.214	212.8582	1.197222	4.391291	1.46363	1.513951
23418	-1244.292	-1456.293	212.0016	1.058282	5.317	1.46363	2.02343
23424	-1237.969	-1448.197	210.2273	0.6581118	4.258369	1.813951	3.404816
23430	-1228.054	-1439.954	211.9005	1.217146	4.668591	1.637471	2.02343
23436	-1224.004	-1435.97	211.9664	1.054256	4.571859	1.637471	2.106553
23442	-1225.724	-1437.628	211.9042	0.9977984	4.369706	1.213217	2.431508
23448	-1223.613	-1434.378	210.7641	0.7900274	4.369706	1.679026	3.040215
23454	-1225.431	-1437.162	211.7313	0.9063596	4.77898	1.438326	2.405463
23460	-1236.184	-1448.359	212.1755	0.9586481	4.899075	1.301082	2.134158
23466	-1242.363	-1454.137	211.7745	0.9363946	4.480153	1.152253	2.563162
23472	-1242.357	-1454.013	211.6562	0.8306424	4.132468	1.154569	2.767633
23478	-1246.58	-1457.482	210.9022	0.9851476	5.275039	1.154569	2.926128
23484	-1246.424	-1458.139	211.7146	0.916214	3.994526	1.93528	2.353247
23490	-1240.389	-1452.471	212.0819	1.004031	3.832807	1.038677	2.527388
23496	-1238.636	-1450.349	211.7135	1.132966	3.832807	1.038677	2.675662
23502	-1254.634	-1466.52	211.8858	1.061445	6.479897	0.9289304	2.219379
23508	-1257.713	-1469.957	212.2448	0.9233112	6.345589	1.067154	2.003934
23514	-1249.64	-1461.444	211.8048	1.018324	4.009071	1.592986	2.368995
23520	-1247.893	-1459.538	211.6451	0.9376017	3.897087	1.641132	2.52306
23526	-1243.942	-1456.708	212.7665	1.156502	3.897087	1.641132	1.636491
23532	-1234.435	-1446.192	211.7576	1.129389	3.897087	1.998382	2.186201
23538	-1250.306	-1462.911	212.6052	1.129389	3.897087	1.465552	1.856513
23544	-1238.386	-1450.597	212.2105	1.067369	4.640751	0.8485021	2.368431
23550	-1231.573	-1443.967	212.3942	1.02245	5.321462	1.141265	1.961248
23556	-1237.37	-1449.986	212.6168	1.02245	5.102494	1.141265	1.850589
23562	-1244.115	-1456.533	212.4183	1.03342	4.369294	1.141265	2.119971
23568	-1239.251	-1451.899	212.6477	0.8754403	4.949401	1.121592	1.970352
23574	-1252.696	-1465.136	212.44	1.437952	4.195276	2.286029	1.301734
23580	-1249.193	-1462.005	212.8116	1.406061	4.305436	1.643768	1.309286
23586	-1255.95	-1468.454	212.5041	1.207914	4.058103	1.643768	1.746285
23592	-1266.518	-1479.088	212.5704	1.152228	4.707012	1.345892	1.750572
23598	-1245.051	-1457.831	212.7799	1.311952	4.707012	1.463969	1.413404
23604	-1237.894	-1450.572	212.6782	1.305003	3.783114	1.683738	1.600731
23610	-1241.999	-1454.53	212.5314	1.293609	3.949343	1.41725	1.807224
23616	-1252.991	-1465.349	212.3575	1.286701	4.089102	1.712185	1.754338
23622	-1254.456	-1467.037	212.5809	1.246006	4.078798	1.712185	1.627013
23628	-1252.427	-1464.388	211.9613	1.047531	4.078798	1.99463	2.067848
23634	-1251.681	-1462.813	211.1326	0.6558286	4.930648	1.029196	3.112749
23640	-1246.988	-1457.896	210.9082	0.9097093	4.412844	1.028046	3.187233
23646	-1246.658	-1457.214	210.5559	0.7649917	4.313817	1.17542	3.417578
23652	-1242.101	-1452.856	210.7543	0.9760678	4.313817	1.26772	3.129069
23658	-1231.869	-1442.596	210.7266	0.7369078	3.867568	1.26772	3.373982
23664	-1238.927	-1450.557	211.6303	0.8767509	5.350418	1.419476	2.396839
23670	-1246.923	-1458.3	211.377	1.018616	5.119604	1.887432	2.303927
23676	-1238.637	-1449.864	211.2271	0.9318929	5.116816	1.083074	2.827563
23682	-1246.55	-1457.857	211.3064	0.8639143	4.846139	1.830127	2.517063
23688	-1246.579	-1458.233	211.654	0.9997159	6.20816	1.247983	2.255065
23694	-1255.602	-1467.106	211.504	0.8924671	4.35634	0.9844705	2.877283
23700	-1245.071	-1455.632	210.5604	0.7791174	4.465609	1.405372	3.267155
23706	-1241.824	-1452.886	211.0615	0.658591	4.524123	1.405372	3.030271
23712	-1230.882	-1442.249	211.3677	0.6223357	4.249386	1.458059	2.895364
23718	-1232.542	-1444.758	212.2155	0.8018372	4.249386	1.458059	2.257196
23724	-1231.68	-1443.878	212.1972	0.9219252	4.249386	1.458059	2.191566
23730	-1245.979	-1459.033	213.0547	1.210001	5.922406	0.6210909	1.671989
23736	-1244.234	-1457.396	213.1621	1.276989	5.668836	0.5460023	1.671989
23742	-1251.807	-1464.379	212.5729	1.061706	5.746171	1.19743	1.701429
23748	-1244.626	-1456.768	212.1426	1.107307	5.746171	1.482275	1.810516
23754	-1243.359	-1455.714	212.355	1.075384	4.441538	0.8871786	2.282411
23760	-1254.423	-1467.015	212.5913	1.094474	4.833881	1.330931	1.75887
23766	-1244.651	-1456.567	211.9159	1.00477	5.516828	2.247132	1.747133
23772	-1237.97	-1450.263	212.2924	1.12239	5.783314	1.373444	1.747133
23778	-1245.041	-1457.75	212.7087	1.035301	4.945003	1.417478	1.647028
23784	-1229.652	-1441.58	211.9281	1.054213	4.945003	1.895482	1.948759
23790	-1236.611	-1449.471	212.8604	1.211061	3.703837	1.240126	1.794905
23796	-1229.828	-1442.255	212.4267	1.105276	4.546665	1.495982	1.836318
23802	-1236.075	-1447.136	211.0606	0.7194432	4.663254	1.895882	2.765633
23808	-1222.076	-1433.67	211.5943	0.8556291	4.589423	1.043772	2.765633
23814	-1241.22	-1452.267	211.047	0.7097082	4.136056	1.550158	3.017274
23820	-1236.902	-1446.97	210.0676	0.6473752	4.029367	1.671303	3.602321
23826	-1227.583	-1438.373	210.7896	0.7895112	4.027584	1.162079	3.327656
23832	-1236.721	-1447.636	210.9147	0.7744716	4.0531	1.03486	3.327656
23838	-1233.832	-1444.643	210.8105	0.7016379	4.0531	1.03486	3.431571
23844	-1230.274	-1441.403	211.1293	0.7100887	5.093288	1.262339	2.928579
23850	-1224.824	-1435.908	211.0834	0.7960586	4.634221	1.339328	2.945814
23856	-1237.563	-1448.555	210.9915	0.736062	4.634221	1.458053	2.981802
23862	-1252.408	-1463.446	211.038	0.8710498	3.956903	1.500399	2.983337
23868	-1241.754	-1453.22	211.4666	0.7919567	4.232243	1.500399	2.71618
23874	-1241.616	-1453.57	211.9534	0.9930011	3.959994	1.500399	2.343399
23880	-1252.297	-1464.315	212.0179	0.8403966	5.774304	0.872859	2.421468
23886	-1236.963	-1448.85	211.8873	0.8298769	5.023927	0.872859	2.632789
23892	-1232.222	-1444.455	212.2331	0.9863908	5.023927	1.045006	2.203685
23898	-1228.96	-1440.686	211.7263	0.9863908	4.231164	1.420567	2.472158
23904	-1236.917	-1448.258	211.3414	0.6646046	4.231164	1.420567	2.906432
23910	-1247.134	-1458.279	211.1449	0.7954403	4.784798	1.301572	2.900778
23916	-1252.298	-1464.039	211.7414	0.8999171	4.784798	1.30882	2.466182
23922	-1235.529	-1447.266	211.7369	0.8200761	4.05525	1.214518	2.708035
23928	-1227.125	-1438.555	211.4298	0.8532465	4.210561	1.24548	2.827998
23934	-1237.451	-1447.514	210.0626	0.6371177	3.841461	1.727605	3.626565
23940	-1240.674	-1450.562	209.8876	0.4434502	3.263129	1.768462	3.947356
23946	-1239.24	-1448.54	209.3002	0.5516263	3.721706	2.036934	4.028948
23952	-1223.313	-1435.519	212.2058	1.021307	4.77585	1.161793	2.174297
23958	-1226.348	-1438.43	212.0816	0.9373726	4.77585	1.161793	2.308296
23964	-1234.838	-1446.396	211.5587	0.9188347	3.852416	1.328887	2.740501
23970	-1227.842	-1440.075	212.2329	1.068625	4.064867	1.280067	2.203347
23976	-1237.047	-1448.743	211.6957	0.8459612	5.092496	2.099765	2.133791
23982	-1235.413	-1447.112	211.6985	0.8690643	3.040008	2.099765	2.557788
23988	-1236.489	-1447.769	211.2798	0.7622049	4.850033	1.365009	2.796782
23994	-1230.117	-1440.995	210.8779	0.7921653	4.531225	1.287541	3.11503
24000	-1237.302	-1449.573	212.2705	0.8345956	4.806727	1.526645	2.056687
24006	-1241.155	-1453.425	212.2696	1.075967	4.142758	1.007964	2.316904
24012	-1233.186	-1444.346	211.1602	0.781823	4.698272	1.733328	2.723202
24018	-1228.391	-1439.295	210.904	0.8803275	4.428722	2.12911	2.723202
24024	-1237.567	-1449.331	211.764	0.9362208	4.930354	1.809898	2.172986
24030	-1232.059	-1443.099	211.0405	0.7134048	4.930354	1.708712	2.806977
24036	-1228.269	-1439.352	211.0825	0.8068455	4.696138	1.350558	2.923357
24042	-1271.169	-1483.366	212.1975	0.9459191	4.31566	1.364756	2.208654
24048	-1259.739	-1470.79	211.0503	0.9091947	3.508543	1.364756	3.110512
24054	-1244.612	-1456.248	211.6366	1.070798	3.754849	1.928474	2.359845
24060	-1238.441	-1449.783	211.3421	1.017119	5.178226	2.577224	2.075316
24066	-1245.744	-1457.78	212.0363	1.017119	5.178226	1.977671	1.822604
24072	-1243.488	-1456.146	212.658	1.072309	5.178226	1.508956	1.560198
24078	-1230.248	-1443.065	212.8163	1.208427	5.62486	1.426642	1.289742
24084	-1260.416	-1473.066	212.6497	1.023275	4.767262	1.366218	1.761715
24090	-1239.374	-1451.777	212.403	0.979457	7.306623	1.426642	1.492253
24096	-1233.782	-1445.908	212.1262	0.8898836	7.088516	1.426642	1.788679
24102	-1243.921	-1456.02	212.0992	0.9409521	7.003806	1.281138	1.86405
24108	-1231.611	-1444.197	212.586	1.100522	7.617709	0.9214284	1.555759
24114	-1233.4	-1444.803	211.4025	0.7023319	7.315731	1.182114	2.485321
24120	-1233.332	-1445.044	211.7122	0.7619452	7.315731	1.371974	2.148983
24126	-1234.939	-1446.648	211.7088	0.7818822	7.783341	1.469121	2.027895
24132	-1246.229	-1457.115	210.8858	0.6980808	5.730106	1.30388	2.960862
24138	-1252.422	-1463.072	210.6499	0.7280066	5.349072	0.9529998	3.33322
24144	-1234.526	-1445.854	211.328	0.7328239	6.263254	1.347301	2.569582
24150	-1231.431	-1442.47	211.0382	0.7630904	6.644928	1.19203	2.755815
24156	-1233.095	-1444.482	211.3864	0.7489164	5.756382	1.055629	2.755815
24162	-1239.559	-1451.037	211.4779	0.8838085	6.214992	1.172493	2.480663
24168	-1232.523	-1444.676	212.1528	0.6407434	5.899755	1.140753	2.272977
24174	-1235.789	-1446.75	210.9609	0.794021	4.882991	2.188615	2.638016
24180	-1227.612	-1438.865	211.2527	0.8040608	4.241635	1.998367	2.638016
24186	-1240.552	-1451.584	211.0322	0.9870282	3.4481	2.59324	2.638016
24192	-1236.453	-1447.365	210.9117	0.7372616	3.947748	2.238569	2.86423
24198	-1243.354	-1453.924	210.5704	0.8262291	3.329408	1.451634	3.443567
24204	-1261.597	-1473.044	211.447	0.7755098	4.474314	0.9612539	2.974432
24210	-1258.238	-1469.36	211.1222	0.741957	4.736667	0.9612539	3.141553
24216	-1251.059	-1462.081	211.0226	0.7157985	5.457148	0.9612539	3.097863
24222	-1225.589	-1437.646	212.0569	0.8711242	3.878621	1.521315	2.363068
24228	-1234.222	-1446.008	211.7866	0.8192084	3.878621	1.312497	2.664431
24234	-1227.584	-1438.972	211.3877	0.7830938	3.837068	1.210105	2.989676
24240	-1230.583	-1442.993	212.4098	1.003441	4.039147	0.9890144	2.30769
24246	-1229.666	-1441.691	212.0249	0.9196631	3.467609	1.397803	2.504374
24252	-1237.261	-1449.353	212.0917	0.840593	5.677307	1.130419	2.225355
24258	-1236.586	-1449.052	212.4653	0.9530773	4.002401	1.130419	2.225355
24264	-1232.662	-1445.141	212.4789	1.036819	4.975969	0.9852978	2.057493
24270	-1237.716	-1449.814	212.0978	1.102513	4.786846	0.9852978	2.297429
24276	-1247.265	-1457.86	210.5953	0.8572326	4.786846	2.105807	2.867787
24282	-1252.975	-1463.722	210.7468	0.8561888	3.771718	2.126825	2.965698
24288	-1243.413	-1453.931	210.5177	0.8019511	3.271121	2.126825	3.246107
24294	-1250.76	-1462.139	211.3795	0.9094766	3.712292	1.667865	2.733238
24300	-1254.585	-1465.428	210.8427	0.7712731	5.009765	1.246547	3.08567
24306	-1246.888	-1457.501	210.6124	0.7140846	4.344849	1.246547	3.372477
24312	-1254.25	-1465.862	211.6122	0.8906021	3.348944	1.561646	2.730363
24318	-1259.401	-1470.65	211.2492	0.955061	3.348944	0.9593123	3.217726
24324	-1272.318	-1484.767	212.4483	1.142253	4.624148	1.619195	1.718151
24330	-1261.253	-1473.422	212.1682	0.9529764	4.624148	2.038145	1.860362
24336	-1260.059	-1471.49	211.431	0.8206322	4.624148	2.072072	2.416062
24342	-1242.262	-1453.465	211.2029	0.900675	4.398845	1.482506	2.786776
24348	-1233.892	-1444.813	210.9207	0.697534	6.664773	1.068332	2.932683
24354	-1236.7	-1446.989	210.2882	0.7900502	5.16639	1.156852	3.422776
24360	-1235.047	-1445.126	210.0798	0.7205287	4.415307	1.156852	3.711467
24366	-1240.386	-1450.416	210.0299	0.5646872	4.456344	1.181122	3.810362
24372	-1230.825	-1442.182	211.3566	0.8553971	4.456344	1.181122	2.857793
24378	-1232.537	-1443.674	211.1369	0.9165934	4.456344	1.181122	2.953555
24384	-1238.374	-1449.257	210.8826	0.9661234	4.005158	1.181122	3.162714
24390	-1234.542	-1445.283	210.7408	0.688167	3.618181	2.70848	2.926299
24396	-1225.468	-1437.022	211.5544	0.749211	4.300092	1.960455	2.48699
24402	-1227.911	-1439.963	212.0527	0.9148884	4.300092	1.960455	2.061066
24408	-1226.24	-1437.622	211.3825	0.8165998	4.275394	1.960455	2.557068
24414	-1232.122	-1444.423	212.3014	1.095656	5.315337	1.381797	1.838475
24420	-1231.833	-1444.107	212.2744	1.072428	6.432578	1.077806	1.863121
24426	-1237.608	-1450.347	212.7392	1.215495	4.327374	1.208001	1.749476
24432	-1247.041	-1457.957	210.9167	0.8389373	4.833279	1.489165	2.915816
24438	-1242.046	-1453.429	211.3826	0.8113035	5.054603	1.489165	2.609905
24444	-1247.68	-1460.298	212.6173	1.059373	5.75261	1.234687	1.647424
24450	-1238.822	-1451.382	212.56	1.083078	6.183361	1.298441	1.557165
24456	-1238.498	-1450.342	211.8444	1.051464	5.628769	1.526947	2.047496
24462	-1232.995	-1445.179	212.1835	1.155266	4.12535	1.557677	2.026226
24468	-1247.326	-1460.365	213.0393	1.158427	4.12535	1.16831	1.648004
24474	-1248.318	-1460.752	212.4343	1.217444	4.35095	1.80171	1.648004
24480	-1235.121	-1446.012	210.8917	0.70183	5.828452	0.9427712	3.139397
24486	-1226.281	-1437.65	211.3683	0.6479459	3.972035	1.935541	2.740388
24492	-1261.422	-1472.811	211.3888	0.9863573	3.803612	1.283554	2.835833
24498	-1257.238	-1467.233	209.9952	0.5976713	4.33314	1.353103	3.750582
24504	-1254.257	-1465.231	210.9743	0.6250387	5.426064	1.353103	2.974587
24510	-1243.742	-1454.983	211.2417	0.6244657	5.250276	1.432972	2.803949
24516	-1230.304	-1441.486	211.1824	0.8485321	4.818281	1.432972	2.777
24522	-1251.135	-1461.746	210.6114	0.5357466	6.821737	1.109698	3.170654
24528	-1250.862	-1461.701	210.8387	0.6126107	5.729016	1.139895	3.124729
24534	-1244.658	-1454.726	210.0673	0.6259579	4.866176	1.139895	3.704434
24540	-1242.621	-1453.984	211.3634	0.8128558	4.524872	1.288559	2.811128
24546	-1253.12	-1464.407	211.2866	0.9724827	4.137319	1.337077	2.811128
24552	-1245.954	-1457.939	211.9851	0.9106716	4.180149	1.337077	2.408515
24558	-1242.887	-1454.891	212.0036	0.8679007	4.180149	1.147434	2.52485
24564	-1237.181	-1449.556	212.3741	0.8997593	5.788686	0.9777695	2.080385
24570	-1245.94	-1457.171	211.2318	0.8114194	4.657147	1.309382	2.857359
24576	-1239.975	-1451.113	211.1381	0.7788538	3.551165	1.309382	3.152831
24582	-1250.263	-1462.791	212.5286	1.085211	3.316873	1.415772	2.104946
24588	-1245.698	-1457.787	212.0888	1.029704	3.316873	0.7267969	2.836293
24594	-1237.656	-1449.487	211.8307	0.9910768	4.147572	0.7267969	2.836293
24600	-1230.217	-1442.69	212.4729	1.165279	3.92107	1.064744	2.140383
24606	-1239.975	-1452.563	212.5884	1.124754	3.92107	1.136095	2.047547
24612	-1242.68	-1454.559	211.8797	1.125947	3.483228	2.237741	2.118347
24618	-1238.924	-1450.166	211.2422	0.8945572	3.574161	2.076752	2.702027
24624	-1236.971	-1448.405	211.4347	0.7982496	3.914031	1.300927	2.890129
24630	-1235.253	-1446.337	211.0838	0.8723059	3.851463	1.554069	2.953441
24636	-1225.356	-1436.891	211.5352	0.8593755	4.537624	1.387745	2.626244
24642	-1231.894	-1444.123	212.2291	0.879035	4.537624	1.387745	2.175248
24648	-1226.945	-1439.133	212.1885	0.8466483	4.537624	1.417656	2.207576
24654	-1223.384	-1435.729	212.3453	1.097731	3.8422	1.417656	2.088904
24660	-1228.743	-1441.327	212.5846	0.8688396	3.194559	1.279071	2.310621
24666	-1233.159	-1444.814	211.6552	0.9968502	3.939512	1.598515	2.48909
24672	-1228.14	-1439.185	211.0451	0.6091664	4.053429	1.425132	3.149834
24678	-1234.38	-1445.858	211.4785	0.7805346	4.053429	1.425132	2.786108
24684	-1237.94	-1449.064	211.1244	0.8903301	4.623897	1.336085	2.867536
24690	-1255.248	-1466.985	211.7365	1.17571	3.78374	1.964231	2.208459
24696	-1247.5	-1458.948	211.4482	0.825491	3.894878	2.243513	2.48949
24702	-1241.122	-1453.334	212.2116	0.9356271	3.595139	1.239973	2.427823
24708	-1250.239	-1461.915	211.6763	0.8845902	3.595139	2.09373	2.427823
24714	-1242.576	-1454.249	211.6733	1.078666	6.252232	1.625622	1.995916
24720	-1243.098	-1455.484	212.3858	1.026049	4.708211	1.285527	1.995916
24726	-1241.532	-1453.707	212.1749	0.9457641	4.708211	1.676639	1.995916
24732	-1241.185	-1453.6	212.4149	0.976829	4.708211	1.25693	2.025182
24738	-1239.579	-1451.225	211.6466	0.8743985	5.682	1.25693	2.41616
24744	-1242.678	-1455.207	212.5286	1.060565	5.682	1.519038	1.561438
24750	-1242.455	-1454.597	212.1421	1.062977	2.793908	1.301318	2.562764
24756	-1245.706	-1457.783	212.0768	0.9446267	3.165709	1.301318	2.578101
24762	-1246.076	-1457.969	211.8927	0.9132565	5.181985	1.370802	2.259354
24768	-1246.956	-1458.819	211.8635	0.9744563	5.43972	0.9998651	2.40396
24774	-1253.882	-1465.255	211.3729	1.017959	5.43972	1.963229	2.22243
24780	-1270.155	-1483.239	213.0842	1.333362	5.209482	1.154309	1.241216
24786	-1257.709	-1470.896	213.1871	1.325307	4.704217	1.411298	1.096671
24792	-1246.888	-1458.862	211.9741	1.127576	4.185005	1.369397	2.260183
24798	-1250.077	-1462.535	212.4575	1.081611	4.170403	1.435641	1.942459
24804	-1233.349	-1444.833	211.4842	0.7616623	5.454918	1.435641	2.535665
24810	-1235.774	-1446.667	210.8936	0.7917311	5.454918	1.375916	2.907349
24816	-1240.308	-1452.293	211.9856	0.9016744	4.133654	1.311767	2.436328
24822	-1240.694	-1452.023	211.3283	0.8822719	4.258708	0.9439415	3.032882
24828	-1235.447	-1446.745	211.2981	0.912299	3.550995	1.176457	3.04516
24834	-1255.812	-1467.5	211.6877	1.078398	3.41442	1.266316	2.692981
24840	-1234.856	-1447.255	212.399	1.314951	3.723993	0.8827648	2.256278
24846	-1220.298	-1432.513	212.2155	0.9972628	4.576145	1.462042	2.061991
24852	-1220.307	-1432.232	211.9244	1.093624	4.108964	1.462042	2.284108
24858	-1214.193	-1426.533	212.3398	1.167558	5.02552	1.087075	1.98799
24864	-1216.502	-1428.398	211.8956	1.02134	3.528552	2.199978	2.17842
24870	-1216.743	-1428.338	211.5953	0.8670633	3.802749	2.031122	2.465455
24876	-1229.028	-1439.882	210.8538	0.8278461	3.238307	2.031122	3.071171
24882	-1219.909	-1431.292	211.3835	0.7460832	4.47791	1.336779	2.824394
24888	-1228.525	-1439.258	210.7328	0.8076299	3.959044	1.492771	3.206111
24894	-1222.208	-1433.168	210.9598	0.7892368	4.302899	1.102988	3.206111
24900	-1220.29	-1430.295	210.0051	0.8464306	4.556531	1.035764	3.722217
24906	-1229.816	-1440.653	210.8377	0.7298326	4.556531	1.672986	3.000186
24912	-1230.936	-1442.53	211.5934	0.788212	4.031671	1.672986	2.606155
24918	-1227.709	-1438.843	211.1341	1.027322	3.974342	1.517176	2.81987
24924	-1218.606	-1430.899	212.2923	1.037196	3.670807	1.300592	2.262275
24930	-1224.021	-1434.518	210.4975	0.926136	4.796399	1.911923	2.952016
24936	-1220.959	-1432.764	211.8047	0.9728616	4.796399	1.111998	2.485578
24942	-1234.781	-1446.212	211.4315	0.894612	4.09524	1.514764	2.695724
24948	-1235.816	-1446.109	210.2928	0.7545013	4.595942	1.694196	3.293935
24954	-1239.623	-1451.256	211.6333	0.8095047	3.716981	1.694196	2.626789
24960	-1243.655	-1455.251	211.5958	0.8740477	3.331492	1.694196	2.698771
24966	-1242.304	-1453.335	211.0318	0.7749869	3.673124	1.694196	3.02289
24972	-1255.352	-1466.184	210.8328	0.8006476	4.160779	1.287856	3.205843
24978	-1253.764	-1465.886	212.1221	0.9467321	4.725374	0.8291175	2.498106
24984	-1248.81	-1460.557	211.7464	0.7479119	3.750468	0.9721515	2.947768
24990	-1240.964	-1452.283	211.3196	1.02548	5.085937	1.271692	2.616495
24996	-1228.651	-1440.637	211.9864	0.8481859	4.545994	1.5251	2.283397
25002	-1244.736	-1456.54	211.8034	0.8717744	3.297552	1.5251	2.652972
25008	-1249.526	-1459.505	209.979	0.8409894	3.847086	1.5251	3.636729
25014	-1221.282	-1433.396	212.1137	0.9905511	4.69707	1.270198	2.208241
25020	-1235.48	-1447.71	212.2298	1.04282	4.69707	1.652621	1.906944
25026	-1226.539	-1439.368	212.8293	1.155261	5.190573	1.652621	1.282882
25032	-1224.117	-1436.906	212.7888	1.156397	4.825074	1.067363	1.74035
25038	-1228.741	-1440.851	212.11	0.8704429	4.269512	1.79972	2.124092
25044	-1246.01	-1457.535	211.5246	1.020453	3.669708	1.498536	2.65868
25050	-1238.947	-1451.915	212.968	1.100805	3.985133	1.100386	1.814926
25056	-1224.633	-1437.406	212.7729	1.257489	3.214564	1.487155	1.81634
25062	-1221.378	-1434.613	213.2349	1.329238	3.214564	1.07605	1.682494
25068	-1237.822	-1451.585	213.763	1.337026	3.214564	1.082915	1.271132
25074	-1245.776	-1458.45	212.6739	1.008955	3.214564	1.531441	2.029395
25080	-1265.257	-1477.856	212.599	1.187067	4.920272	1.1525	1.777457
25086	-1252.248	-1464.739	212.4907	1.044948	4.795749	1.506217	1.777457
25092	-1231.319	-1442.727	211.4083	0.6398624	5.035561	1.274811	2.80555
25098	-1234.976	-1446.37	211.3934	0.790279	6.130106	0.7945335	2.840194
25104	-1240.512	-1452.013	211.5013	0.740586	6.290892	0.8084333	2.771851
25110	-1238.507	-1449.568	211.0612	0.6404763	6.290892	1.038144	2.950941
25116	-1234.134	-1445.636	211.5018	0.9474415	5.047456	1.075475	2.666263
25122	-1241.261	-1453.248	211.9875	0.9829175	5.047456	1.143156	2.300565
25128	-1236.734	-1448.988	212.2543	0.9852966	5.047456	0.8549465	2.313662
25134	-1254.904	-1466.967	212.0629	1.128709	4.382747	1.49913	2.096891
25140	-1253.283	-1465.936	212.6535	1.033035	4.382747	1.520665	1.751597
25146	-1243.903	-1456.285	212.3828	1.162011	4.011049	0.8283091	2.340006
25152	-1246.736	-1458.512	211.776	0.7985844	5.27081	0.9916683	2.601644
25158	-1241.907	-1454.126	212.219	0.8263769	3.726615	1.216859	2.474307
25164	-1247.568	-1459.069	211.5004	0.873547	3.654793	1.871031	2.612942
25170	-1242.052	-1453.773	211.7208	1.142208	3.77125	1.216859	2.578133
25176	-1243.466	-1455.607	212.1412	0.9242207	4.247734	1.068924	2.435225
25182	-1247.657	-1459.979	212.3218	0.9455016	5.21671	1.120216	2.091814
25188	-1239.297	-1451.605	212.3082	1.065157	4.288478	1.851797	1.835079
25194	-1241.937	-1452.891	210.9542	0.92455	4.925624	1.268144	2.930212
25200	-1236.691	-1448.28	211.5886	0.8739274	5.182337	0.9573903	2.706979
25206	-1229.316	-1441.541	212.2243	1.032309	3.273444	0.9573903	2.600941
25212	-1222.733	-1434.98	212.2469	1.076106	3.273444	0.9573903	2.55976
25218	-1224.429	-1436.201	211.7724	0.8235593	4.268102	1.749263	2.39228
25224	-1231.814	-1443.083	211.2689	0.8690216	4.201451	1.311405	2.884551
25230	-1244.02	-1455.084	211.0649	0.7928929	3.622695	1.755719	2.978952
25236	-1251.305	-1462.805	211.5005	0.6039852	3.954191	1.755719	2.758871
25242	-1235.171	-1446.637	211.4653	0.8651462	4.436892	1.266725	2.744622
25248	-1238.483	-1450.437	211.9534	0.827299	4.436892	1.266725	2.465989
25254	-1245.04	-1456.613	211.5725	0.9020162	4.184219	1.266725	2.705424
25260	-1224.119	-1435.661	211.5418	0.8224398	4.078589	1.449413	2.705424
25266	-1231.266	-1442.543	211.277	1.002516	3.109628	1.449413	2.973774
25272	-1226.768	-1438.283	211.5147	0.6800262	6.767839	1.36502	2.405785
25278	-1234.53	-1446.616	212.0853	0.9281233	3.892727	1.36502	2.380832
25284	-1229.382	-1441.087	211.7049	0.8257028	3.892727	1.503188	2.616985
25290	-1229.109	-1440.101	210.992	0.8029636	4.338731	2.143013	2.72917
25296	-1219.159	-1430.496	211.3375	0.6803745	5.618742	1.545468	2.600629
25302	-1220.642	-1431.987	211.3447	0.6326734	4.713364	1.274756	2.904395
25308	-1233.23	-1445.695	212.4652	0.7697205	4.713364	1.186893	2.16666
25314	-1227.312	-1439.391	212.0793	0.9116681	5.396244	1.159084	2.217565
25320	-1234.195	-1445.307	211.1125	0.6895731	5.930431	1.228879	2.83699
25326	-1228.801	-1440.417	211.6157	0.7683073	5.190997	1.234101	2.594207
25332	-1245.662	-1457.247	211.5852	0.767174	4.547076	1.493273	2.601121
25338	-1242.048	-1453.251	211.2036	0.8178523	4.117794	1.804613	2.757031
25344	-1225.927	-1437.07	211.143	0.750205	5.507047	1.002874	2.972144
25350	-1231.422	-1443.882	212.4593	1.047113	3.86151	1.002874	2.277842
25356	-1233.123	-1445.012	211.8895	0.9182785	4.459382	1.577863	2.29336
25362	-1223.404	-1435.07	211.6657	0.7996393	4.804934	1.577863	2.444996
25368	-1231.091	-1442.244	211.1529	0.8141163	4.754429	1.577863	2.762533
25374	-1239.972	-1451.134	211.162	0.8728929	4.017828	1.71379	2.804973
25380	-1247.983	-1459.599	211.6157	0.8261393	3.07896	1.71379	2.770182
25386	-1247.37	-1460.017	212.647	1.090478	4.183908	1.679803	1.681872
25392	-1255.536	-1466.842	211.306	1.028277	5.41003	1.859326	2.304331
25398	-1249.912	-1461.881	211.969	0.980378	6.2985	1.211863	2.069121
25404	-1248.508	-1460.969	212.4608	1.058521	5.790345	0.9788792	1.915639
25410	-1238.433	-1450.221	211.7881	0.8002588	6.985583	0.8234729	2.451291
25416	-1232.934	-1445.014	212.0794	0.8976257	5.83856	1.478212	1.982322
25422	-1228.427	-1440.851	212.4235	1.185233	4.496104	1.478212	1.803076
25428	-1230.049	-1442.309	212.2603	1.172569	5.626935	0.5494326	2.347415
25434	-1234.566	-1446.788	212.2219	1.139738	7.296869	0.5494326	2.148463
25440	-1234.868	-1446.818	211.9497	0.8365255	9.926621	0.5494326	2.215207
25446	-1232.329	-1444.081	211.7525	0.8341748	7.014681	0.7943237	2.469882
25452	-1238.127	-1449.015	210.8881	0.8831682	6.929996	0.982134	2.856482
25458	-1234.861	-1446.035	211.174	0.8645788	6.848819	0.8532543	2.788258
25464	-1251.456	-1461.85	210.394	0.9249151	6.179372	0.7696756	3.366659
25470	-1247.025	-1456.876	209.8516	0.8761969	4.203194	0.8022611	4.00009
25476	-1233.269	-1445.013	211.7444	0.9549137	5.033203	0.6166009	2.838344
25482	-1236.03	-1447.744	211.7144	1.111011	5.619553	1.030117	2.363588
25488	-1232.288	-1444.816	212.5277	1.0078	4.735795	1.253405	1.925444
25494	-1232.152	-1444.287	212.135	1.215475	4.4509	1.66919	1.896856
25500	-1247.785	-1459.927	212.1419	1.110421	3.613921	1.66919	2.148575
25506	-1235.461	-1447.264	211.8029	1.068697	3.613921	1.66919	2.392747
25512	-1254.002	-1465.57	211.5686	0.6752511	4.806427	1.016409	2.868188
25518	-1247.967	-1458.863	210.8952	0.5565458	4.739711	1.016409	3.351898
25524	-1245.725	-1457.763	212.0373	1.141581	4.805019	2.032204	1.786314
25530	-1237.618	-1450.305	212.6871	1.068065	3.937269	1.634263	1.749153
25536	-1240.115	-1452.845	212.7307	1.201915	4.093733	1.289687	1.769355
25542	-1242.009	-1452.594	210.5843	0.6978219	4.321166	1.452697	3.306254
25548	-1241.201	-1452.835	211.6343	0.8238448	4.327577	1.30202	2.669388
25554	-1241.062	-1452.525	211.4637	0.7749311	4.841723	0.9720897	2.892125
25560	-1255.23	-1467.641	212.4106	1.014132	5.329447	0.9028541	2.110375
25566	-1248.088	-1460.676	212.5879	0.9884748	5.670552	0.9028541	1.95109
25572	-1252.891	-1464.81	211.9193	0.8669203	5.525265	1.110714	2.35521
25578	-1248.997	-1460.826	211.8283	0.8456794	5.525265	1.369607	2.286227
25584	-1257.433	-1469.947	212.5143	0.9695935	4.45291	1.369607	1.953777
25590	-1261.205	-1473.886	212.6805	1.040739	4.868526	0.9225606	1.984455
25596	-1255.778	-1467.688	211.9094	0.9607235	3.60994	1.728886	2.369435
25602	-1254.698	-1467.181	212.4829	1.080799	3.60994	1.728886	1.916566
25608	-1254.171	-1465.485	211.3139	0.9343558	2.668563	1.963973	2.902131
25614	-1249.703	-1460.91	211.2078	0.789796	3.489657	1.004709	3.280874
25620	-1262.753	-1474.176	211.4228	0.9192924	4.101965	1.090287	2.897429
25626	-1236.492	-1448.07	211.577	0.8419796	4.738747	0.9442062	2.81838
25632	-1237.132	-1448.43	211.2979	0.8711714	4.738747	1.487967	2.681386
25638	-1238.811	-1450.43	211.6188	0.8683027	5.805873	1.487967	2.302544
25644	-1265.409	-1476.661	211.2512	0.7896568	5.681963	1.324455	2.68026
25650	-1242.12	-1453.685	211.5651	0.860042	4.630604	1.648901	2.471459
25656	-1234.585	-1446.253	211.6683	0.9433074	4.460074	1.50242	2.451878
25662	-1247.961	-1458.958	210.9965	0.6340044	4.491666	1.05157	3.270203
25668	-1251.539	-1462.842	211.3033	0.9232243	4.286693	0.9686307	3.002688
25674	-1223.678	-1435.134	211.4554	1.021191	4.092919	1.225931	2.743645
25680	-1241.479	-1453.251	211.7719	1.058687	4.092919	1.271946	2.500878
25686	-1246.746	-1457.951	211.2047	0.8978922	4.092919	1.552875	2.815885
25692	-1246.387	-1457.76	211.3731	0.8277202	4.889871	1.016969	2.879422
25698	-1228.494	-1439.589	211.0946	0.7814499	5.421163	1.069336	2.957011
25704	-1233.896	-1444.941	211.0454	0.7005702	5.421163	0.959563	3.1
25710	-1235.554	-1446.466	210.9121	0.5453741	4.062886	0.959563	3.505669
25716	-1230.804	-1441.313	210.5091	0.70794	4.466254	1.072311	3.505669
25722	-1232.353	-1443.483	211.1298	0.8430723	4.466254	1.550035	2.823651
25728	-1240.703	-1450.935	210.2321	0.848963	4.160175	1.382666	3.485959
25734	-1249.842	-1461.312	211.4692	0.7638495	4.018592	1.025014	3.017384
25740	-1236.834	-1448.629	211.7951	0.7113529	4.018592	1.282846	2.711157
25746	-1233.249	-1443.943	210.694	0.6891549	5.040536	1.282846	3.199724
25752	-1224.289	-1435.679	211.3906	0.7280881	4.349805	1.282846	2.881799
25758	-1228.558	-1440.248	211.6906	0.7263641	4.349805	1.043339	2.830812
25764	-1241.159	-1452.159	211.0001	0.8749929	4.053485	1.878875	2.830812
25770	-1234.701	-1446.083	211.3823	0.9017885	3.841737	1.887424	2.621253
25776	-1240.886	-1453.185	212.2987	0.959589	3.841737	1.390721	2.222856
25782	-1243.567	-1455.081	211.5146	0.7988774	4.327454	1.506701	2.661017
25788	-1259.064	-1469.992	210.9281	0.7022989	3.531538	1.506701	3.236722
25794	-1245.897	-1456.352	210.4552	0.8445857	3.977306	2.811255	2.899891
25800	-1235.392	-1446.207	210.815	0.7955551	3.957277	1.969097	2.977187
25806	-1239.899	-1452.726	212.8276	1.112218	4.256457	1.495249	1.613044
25812	-1238.175	-1450.711	212.5352	1.097986	4.624271	1.457436	1.769932
25818	-1239.495	-1451.493	211.9983	0.9432853	5.325514	1.346485	2.15919
25824	-1240.918	-1452.47	211.5517	0.8902401	5.94136	1.346485	2.379172
25830	-1246.223	-1458.605	212.382	1.134792	5.278271	0.8344866	2.108775
25836	-1243.208	-1454.846	211.6382	0.758605	5.699597	0.8908044	2.707565
25842	-1247.492	-1460.357	212.8652	1.101007	5.215467	0.9609215	1.722875
25848	-1249.162	-1461.349	212.1877	1.071799	5.215467	0.9619569	2.197366
25854	-1265.301	-1477.036	211.7344	0.7787973	5.722602	1.640579	2.229546
25860	-1244.47	-1456.932	212.4621	1.083178	4.268929	1.774013	1.754403
25866	-1247.151	-1459.872	212.7202	1.39216	4.336649	2.069045	1.166752
25872	-1257.784	-1470.292	212.5074	1.23922	4.000583	1.14725	2.000658
25878	-1248.972	-1461.691	212.7189	1.091693	5.446534	1.14725	1.66239
25884	-1259.689	-1473.151	213.462	1.474263	3.589611	1.33002	1.102191
25890	-1248.829	-1461.195	212.3655	1.157213	5.112791	1.214731	1.883903
25896	-1239.406	-1450.369	210.9633	0.6579478	5.263056	1.348174	2.989772
25902	-1235.761	-1447.252	211.4915	0.7975046	6.250284	1.178693	2.517485
25908	-1237.36	-1449.482	212.1215	1.022115	5.334702	1.178693	2.117623
25914	-1233.73	-1446.201	212.471	1.083891	4.1408	1.178693	2.078267
25920	-1232.504	-1443.565	211.0608	0.9537033	4.481449	1.180513	2.972688
25926	-1248.347	-1459	210.6536	0.6120771	4.382721	1.056251	3.50135
25932	-1242.035	-1452.845	210.8105	0.5691647	4.776552	1.056251	3.365156
25938	-1242.565	-1453.782	211.2177	0.8498529	3.436201	1.225355	3.130744
25944	-1257.641	-1468.309	210.6685	0.7690401	3.436201	2.322231	3.075403
25950	-1245.927	-1459.071	213.1432	1.069053	4.708884	1.020424	1.60643
25956	-1244.401	-1456.264	211.8627	0.791004	4.455655	1.04653	2.664088
25962	-1247.503	-1458.349	210.8463	0.508265	6.034155	0.8902371	3.284419
25968	-1242.568	-1453.573	211.0052	0.5007303	5.051796	0.8902371	3.344634
25974	-1240.006	-1451.036	211.0299	0.7627522	3.338865	1.722458	3.095007
25980	-1242.495	-1452.859	210.3644	0.7640172	3.338865	2.454469	3.241214
25986	-1236.73	-1447.58	210.8499	0.8780818	3.610719	1.657853	3.098155
25992	-1245.267	-1455.665	210.3982	0.6878195	3.247391	2.118714	3.391869
25998	-1234.25	-1445.691	211.4404	0.8863077	4.326877	2.118714	2.40968
26004	-1227.804	-1438.532	210.7275	0.6898454	4.326877	1.456951	3.223472
26010	-1234.829	-1446.137	211.3081	0.8489127	4.661775	1.456951	2.716871
26016	-1236.537	-1447.713	211.1754	0.8225371	5.331471	1.138027	2.859233
26022	-1232.468	-1442.949	210.4808	0.7264079	5.187287	1.581132	3.145148
26028	-1230.903	-1442.031	211.1281	0.6774922	4.676434	1.381218	2.962784
26034	-1235.637	-1448.122	212.4849	1.008341	5.475308	0.9486826	2.007735
26040	-1236.413	-1447.915	211.5019	0.7306436	6.445071	1.586283	2.322949
26046	-1241.336	-1453.272	211.936	1.035452	4.659496	1.586283	2.144822
26052	-1241.533	-1453.331	211.7979	0.8249455	5.030476	1.571294	2.307557
26058	-1237.028	-1449.235	212.2064	0.991098	4.460177	1.443707	2.104367
26064	-1236.218	-1448.372	212.1547	0.9176354	4.170629	1.753344	2.104367
26070	-1237.115	-1448.657	211.5419	0.9413016	5.514987	1.104974	2.550525
26076	-1238.51	-1450.765	212.2543	0.964716	5.514987	0.9391214	2.187567
26082	-1227.476	-1439.078	211.6017	0.7229489	5.921718	1.432865	2.413821
26088	-1240.326	-1451.495	211.1685	0.745229	5.033641	1.432865	2.811155
26094	-1244.402	-1454.746	210.3442	0.4405025	4.771377	1.371135	3.55419
26100	-1231.836	-1443.198	211.3623	0.6258218	4.771377	1.371135	2.840416
26106	-1229.775	-1441.893	212.1181	0.961255	4.836905	0.8011444	2.491627
26112	-1231.708	-1443.636	211.9279	0.8587713	6.321758	0.9367693	2.340129
26118	-1236.806	-1449.227	212.4216	1.030301	6.612843	1.028459	1.795584
26124	-1239.461	-1451.485	212.0239	1.084514	6.21275	1.333276	1.908656
26130	-1241.786	-1453.974	212.1878	0.9988764	4.954513	1.152671	2.172555
26136	-1232.236	-1444.35	212.1133	0.8859387	4.453987	1.181537	2.371005
26142	-1239.107	-1451.265	212.1585	0.871905	5.268095	0.8999098	2.376781
26148	-1233.333	-1445.233	211.9001	0.829591	5.25962	0.9224456	2.551698
26154	-1237.82	-1449.441	211.6209	0.8006878	5.573331	0.8931643	2.710493
26160	-1241.633	-1454.609	212.9763	1.086902	4.192076	1.522427	1.523092
26166	-1241.828	-1454.475	212.6475	1.079084	5.504166	1.210613	1.671719
26172	-1237.419	-1449.745	212.3259	0.9449545	5.384601	1.455695	1.873446
26178	-1233.267	-1445.362	212.0944	1.036111	5.384601	0.6582408	2.478243
26184	-1225.032	-1437.455	212.4228	0.9918721	5.384601	0.797695	2.1848
26190	-1222.604	-1434.934	212.3306	0.951497	5.384601	1.029296	2.109163
26196	-1233.403	-1444.765	211.362	0.7713213	5.260419	1.250954	2.728141
26202	-1232.336	-1444.132	211.7965	0.7143456	5.357307	1.471521	2.368384
26208	-1234.815	-1446.08	211.2652	0.6787332	5.357307	1.400974	2.754032
26214	-1240.484	-1451.805	211.3214	0.6852692	6.201716	1.575803	2.505521
26220	-1233.964	-1444.964	211.0007	0.8139191	4.282375	1.575803	2.943108
26226	-1246.52	-1457.545	211.0252	0.8355072	5.055083	1.221267	2.943108
26232	-1230.834	-1443.021	212.1873	0.9794337	5.238541	1.53509	1.930928
26238	-1242.968	-1453.532	210.5646	0.5980414	3.828473	1.332422	3.526833
26244	-1233.806	-1444.274	210.4677	0.6798176	3.828473	1.890835	3.306965
26250	-1239.6	-1452.099	212.4983	1.15141	4.611388	1.562058	1.707344
26256	-1233.389	-1444.248	210.8597	0.7812126	4.611388	1.102515	3.214092
26262	-1229.76	-1441.248	211.4877	0.9754036	4.611388	1.156492	2.689262
26268	-1233.83	-1445.107	211.2772	0.8099218	4.456876	1.156492	2.946357
26274	-1231.137	-1443.05	211.9127	0.770855	4.444301	1.399378	2.458525
26280	-1231.501	-1442.821	211.3197	0.7373948	3.912038	1.791232	2.782593
26286	-1240.829	-1452.143	211.3136	0.6446382	3.932518	1.791232	2.838492
26292	-1241.226	-1451.616	210.3895	0.6819954	3.784823	1.872064	3.367471
26298	-1244.178	-1455.128	210.9503	0.6376594	4.954888	1.872064	2.840056
26304	-1242.055	-1452.486	210.431	0.6788871	4.223891	2.61296	3.020158
26310	-1240.447	-1451.34	210.8927	0.7107187	4.223891	1.197274	3.257001
26316	-1252.935	-1464.714	211.7793	0.851943	4.577913	1.25535	2.538398
26322	-1255.355	-1466.309	210.9536	0.7853661	5.089184	1.25535	2.993183
26328	-1246.569	-1457.607	211.0375	0.8752256	4.353482	1.483047	2.910829
26334	-1247.113	-1459.069	211.9558	0.9571501	3.820214	1.483047	2.403211
26340	-1246.525	-1458.616	212.0911	0.9982073	3.400515	1.980936	2.178579
26346	-1245.071	-1456.802	211.7309	1.162624	3.400515	1.507988	2.500414
26352	-1237.14	-1449.627	212.4874	1.110352	3.498311	1.507988	2.024066
26358	-1244.936	-1457.235	212.2996	1.257777	4.09667	1.931608	1.716211
26364	-1242.291	-1454.819	212.528	1.142031	4.944762	0.9335597	1.996387
26370	-1253.42	-1465.728	212.3085	1.189969	4.648848	0.9523264	2.153077
26376	-1258.561	-1470.606	212.045	0.8749661	4.648848	1.163576	2.393852
26382	-1236.863	-1448.306	211.4433	0.8804441	4.995383	1.39773	2.582631
26388	-1238.096	-1449.689	211.5927	0.9713898	4.995383	1.39773	2.43246
26394	-1236.829	-1449.224	212.395	1.070543	5.431241	1.39773	1.761234
26400	-1234.773	-1447.539	212.7662	1.174467	3.914128	1.454397	1.715156
26406	-1239.98	-1452.347	212.3674	1.078896	3.95757	1.454397	2.04218
26412	-1248.052	-1460.447	212.3948	1.051088	3.95757	1.454397	2.042475
26418	-1237.173	-1449.175	212.0028	1.155038	3.186744	2.481185	2.011552
26424	-1236.232	-1449.275	213.043	1.40785	4.078421	1.172836	1.47002
26430	-1245.726	-1456.975	211.2486	0.87489	4.03844	2.518844	2.464872
26436	-1237.448	-1449.56	212.1119	0.9671567	4.444012	1.627151	2.098512
26442	-1229.306	-1441.859	212.5535	1.283812	3.622888	1.627151	1.772604
26448	-1233.188	-1445.786	212.5978	1.454286	3.963147	1.627151	1.532643
26454	-1238.238	-1451.496	213.2578	1.669199	3.963147	1.356977	0.9622331
26460	-1254.682	-1466.931	212.2488	1.002637	5.822694	1.385295	1.847103
26466	-1238.678	-1451.012	212.3341	1.005237	5.547799	1.385295	1.834368
26472	-1238.839	-1450.914	212.0757	0.8933035	5.547799	1.962082	1.819755
26478	-1229.342	-1441.073	211.7315	0.8050156	4.989994	1.656619	2.332102
26484	-1229.643	-1441.401	211.7575	0.885498	4.554738	1.525713	2.403238
26490	-1236.922	-1450.276	213.3537	1.702762	3.825818	1.357256	0.8714999
26496	-1238.696	-1451.975	213.2789	1.477054	3.825818	1.357256	1.168276
26502	-1232.531	-1444.208	211.6768	0.8309978	4.59264	1.65657	2.423382
26508	-1231.885	-1444.19	212.305	0.764504	3.908198	1.65657	2.205141
26514	-1228.671	-1440.26	211.5891	0.6700915	3.514241	1.77402	2.7529
26520	-1233.794	-1444.574	210.7798	0.7634072	3.514241	1.77402	3.183578
26526	-1245.457	-1456.554	211.0967	0.7059834	3.418311	2.303681	2.865786
26532	-1234.728	-1446.589	211.8606	0.9493178	4.190217	1.732777	2.278978
26538	-1231.635	-1443.391	211.7564	0.8042105	3.944887	1.732777	2.488278
26544	-1238.254	-1449.916	211.6612	0.7865893	4.03475	0.968555	2.919013
26550	-1225.943	-1437.165	211.2224	0.8215807	5.021958	0.968555	2.980793
26556	-1225.848	-1436.695	210.847	0.7269161	5.145593	1.267777	3.076453
26562	-1230.654	-1441.553	210.8995	0.6947687	5.071903	1.267777	3.076453
26568	-1227.271	-1437.973	210.7022	0.6958305	5.071903	1.309304	3.172823
26574	-1228.368	-1439.284	210.9161	0.6222437	6.14899	1.309304	2.924201
26580	-1230.71	-1441.976	211.2663	0.7384415	6.14899	1.309304	2.639831
26586	-1224.914	-1436.626	211.7124	0.8359312	4.918021	1.348248	2.480526
26592	-1227.099	-1438.351	211.2517	0.7736909	5.171303	1.348248	2.760103
26598	-1242.624	-1454.954	212.3301	1.217309	3.940244	1.237196	2.093898
26604	-1232.235	-1444.891	212.6561	1.218354	5.138293	1.230724	1.62313
26610	-1251.6	-1464.4	212.8	1.419093	4.699697	1.928158	1.043623
26616	-1243.13	-1455.464	212.3341	1.16515	4.000578	1.18135	2.143697
26622	-1246.288	-1459.136	212.8483	1.04366	5.235535	1.18135	1.622328
26628	-1238.749	-1451.371	212.6218	1.074994	5.235535	1.227831	1.732593
26634	-1236.928	-1449.029	212.1011	1.062879	4.652771	0.8871945	2.410973
26640	-1231.92	-1443.797	211.8772	1.082649	3.31748	1.661873	2.410973
26646	-1229.768	-1442.346	212.5777	1.029381	3.512631	1.27671	2.133018
26652	-1235.231	-1447.256	212.0249	0.8817386	4.259712	1.27671	2.416603
26658	-1231.226	-1443.034	211.808	0.9137206	4.259712	1.27671	2.532472
26664	-1238.08	-1450.777	212.697	0.9865507	5.320669	1.202957	1.74096
26670	-1240.928	-1452.865	211.9374	0.9492942	5.320669	1.305494	2.217039
26676	-1243.77	-1455.948	212.1778	0.9246307	7.12424	1.187652	1.858634
26682	-1241.303	-1453.101	211.7984	0.9650907	6.790943	1.187652	2.132396
26688	-1241.493	-1453.638	212.145	0.8266474	7.456057	0.9101429	2.080755
26694	-1242.623	-1454.685	212.0619	0.8395865	10.07209	0.8183558	1.886502
26700	-1237.68	-1449.573	211.8936	0.6034149	9.424914	0.8183558	2.222878
26706	-1252.964	-1465.204	212.24	0.8194469	9.424914	0.6333209	2.008633
26712	-1241.537	-1452.899	211.3621	0.8942676	7.324499	1.617876	2.171561
26718	-1238.391	-1450.412	212.0202	1.058802	4.224217	1.56631	2.171561
26724	-1236.036	-1447.433	211.397	1.076235	4.963264	1.56631	2.416667
26730	-1230.843	-1440.944	210.1005	0.6818844	4.583017	1.56631	3.503133
26736	-1239.794	-1450.46	210.6665	0.7905446	5.380266	1.606055	2.954309
26742	-1229.045	-1439.573	210.5286	0.6253246	4.685098	1.019818	3.533563
26748	-1234.996	-1446.576	211.5807	0.8111422	5.228078	1.249016	2.575222
26754	-1229.084	-1441.057	211.9721	0.7371037	5.228078	0.9886968	2.527058
26760	-1239.817	-1452.68	212.8626	1.154389	4.956725	1.352242	1.481402
26766	-1240.402	-1452.604	212.2016	1.019434	5.163918	1.360252	1.996634
26772	-1238.292	-1448.887	210.5949	0.5646912	5.87006	1.067452	3.316521
26778	-1244.875	-1456.228	211.3529	1.003535	3.707431	1.412704	2.8053
26784	-1241.441	-1454.06	212.6189	1.099442	5.799348	1.124066	1.679114
26790	-1251.743	-1462.678	210.9344	0.8437345	3.738721	2.177969	2.849912
26796	-1237	-1448.893	211.8929	0.8909878	3.738721	2.177969	2.22278
26802	-1240.893	-1452.047	211.1543	0.9287069	3.738721	2.067817	2.70161
26808	-1239.596	-1451.333	211.7367	0.8795203	3.738721	1.221689	2.734676
26814	-1243.883	-1455.61	211.7277	1.015399	3.738721	2.062177	2.290692
26820	-1234.723	-1446.904	212.1801	1.033069	4.387136	1.530146	2.066943
26826	-1229.631	-1442.781	213.1503	1.19426	4.245206	1.262424	1.450783
26832	-1245.083	-1458.176	213.0935	1.321622	4.592799	1.071932	1.444146
26838	-1249.281	-1462.127	212.8451	1.421084	4.592799	1.141309	1.50812
26844	-1224.446	-1436.614	212.1687	0.9081317	4.629197	1.835064	1.97207
26850	-1233.33	-1445.229	211.8983	0.9975906	4.629197	2.141642	1.97207
26856	-1234.399	-1447.292	212.8934	1.159063	4.443872	1.891322	1.278077
26862	-1242.984	-1455.677	212.6928	1.366521	5.021859	1.891322	1.126786
26868	-1236.998	-1449.912	212.9141	1.431521	4.895316	1.820491	0.9247283
26874	-1238.729	-1451.133	212.4045	1.103521	4.582151	0.7689797	2.292431
26880	-1242.091	-1454.263	212.1717	1.058479	4.895449	0.7689797	2.410526
26886	-1245.175	-1457.056	211.8818	1.268628	4.051342	1.059242	2.427962
26892	-1248.191	-1461.144	212.9527	1.523844	3.622586	2.311297	0.9212889
26898	-1238.73	-1451.631	212.9014	1.354469	4.201502	1.583797	1.338832
26904	-1235.296	-1446.618	211.3221	0.9907595	5.25594	1.181052	2.655707
26910	-1241.158	-1453.669	212.5112	1.438944	4.690217	1.735639	1.37961
26916	-1236.924	-1449.524	212.5994	1.223851	4.081962	1.635741	1.66588
26922	-1243.947	-1456.564	212.617	2.053337	3.518501	2.381861	0.3722164
26928	-1241.162	-1453.788	212.6266	2.048779	3.599307	2.381861	0.4534096
26934	-1249.478	-1461.606	212.1279	1.059609	4.717467	1.317787	2.124778
26940	-1237.95	-1450.322	212.3718	1.2167	4.255621	1.419857	1.898652
26946	-1241.48	-1453.81	212.3299	1.156687	4.255621	1.401372	1.976908
26952	-1254.37	-1466.809	212.4396	1.079739	3.544826	1.63212	2.006156
26958	-1248.004	-1460.763	212.7587	1.173084	3.544826	1.337095	1.875713
26964	-1233.954	-1446.832	212.8773	1.587966	6.039445	1.214979	0.9525247
26970	-1247.066	-1460.075	213.0095	1.683453	6.17345	1.179032	0.6382205
26976	-1241.951	-1454.921	212.9702	1.776072	4.970581	1.538296	0.5375923
26982	-1247.608	-1459.441	211.8326	0.9931488	6.866406	1.331324	2.000877
26988	-1246.587	-1457.88	211.2931	0.8902995	6.082913	0.8141463	2.833146
26994	-1243.272	-1454.47	211.1988	0.8646185	5.068685	2.230376	2.39876
27000	-1246.34	-1459.743	213.4036	1.706995	3.530895	1.595507	0.6978215
27006	-1253.16	-1466.473	213.3137	1.483592	4.494868	1.395978	0.883508
27012	-1230.119	-1441.234	211.1148	0.7565031	4.602009	1.678369	2.806154
27018	-1242.272	-1452.678	210.4061	0.9858282	4.587824	1.455858	3.191376
27024	-1247.195	-1459.003	211.808	0.9332116	4.787337	1.246111	2.435672
27030	-1226.948	-1439.052	212.1049	1.001405	4.816471	1.246111	2.197468
27036	-1235.799	-1447.258	211.4591	0.7901895	4.975031	0.9064713	2.904313
27042	-1246.991	-1458.775	211.7844	1.005396	4.804138	0.9064713	2.603891
27048	-1239.231	-1451.469	212.2381	0.9099035	4.804138	1.250134	2.170518
27054	-1234.351	-1447.023	212.6726	0.9050655	5.420036	1.16073	1.822133
27060	-1238.598	-1449.953	211.3546	0.7139335	3.131862	1.821375	2.941042
27066	-1243.867	-1455.692	211.8257	0.8693144	4.366042	1.821375	2.280153
27072	-1252.265	-1464.006	211.7401	1.045338	4.125956	1.821375	2.271504
27078	-1249.666	-1462.582	212.9156	1.335753	3.621676	1.755572	1.407541
27084	-1232.974	-1443.495	210.5211	0.7357302	4.003376	1.106593	3.550504
27090	-1229.408	-1441.054	211.6461	0.8489155	5.234033	1.106593	2.58839
27096	-1227.382	-1439.322	211.9399	0.8274811	4.623576	1.066614	2.550274
27102	-1229.538	-1440.602	211.0639	0.7783709	5.456788	0.9673736	3.032106
27108	-1226.756	-1438.531	211.7748	0.8075999	5.164112	1.116652	2.540161
27114	-1233.162	-1445.519	212.3574	0.7489618	5.613422	1.116652	2.131107
27120	-1234.191	-1445.629	211.4387	0.7725382	4.272738	1.588513	2.698457
27126	-1228.807	-1440.592	211.7844	0.8742267	3.718956	1.588513	2.537423
27132	-1239.302	-1450.891	211.5883	0.844671	4.388285	1.517384	2.57048
27138	-1241.232	-1452.652	211.4195	0.7675833	3.334952	2.008016	2.751058
27144	-1263.421	-1476.135	212.7135	1.146321	3.911489	1.202929	1.911846
27150	-1246.383	-1458.187	211.804	0.8100668	4.075829	2.01486	2.316633
27156	-1254.18	-1465.361	211.1807	0.6473676	4.407085	1.708897	2.856198
27162	-1248.005	-1459.056	211.0509	0.8517095	4.463293	2.01495	2.684069
27168	-1246.026	-1457.352	211.3266	1.030737	3.479997	3.668624	2.134764
27174	-1232.323	-1443.966	211.6432	1.013756	3.967823	1.627176	2.467524
27180	-1232	-1444.263	212.2624	1.075432	4.894593	2.145179	1.609955
27186	-1220.486	-1432.602	212.1157	1.167009	4.58744	2.145179	1.713786
27192	-1229.988	-1442.434	212.4466	1.089116	4.58744	1.725962	1.713786
27198	-1226.121	-1438.884	212.7625	1.146472	4.808253	0.9436091	1.854247
27204	-1235.447	-1447.996	212.5492	1.350007	4.369695	1.086846	1.854247
27210	-1224.507	-1436.209	211.7022	1.033716	5.470822	1.874387	2.026719
27216	-1232.77	-1444.479	211.7094	1.002914	5.006424	1.220311	2.428361
27222	-1236.958	-1448.322	211.3645	0.9092284	5.006424	1.70293	2.475387
27228	-1230.409	-1441.396	210.9868	0.8871853	5.006424	1.265642	2.920637
27234	-1224.582	-1436.202	211.6205	0.8994775	6.317921	1.49914	2.197331
27240	-1231.598	-1443.271	211.6733	0.9448661	7.057327	1.043451	2.275427
27246	-1229.876	-1442.158	212.2826	0.9667852	6.531743	1.043451	1.936356
27252	-1245.738	-1457.466	211.7284	0.9502568	5.721405	1.043451	2.431832
27258	-1240.058	-1451.794	211.7363	1.016352	5.064282	1.530604	2.236987
27264	-1247.12	-1458.327	211.2063	0.9622648	5.064282	1.995816	2.41635
27270	-1249.847	-1461.838	211.9911	0.8497526	5.064282	0.9254746	2.513704
27276	-1252.907	-1464.485	211.578	0.9237651	5.387314	1.700635	2.266231
27282	-1251.897	-1463.292	211.3954	0.854253	6.28333	1.619287	2.321111
27288	-1237.394	-1449.63	212.2369	1.102329	6.054429	1.129385	1.895867
27294	-1239.023	-1451.681	212.6587	1.239424	4.859038	1.228099	1.664073
27300	-1237.305	-1450.173	212.8686	1.232896	4.68653	1.558454	1.35659
27306	-1244.435	-1457.251	212.816	1.312853	4.880159	1.284643	1.454625
27312	-1249.156	-1459.925	210.7692	0.6779939	4.968152	1.179599	3.226069
27318	-1246.013	-1456.789	210.776	0.6553819	5.728411	1.179599	3.115592
27324	-1250.703	-1461.475	210.7721	0.6553819	6.144269	0.8059434	3.282183
27330	-1254.127	-1465.257	211.1301	0.8006693	6.144269	1.205097	2.739794
27336	-1245.304	-1456.915	211.6109	0.7762296	4.758962	1.131326	2.723019
27342	-1238.781	-1450.671	211.8904	0.9139391	7.481636	0.8309661	2.243405
27348	-1240.698	-1452.638	211.9396	0.9771339	6.940527	1.166306	2.022614
27354	-1238.69	-1450.328	211.6373	0.7544348	6.940527	0.9228215	2.511536
27360	-1244.038	-1454.263	210.225	0.6325502	6.66975	0.776663	3.56596
27366	-1241.282	-1452.685	211.4031	0.5980019	6.491969	0.776663	2.912941
27372	-1232.039	-1442.976	210.9373	0.7495438	4.899621	1.399603	2.986522
27378	-1233.536	-1445.046	211.5103	0.7608646	3.655782	1.492572	2.83193
27384	-1242.086	-1453.618	211.5322	0.7668082	5.898889	0.756363	2.83193
27390	-1245.533	-1457.609	212.0758	1.121944	3.797723	1.308335	2.313603
27396	-1241.304	-1453.645	212.3407	1.10176	3.063526	1.012226	2.503982
27402	-1233.848	-1446.373	212.5252	1.0112	4.848415	1.406972	1.818052
27408	-1231.01	-1443.905	212.8952	1.243201	4.848415	0.6561719	1.922603
27414	-1231.596	-1444.1	212.5043	1.243201	4.798387	1.019881	1.913425
27420	-1228.386	-1440.011	211.6249	0.9310336	7.223896	0.6261093	2.597052
27426	-1222.856	-1434.93	212.0738	0.9691954	6.510406	0.6261093	2.388741
27432	-1232.081	-1442.688	210.607	0.8067974	4.526936	0.9671057	3.440514
27438	-1225.011	-1437.177	212.1661	0.9653969	4.526936	0.9671057	2.402001
27444	-1225.044	-1436.867	211.8235	0.9498507	5.031755	1.469485	2.258368
27450	-1234.759	-1446.378	211.6188	1.024045	5.404528	1.509422	2.258368
27456	-1238.213	-1450.135	211.9217	1.06065	4.98495	0.9481887	2.423907
27462	-1244.87	-1457.264	212.3932	0.833119	4.660579	0.9866524	2.303618
27468	-1239.6	-1451.336	211.7358	0.8393007	4.817351	0.9866524	2.68235
27474	-1230.811	-1441.898	211.087	0.9064368	4.344575	0.9866524	3.120072
27480	-1241.078	-1452.079	211.0007	0.8267716	5.383672	0.9866524	3.040669
27486	-1237.614	-1449.606	211.9914	0.8267716	5.186935	0.9866524	2.467231
27492	-1252.271	-1463.649	211.378	0.7268964	4.969446	1.325915	2.75672
27498	-1245.433	-1457.678	212.2452	0.8587833	4.787846	1.325915	2.161528
27504	-1231.006	-1442.115	211.1084	0.6290998	5.845065	1.158295	2.926125
27510	-1219.285	-1430.391	211.1058	0.6815983	6.496418	1.158295	2.802766
27516	-1225.535	-1436.876	211.341	0.6337879	5.709865	1.158295	2.802766
27522	-1231.208	-1443.529	212.3206	0.7920128	4.592158	1.145013	2.292778
27528	-1222.32	-1434.424	212.1035	0.8092346	5.297423	1.145013	2.292778
27534	-1222.225	-1434.065	211.84	0.7839778	3.778579	1.561371	2.557765
27540	-1241.721	-1453.624	211.9033	0.8289541	3.65014	1.561371	2.518892
27546	-1258.281	-1470.581	212.2998	0.9291878	4.991309	1.561371	1.922107
27552	-1239.238	-1451.129	211.8915	0.9009445	4.991309	1.561371	2.210225
27558	-1239.024	-1450.947	211.9236	0.9326401	4.719258	1.587704	2.207508
27564	-1247.661	-1458.915	211.254	0.8649629	4.592188	1.587704	2.694718
27570	-1241.552	-1452.838	211.286	0.9690717	4.643513	1.488063	2.64572
27576	-1238.029	-1450.101	212.0717	1.077324	4.643513	1.810744	1.931011
27582	-1238.652	-1450.766	212.1139	0.9189752	3.960533	1.810744	2.151638
27588	-1237.536	-1449.647	212.1112	0.9732456	5.526008	1.493834	1.95542
27594	-1244.431	-1456.385	211.9544	0.9987096	3.893368	2.031738	2.131312
27600	-1249.764	-1462.032	212.2677	1.094296	4.622328	2.243316	1.611315
27606	-1254.776	-1466.937	212.1615	1.0936	4.622328	1.438693	2.0365
27612	-1248.876	-1461.23	212.3537	1.194117	5.251446	1.76677	1.549585
27618	-1252.841	-1465.722	212.881	1.306129	4.023161	1.514119	1.476359
27624	-1246.084	-1457.53	211.4464	0.5738476	5.378938	1.438693	2.686085
27630	-1249.221	-1460.021	210.8001	0.530782	5.378938	1.438693	3.102898
27636	-1251.185	-1462.572	211.3866	0.7907491	5.378938	1.438693	2.589137
27642	-1253.426	-1466.302	212.8767	1.352882	5.290063	1.457171	1.171281
27648	-1238.705	-1451.653	212.948	1.326452	5.290063	1.457171	1.131634
27654	-1237.062	-1448.823	211.7604	1.044844	3.818795	1.143848	2.643394
27660	-1246.425	-1458.31	211.8849	0.9823885	3.563244	1.130142	2.669372
27666	-1242.398	-1454.395	211.9969	0.8173392	4.828104	1.53343	2.239076
27672	-1247.881	-1459	211.1193	0.638091	3.95156	1.339762	3.148573
27678	-1246.083	-1456.928	210.845	0.8789413	5.173058	1.172364	3.031393
27684	-1232.771	-1444.255	211.4838	0.8158504	4.570615	1.172364	2.788077
27690	-1249.108	-1459.869	210.7612	0.7611462	7.373308	1.286888	2.782493
27696	-1255.807	-1467.644	211.8364	0.8781563	7.360054	0.5684438	2.533385
27702	-1244.935	-1456.726	211.7906	1.010898	6.205686	0.5684438	2.63578
27708	-1251.504	-1462.653	211.1485	0.8331764	6.205686	0.5684438	3.131947
27714	-1255.21	-1467.258	212.0482	0.7962843	5.99402	0.7493468	2.487066
27720	-1247.017	-1458.495	211.4784	0.8797452	3.764913	1.466498	2.766997
27726	-1249.161	-1460.77	211.6096	0.9537281	4.582697	1.466498	2.475455
27732	-1246.643	-1458.519	211.8754	0.69215	4.582697	1.153427	2.631954
27738	-1227.465	-1439.254	211.789	0.8689573	5.386527	0.8391495	2.631954
27744	-1235.794	-1447.451	211.6571	0.9109974	5.562758	1.078546	2.505354
27750	-1233.676	-1445.146	211.4706	1.002835	3.784254	1.553161	2.653262
27756	-1238.874	-1450.641	211.7672	0.9464144	3.881545	1.460063	2.525638
27762	-1242.156	-1453.622	211.4657	0.9129503	5.177936	0.8042656	2.861585
27768	-1236.961	-1447.999	211.0384	0.7851947	5.16236	1.322267	2.896848
27774	-1241.947	-1454.52	212.5731	1.053807	5.625124	1.45873	1.577045
27780	-1232.457	-1444.523	212.0653	1.060961	5.625124	1.45873	1.927735
27786	-1223.353	-1435.205	211.8527	0.9701871	4.43138	1.400954	2.372457
27792	-1235.899	-1447.483	211.5841	0.9864933	4.43138	1.400954	2.530887
27798	-1233.945	-1445.616	211.6707	0.9940195	3.402634	2.026889	2.432045
27804	-1238.997	-1451.498	212.5012	1.015418	3.402634	1.602334	2.057196
27810	-1237.474	-1449.49	212.0164	1.087526	4.686092	1.420989	2.132282
27816	-1232.66	-1444.989	212.3295	0.8417146	4.16383	1.084083	2.376549
27822	-1231.054	-1442.579	211.5249	0.8723241	4.63739	1.413351	2.593804
27828	-1232.722	-1444.236	211.5131	0.6814269	6.592385	0.9234594	2.680368
27834	-1231.262	-1443.096	211.8341	0.9519158	5.309588	0.8567173	2.55295
27840	-1237.127	-1448.454	211.3272	0.9974445	5.362288	1.45048	2.494697
27846	-1233.351	-1445.738	212.3866	1.026057	5.100743	1.553247	1.779344
27852	-1237.923	-1450.053	212.1303	1.068758	5.0825	1.523113	1.943679
27858	-1241.08	-1453.209	212.1292	1.037709	5.971756	1.268639	1.943679
27864	-1251.466	-1463.343	211.8763	1.034217	4.97585	0.6148974	2.720846
27870	-1240.268	-1452.263	211.995	0.9747256	5.455088	1.416987	2.082334
27876	-1246.022	-1457.891	211.8694	0.9832836	5.371818	1.669871	2.054001
27882	-1250.213	-1462.25	212.0372	0.9391224	4.887615	1.183502	2.302636
27888	-1250.042	-1462.083	212.0408	0.9823482	4.725745	1.183502	2.302636
27894	-1256.622	-1468.193	211.5706	1.106141	4.725745	1.439531	2.390053
27900	-1248.233	-1460.234	212.0013	0.9677533	4.588299	1.229431	2.337807
27906	-1254.404	-1466.142	211.7384	0.8998891	5.241534	1.178715	2.457117
27912	-1246.741	-1458.546	211.8056	0.88308	5.120157	1.368318	2.346295
27918	-1246.5	-1458.004	211.5046	0.7889158	5.120157	1.17654	2.692747
27924	-1261.05	-1473.032	211.982	0.9081704	4.839997	1.42443	2.240083
27930	-1252.982	-1464.776	211.7939	0.9944457	4.839997	0.7886382	2.680662
27936	-1235.942	-1447.539	211.5966	0.9275331	6.680066	0.7886382	2.558296
27942	-1251.482	-1463.733	212.2515	1.153048	4.715699	0.7551462	2.343796
27948	-1244.776	-1455.765	210.989	0.8240256	5.670931	1.316258	2.82525
27954	-1229.752	-1441.37	211.6183	0.8149537	4.435019	1.316258	2.656867
27960	-1242.746	-1454.344	211.5981	0.8959884	5.853785	1.449991	2.308671
27966	-1243.708	-1455.588	211.8797	0.8591592	5.133263	1.310592	2.341539
27972	-1237.096	-1448.905	211.809	0.8769996	5.133263	1.019669	2.538371
27978	-1243.807	-1455.767	211.9596	0.8702164	2.981434	1.621224	2.595471
27984	-1231.917	-1443.433	211.5158	0.674573	4.130335	1.621224	2.725524
27990	-1236.543	-1447.518	210.9751	0.8361205	3.198485	1.217636	3.341331
27996	-1222.825	-1433.738	210.9129	0.9649829	3.819046	1.217636	3.164403
28002	-1236.394	-1446.668	210.2738	0.5430541	3.819046	1.217636	3.784384
28008	-1239.256	-1449.537	210.2807	0.5496886	5.557547	1.217636	3.475875
28014	-1231.367	-1441.799	210.4317	0.6019919	4.647386	1.217636	3.504029
28020	-1228.96	-1439.22	210.2605	0.5612945	4.647386	1.008743	3.738961
28026	-1233.709	-1444.403	210.6942	0.4760652	4.111486	1.008743	3.63438
28032	-1223.423	-1435.147	211.7243	0.6807846	4.673295	1.50078	2.541489
28038	-1221.28	-1432.007	210.7262	0.583897	4.335533	1.274165	3.37018
28044	-1222.906	-1433.379	210.4735	0.7917621	4.479815	1.274165	3.37018
28050	-1230.054	-1441.929	211.8748	0.8517445	5.845402	0.8414729	2.515115
28056	-1231.286	-1442.996	211.7094	0.8141948	6.588596	0.9710985	2.445594
28062	-1239.314	-1450.767	211.453	0.7372376	4.533413	0.9710985	2.9769
28068	-1228.682	-1440.297	211.6143	0.8090696	4.533413	1.13828	2.738118
28074	-1236.061	-1447.798	211.7368	0.7104213	5.267711	1.013606	2.667245
28080	-1227.694	-1438.94	211.2469	0.7117929	5.002457	1.013606	3.008033
28086	-1233.853	-1445.271	211.4178	0.7226603	4.015548	1.126716	3.015751
28092	-1223.512	-1435.095	211.583	0.8173813	5.607376	1.426626	2.418461
28098	-1216.527	-1427.561	211.0338	0.6470151	3.809645	1.426626	3.182821
28104	-1235.53	-1446.836	211.3067	0.6959469	4.235678	1.426626	2.904765
28110	-1238.386	-1450.183	211.7966	0.8313281	4.235678	1.113496	2.683591
28116	-1227.577	-1439.054	211.4767	0.8023244	5.945195	0.8268454	2.786234
28122	-1234.628	-1446.143	211.5146	0.9146997	5.527972	1.538658	2.36059
28128	-1237.217	-1448.547	211.3297	0.8493573	3.330627	0.9192947	3.261633
28134	-1223.91	-1434.491	210.5807	0.8010873	4.274819	1.787282	3.118577
28140	-1223.699	-1435.366	211.6677	0.909951	3.825776	1.126722	2.790892
28146	-1229.408	-1440.188	210.7796	0.5943992	4.019185	1.470816	3.30203
28152	-1230.519	-1440.69	210.171	0.6052312	3.947332	1.470816	3.665243
28158	-1228.655	-1440.302	211.6461	0.7494815	3.947332	1.075527	2.904803
28164	-1227.897	-1439.044	211.1465	0.8066432	4.713331	1.30332	2.904803
28170	-1233.101	-1444.999	211.8987	1.023222	4.81349	1.30332	2.286064
28176	-1234.793	-1447.073	212.2807	1.000515	3.882806	1.6172	2.090505
28182	-1236.397	-1447.734	211.3373	0.9527677	5.088749	1.01471	2.792663
28188	-1231.728	-1444.437	212.7087	1.119352	5.196885	1.552302	1.459895
28194	-1243.286	-1456.067	212.7806	1.131503	5.196885	1.635937	1.349076
28200	-1246.811	-1458.78	211.9687	0.9568711	5.054838	1.195977	2.297959
28206	-1243.22	-1455.258	212.0384	0.725611	5.343422	1.195977	2.350894
28212	-1249.198	-1460.571	211.3736	0.9809666	5.281394	1.195977	2.617684
28218	-1245.149	-1457.3	212.1508	0.9529525	3.826858	1.722901	2.172409
28224	-1248.505	-1460.213	211.7084	0.9037846	5.060126	1.777081	2.219965
28230	-1240.579	-1452.507	211.9283	1.066376	4.998339	1.060848	2.342647
28236	-1243.603	-1456.356	212.7525	1.090346	5.447886	1.183426	1.615747
28242	-1246.872	-1459.116	212.2442	1.056417	5.447886	2.086675	1.550688
28248	-1242.359	-1455	212.641	1.147301	3.71209	1.918233	1.651705
28254	-1252.139	-1464.474	212.3353	1.214217	3.71209	1.42819	2.043635
28260	-1240.235	-1452.325	212.0905	0.9071962	5.379611	0.8488456	2.414365
28266	-1257.408	-1468.55	211.1421	0.7469193	5.241531	1.571474	2.729385
28272	-1245.491	-1458.264	212.7729	1.23204	5.707624	1.040246	1.545273
28278	-1239.215	-1452.017	212.8015	1.104771	7.532284	1.040246	1.30694
28284	-1244.783	-1457.101	212.3175	0.9408007	7.09739	1.040246	1.848867
28290	-1237.935	-1450.074	212.139	0.875612	6.684302	1.040246	2.072194
28296	-1225.628	-1437.337	211.7087	0.9295153	5.898255	1.103038	2.394066
28302	-1246.747	-1459.869	213.122	1.317428	4.576246	0.9900107	1.4902
28308	-1241.818	-1454.006	212.188	1.123512	3.241495	1.716289	2.182094
28314	-1237.815	-1449.768	211.953	1.131011	3.558016	1.995079	2.137961
28320	-1241.517	-1454.46	212.943	1.073629	4.168546	1.236087	1.72476
28326	-1244.104	-1456.058	211.954	0.8868136	5.262658	1.236087	2.2937
28332	-1252.159	-1465.449	213.2898	1.346574	4.443776	0.918455	1.427574
28338	-1238.292	-1451.41	213.1179	1.316002	4.443776	1.223122	1.358824
28344	-1249.311	-1462.336	213.025	1.387861	3.435317	1.237773	1.625056
28350	-1236.801	-1448.649	211.8481	0.9694052	4.035518	1.091941	2.619552
28356	-1245.896	-1457.863	211.9664	1.06827	4.336695	2.083543	1.961102
28362	-1247.64	-1459.265	211.6247	0.9681535	3.488631	1.791294	2.54636
28368	-1250.537	-1462.039	211.5023	0.7382457	3.941339	1.791294	2.664072
28374	-1249.266	-1460.889	211.6227	0.9226256	3.448472	1.791294	2.585305
28380	-1239.971	-1451.861	211.89	0.800018	3.885567	1.70081	2.433121
28386	-1246.106	-1457.431	211.3248	0.879963	3.237939	1.28513	3.064984
28392	-1239.498	-1450.699	211.2015	0.8287566	3.469569	1.390595	3.064984
28398	-1262.414	-1472.017	209.6028	0.7899445	3.469569	2.227329	3.710477
28404	-1259.008	-1470.288	211.2797	0.905838	3.469569	1.251914	3.039275
28410	-1259.252	-1470.306	211.0544	0.8793056	3.153187	1.537207	3.131145
28416	-1250.103	-1461.078	210.9756	0.7037811	4.351621	1.537207	3.0277
28422	-1242.472	-1453.315	210.8426	0.8285753	5.023356	0.9538945	3.211906
28428	-1237.817	-1449.571	211.7542	0.8793872	4.877484	1.24582	2.487069
28434	-1248.93	-1460.393	211.463	0.9861361	3.651643	1.963597	2.532166
28440	-1261.086	-1472.237	211.1509	0.778128	4.753104	1.817034	2.688274
28446	-1250.874	-1462.409	211.5348	1.054474	3.668411	1.817034	2.497038
28452	-1238.403	-1450.403	212.0003	0.9808429	3.668411	1.372662	2.447279
28458	-1236.847	-1449.525	212.6776	1.010303	3.871323	1.191528	2.04284
28464	-1238.401	-1450.299	211.8983	0.809891	5.127827	1.081218	2.488413
28470	-1240.628	-1451.541	210.9135	0.7810471	4.663558	1.05423	3.200144
28476	-1249.826	-1461.488	211.6626	0.7710734	4.428109	1.265856	2.68348
28482	-1253.281	-1464.885	211.6041	0.6676193	4.428109	1.072684	2.886938
28488	-1245.648	-1456.801	211.1535	0.7441195	4.13098	1.074679	3.16664
28494	-1239.525	-1450.58	211.0553	0.9027118	4.411027	1.984476	2.670947
28500	-1243.902	-1456.52	212.6178	1.108887	3.927564	1.984476	1.613216
28506	-1248.054	-1459.935	211.8808	1.089842	3.927564	1.984476	2.130237
28512	-1243.599	-1454.532	210.9332	0.8487977	4.619624	2.268387	2.64232
28518	-1246.205	-1458.836	212.6315	1.159684	4.545117	1.545874	1.628867
28524	-1248.948	-1461.499	212.5502	1.278999	3.801707	1.536438	1.778242
28530	-1242.61	-1455.273	212.6624	1.177893	4.540925	1.645874	1.542838
28536	-1246.717	-1458.27	211.5536	1.209158	3.957548	2.873004	1.96297
28542	-1240.177	-1451.564	211.3873	0.9406876	3.651432	1.059554	3.017092
28548	-1249.998	-1461.175	211.1776	0.8187517	4.268289	1.288714	2.968201
28554	-1252.846	-1465.056	212.2098	0.907101	3.755734	1.288714	2.384601
28560	-1255.695	-1468.22	212.5248	1.222979	3.303604	1.715673	1.876357
28566	-1238.286	-1449.87	211.584	1.009195	4.70153	1.194059	2.57188
28572	-1223.502	-1435.457	211.9546	0.9289047	4.548321	0.9973629	2.534174
28578	-1232.927	-1444.44	211.5128	0.9409724	4.548321	0.9973629	2.798704
28584	-1229.993	-1441.8	211.8074	0.8180713	4.142249	1.429706	2.540266
28590	-1226.038	-1437.608	211.5703	0.9686261	4.072111	1.998311	2.371298
28596	-1229.05	-1441.25	212.1993	1.036195	4.072111	1.998311	1.916579
