Iteration	Posterior	Likelihood	Prior	rate_log_sd	rate_loss	rate_neo	tree_length
0	-1242.049	-1454.038	211.9884	1.068644	5.961767	1.210711	2.051456
6	-1249.491	-1461.367	211.8756	0.9031154	5.961767	0.9976438	2.359629
12	-1249.526	-1461.069	211.5423	0.7757313	5.480203	1.299343	2.553574
18	-1249.836	-1461.365	211.5287	0.9348738	4.682278	1.299343	2.60046
24	-1241.015	-1452.875	211.8604	0.7661454	4.591818	1.11144	2.617434
30	-1241.899	-1453.416	211.5168	0.7951857	6.652451	1.340656	2.359919
36	-1234.337	-1445.94	211.6036	0.8338068	6.858452	1.340656	2.251035
42	-1239.463	-1450.731	211.2675	0.7412361	6.858452	1.316749	2.534312
48	-1242.735	-1454.266	211.5311	0.8396508	6.858452	1.398415	2.264663
54	-1235.162	-1446.615	211.4529	0.8066296	7.154068	1.398415	2.295685
60	-1242.562	-1454.163	211.6009	0.8913924	5.293679	1.398415	2.425871
66	-1248.16	-1459.9	211.7404	0.648187	4.279247	1.398415	2.674376
72	-1232.544	-1444.113	211.5682	0.8593325	3.847413	1.398415	2.738583
78	-1235.317	-1446.39	211.0729	0.6177539	4.633575	1.701772	2.900454
84	-1248.219	-1460.818	212.5992	1.140492	4.819188	0.8973834	1.999632
90	-1250.179	-1462.797	212.6175	1.176375	4.634844	0.8973834	1.999632
96	-1246.327	-1458.198	211.8711	0.7839961	4.634844	1.473818	2.404493
102	-1249.382	-1460.561	211.1782	0.4999442	4.634844	1.511781	2.9875
108	-1242.704	-1452.782	210.0775	0.6692532	2.735037	2.597337	3.573331
114	-1236.901	-1448.182	211.2805	0.7413508	3.186979	1.521594	3.077162
120	-1238.318	-1450.354	212.036	0.9973825	4.622853	1.264657	2.271043
126	-1234.628	-1446.593	211.9644	0.9600203	4.622853	1.264657	2.340617
132	-1245.464	-1457.681	212.2169	1.135845	4.255085	0.710372	2.50103
138	-1237.408	-1449.027	211.6195	0.9352432	4.654935	1.395669	2.50103
144	-1238.09	-1449.603	211.5127	0.9646633	5.054737	1.216601	2.568837
150	-1244.058	-1456.752	212.694	1.094846	4.986463	1.216601	1.722886
156	-1241.148	-1453.522	212.3741	1.151825	5.647909	1.34967	1.706074
162	-1246.792	-1459.454	212.6624	1.170214	4.284256	1.371569	1.749952
168	-1247.123	-1459.876	212.753	1.182638	5.929782	0.7857033	1.751993
174	-1236.105	-1448.951	212.8465	1.10307	5.929782	0.7857033	1.742188
180	-1238.711	-1451.68	212.969	1.281824	5.218113	0.7857033	1.658216
186	-1242.956	-1455.79	212.8336	1.395911	4.781813	1.320718	1.375872
192	-1250.142	-1463.038	212.8954	1.319882	4.406419	1.700694	1.253759
198	-1248.05	-1460.348	212.2981	0.896972	3.386782	1.261416	2.435609
204	-1245.539	-1455.713	210.1737	0.7542362	3.773836	2.468281	3.260363
210	-1238.417	-1449.205	210.7879	0.6992108	3.27469	1.677717	3.308684
216	-1222.878	-1433.672	210.794	0.776027	3.43963	1.563836	3.268469
222	-1228.654	-1440.519	211.8646	0.7614557	3.465532	1.329518	2.735093
228	-1232.756	-1444.072	211.316	0.9136701	3.19608	1.453511	2.980629
234	-1235.598	-1446.956	211.3575	0.8717507	3.19608	1.438004	2.987946
240	-1234.257	-1445.098	210.8412	0.82402	3.056798	1.438004	3.356782
246	-1241.927	-1453.877	211.95	0.9395983	2.860641	2.099166	2.404651
252	-1249.258	-1461.648	212.3897	1.015212	2.860641	1.329565	2.404651
258	-1237.863	-1449.498	211.6356	0.8309423	3.325874	1.524248	2.774479
264	-1240.494	-1451.449	210.9543	0.8277824	4.377803	1.510041	2.972986
270	-1232.952	-1444.549	211.5973	0.8732411	4.985779	1.116915	2.639933
276	-1241.243	-1452.108	210.8649	0.7906868	4.300848	1.534775	3.052585
282	-1239.183	-1450.948	211.7659	0.9896669	3.71071	1.415074	2.558164
288	-1240.11	-1451.224	211.1143	1.004392	3.71071	2.267473	2.618073
294	-1238.247	-1450.14	211.8933	1.021637	4.853625	1.700435	2.093569
300	-1238.428	-1450.533	212.1054	1.25649	4.33693	1.763044	1.871008
306	-1235.574	-1447.708	212.1341	1.133588	5.05146	1.592648	1.869376
312	-1254.648	-1466.39	211.7429	0.78094	3.147867	1.577576	2.759606
318	-1238.277	-1449.777	211.5004	0.8397503	3.359956	1.510598	2.849282
324	-1244.785	-1457.17	212.3846	0.9788455	4.148645	1.406043	2.079214
330	-1231.845	-1444.429	212.5841	1.250593	4.628601	1.406043	1.654316
336	-1254.311	-1467.069	212.7575	1.126371	4.628601	1.406043	1.618923
342	-1245.674	-1457.914	212.2401	1.102897	3.407976	1.406043	2.262535
348	-1240.742	-1453.372	212.6301	1.175946	4.146545	1.262014	1.86061
354	-1233.723	-1445.85	212.1267	1.175946	4.761785	1.239926	2.083129
360	-1227.92	-1439.944	212.0241	0.991238	4.761785	0.9134603	2.46641
366	-1226.943	-1437.652	210.7084	0.8872364	4.019401	1.274447	3.262439
372	-1234.103	-1446.061	211.9585	0.9754239	4.019401	1.206425	2.486401
378	-1239.266	-1450.05	210.7841	0.9754239	3.61117	0.8396413	3.497081
384	-1225.714	-1437.106	211.3924	0.8795914	3.61117	1.840021	2.697463
390	-1237.056	-1448.201	211.1449	0.9098466	3.749439	1.077486	3.149029
396	-1234.852	-1447.143	212.2909	1.03598	3.667154	0.9773067	2.451592
402	-1232.181	-1444.028	211.8469	0.8554311	4.151467	1.194369	2.609823
408	-1233.248	-1444.383	211.135	0.7300576	4.494775	1.594705	2.864594
414	-1241.005	-1452.967	211.9618	0.7965808	4.578381	1.347626	2.411336
420	-1255.345	-1468.312	212.9675	1.204836	3.78167	1.458359	1.579672
426	-1251.88	-1464.444	212.5644	1.118928	4.00578	2.093473	1.579672
432	-1247.527	-1459.647	212.1194	0.9681267	4.552906	1.023965	2.388734
438	-1245.155	-1457.2	212.0447	1.025643	4.342082	1.023965	2.44063
444	-1227.886	-1439.766	211.8796	0.9907608	4.500822	1.265969	2.397545
450	-1234.114	-1446.268	212.1537	0.992029	6.209355	1.688	1.703677
456	-1236.415	-1448.521	212.1059	1.095912	5.679771	1.35935	1.919072
462	-1236.671	-1449.569	212.8976	1.271084	5.677617	1.004071	1.4548
468	-1241.291	-1454.135	212.8445	1.271084	5.234559	1.210836	1.43717
474	-1234.377	-1447.116	212.7395	1.269372	5.248016	0.7718365	1.833869
480	-1233.292	-1445.46	212.1687	0.8561302	5.387768	1.182668	2.183586
486	-1236.919	-1448.283	211.3646	0.9412886	5.11794	1.795169	2.397855
492	-1235.167	-1447.047	211.8797	1.164961	5.225027	1.795169	1.896609
498	-1224.082	-1436.117	212.035	0.9946136	4.559275	1.381452	2.225019
504	-1231.306	-1442.818	211.5121	0.8818481	4.766372	1.620448	2.478121
510	-1234.871	-1446.954	212.0831	0.9680744	4.034124	1.620448	2.205472
516	-1232.724	-1444.798	212.0746	1.068441	4.034124	1.775621	2.078018
522	-1234.195	-1446.496	212.3009	0.991584	4.00133	1.321846	2.200776
528	-1229.263	-1441.34	212.0772	0.8385	3.889455	1.321846	2.46486
534	-1229.925	-1441.548	211.6231	0.6553929	5.307217	1.10014	2.713378
540	-1237.084	-1447.931	210.8477	0.6532312	5.307217	1.267781	3.093916
546	-1241.921	-1453.094	211.1735	0.5823498	3.893761	1.802995	2.964253
552	-1246.74	-1457.439	210.6991	0.4377429	3.885928	1.802995	3.333835
558	-1230.586	-1441.166	210.5798	0.7062111	4.535846	1.806087	3.12007
564	-1229.78	-1441.469	211.6884	0.9713503	4.16797	1.806087	2.349138
570	-1228.553	-1441.342	212.7891	1.100331	4.363366	1.151435	1.821585
576	-1239.923	-1452.344	212.421	1.144637	4.271195	1.598358	1.821585
582	-1246.235	-1458.977	212.7421	1.141838	5.71773	0.7889912	1.821585
588	-1256.142	-1468.434	212.2922	1.035749	5.834137	1.252777	1.866359
594	-1247.558	-1460.008	212.4501	1.035749	4.010071	1.252777	2.110104
600	-1234.648	-1446.963	212.3144	1.087	4.406747	1.627879	1.890742
606	-1238.488	-1450.685	212.197	1.051353	5.614872	1.540255	1.805224
612	-1239.926	-1452.528	212.6013	1.185786	4.455603	1.540255	1.654391
618	-1239.148	-1451.8	212.6512	1.166414	4.759336	1.540255	1.566147
624	-1261.837	-1474.44	212.6036	1.089694	4.995844	0.8220061	2.053102
630	-1255.813	-1468.331	212.5175	1.045202	6.15756	1.482121	1.515091
636	-1252.714	-1465.095	212.3817	0.8880314	4.909375	1.482121	1.949094
642	-1239.633	-1451.066	211.4332	0.826114	5.610575	1.800335	2.342656
648	-1233.491	-1445.477	211.9862	0.971054	4.359171	1.284052	2.360811
654	-1236.073	-1448.381	212.3089	0.9534252	4.580436	1.674623	1.927343
660	-1229.451	-1440.874	211.4234	0.9437495	3.568357	2.430158	2.443069
666	-1245.382	-1456.337	210.9552	0.8165984	3.694419	2.482656	2.766963
672	-1244.951	-1456.821	211.8702	0.9203482	3.159546	2.334123	2.306377
678	-1230.459	-1442.311	211.8522	1.030089	4.016894	1.920369	2.193012
684	-1231.39	-1443.489	212.0992	0.9545323	4.040185	1.726175	2.156202
690	-1225.954	-1438.42	212.466	0.8954031	4.040185	1.027309	2.316218
696	-1224.363	-1437.147	212.7842	1.238805	3.955958	1.347702	1.705272
702	-1222.416	-1435.907	213.4904	1.191825	3.955958	0.9592736	1.480355
708	-1225.709	-1438.976	213.2672	1.376681	4.097206	0.9592736	1.473597
714	-1228.903	-1441.43	212.5273	1.137476	4.653174	1.255929	1.852701
720	-1230.159	-1443.124	212.9656	1.199824	3.489481	1.255929	1.774982
726	-1237.043	-1450.293	213.2499	1.184284	4.062065	1.255929	1.432115
732	-1240.355	-1453.545	213.1908	1.523671	4.062065	0.954862	1.432115
738	-1230.041	-1443.176	213.1356	1.448846	4.376582	1.359548	1.1576
744	-1232.395	-1445.187	212.7921	1.62926	4.588438	2.05686	0.7676811
750	-1221.875	-1434.447	212.5712	1.62926	6.102801	1.774238	0.7509228
756	-1222.112	-1434.728	212.6167	1.536814	6.102801	1.683178	0.8884293
762	-1226.972	-1439.751	212.7786	1.551225	6.102801	1.545261	0.7883795
768	-1236.662	-1449.457	212.7957	1.442051	6.29453	1.545261	0.8489209
774	-1229.913	-1442.624	212.7111	1.383911	5.479306	1.545261	1.188581
780	-1231.725	-1444.319	212.594	1.391653	5.479306	1.545261	1.280509
786	-1228.102	-1440.314	212.2119	1.16254	4.90535	1.13469	2.069494
792	-1227.978	-1440.083	212.1049	1.100168	4.881055	1.341614	2.069494
798	-1230.738	-1442.932	212.1949	1.100168	5.16399	0.9384977	2.199134
804	-1233.365	-1444.85	211.4857	0.8257844	6.065583	1.411784	2.410364
810	-1239.275	-1451.604	212.3288	0.9506224	6.065583	1.322942	1.821325
816	-1234.666	-1447.221	212.5552	1.072393	6.583338	1.031378	1.674788
822	-1237.615	-1450.762	213.1469	1.228104	3.753402	1.089067	1.663688
828	-1240.242	-1452.326	212.0839	1.046788	3.211696	1.752413	2.290968
834	-1237.798	-1449.173	211.3753	0.9314823	4.574966	1.682712	2.541537
840	-1236.492	-1448.599	212.1067	1.05327	3.519884	2.499577	1.917242
846	-1234.415	-1446.693	212.2786	1.045606	4.454769	1.661864	1.917242
852	-1239.405	-1451.556	212.1508	1.17339	4.454769	1.661864	1.917242
858	-1227.813	-1439.785	211.9722	1.005882	4.977065	1.964872	1.917242
864	-1230.348	-1442.619	212.2704	1.171556	4.442699	1.500158	1.917242
870	-1241.409	-1453.268	211.8591	0.969363	5.126351	1.500158	2.191301
876	-1235.762	-1447.949	212.1869	0.9944102	5.734096	1.385648	1.909712
882	-1238.027	-1450.763	212.7357	1.239563	6.287578	0.8082656	1.644631
888	-1237.519	-1450.692	213.1725	1.205782	5.041219	0.8122727	1.578431
894	-1235.24	-1448.312	213.0719	1.372625	4.869591	1.164213	1.289902
900	-1242.53	-1455.507	212.9768	1.673275	4.128187	1.760303	0.8897089
906	-1258.584	-1471.551	212.9666	1.673275	3.89922	2.00287	0.8141592
912	-1260.331	-1471.573	211.2417	0.8489542	5.954316	1.592174	2.48278
918	-1250.583	-1462.693	212.1101	0.9251142	5.59349	1.592174	1.929347
924	-1243.055	-1454.856	211.8018	1.003744	5.343658	1.592174	2.125016
930	-1240.125	-1452.615	212.49	1.045339	5.343658	1.283348	1.792492
936	-1253.417	-1465.528	212.111	0.9974258	5.41461	1.283348	2.068049
942	-1257.987	-1469.357	211.3701	0.9512602	3.8381	0.9510944	3.046105
948	-1250.873	-1461.762	210.8895	0.7730334	3.412643	2.210299	2.981655
954	-1234.691	-1445.997	211.3062	0.8173234	3.412643	1.677103	2.897482
960	-1251.992	-1465.323	213.3308	1.512083	4.434468	1.467063	0.7817854
966	-1244.624	-1458.428	213.8033	1.512083	3.916085	0.9416887	0.9666085
972	-1246.097	-1459.331	213.2345	1.350444	3.320429	1.847767	1.180265
978	-1260.798	-1473.649	212.8511	1.369568	4.326724	1.306874	1.497121
984	-1237.908	-1449.945	212.0366	0.8630758	4.646684	1.211889	2.380258
990	-1223.63	-1434.238	210.6073	0.8749893	5.784657	1.211889	3.060007
996	-1227.176	-1438.716	211.5402	0.8216089	5.784657	1.171143	2.546171
1002	-1234.69	-1446.331	211.6408	0.8041736	5.024335	1.171143	2.618777
1008	-1223.903	-1435.394	211.4915	0.9013807	5.350661	1.130318	2.618777
1014	-1242.09	-1452.71	210.6196	0.6964495	5.350661	1.516667	3.081639
1020	-1234.211	-1445.469	211.2583	0.810927	3.878037	1.747312	2.79965
1026	-1229.537	-1440.142	210.605	0.8860592	3.878037	1.640683	3.189542
1032	-1244.348	-1456.968	212.6199	1.146092	3.827364	1.467561	1.850543
1038	-1242.097	-1454.512	212.4153	1.292269	3.420426	1.879523	1.801108
1044	-1244.43	-1457.734	213.3049	1.392972	3.776573	0.9625454	1.512733
1050	-1235.258	-1448.237	212.9792	1.233729	3.776573	0.9625454	1.857958
1056	-1233.315	-1446.126	212.81	1.260666	3.776573	1.376464	1.699332
1062	-1234.544	-1447.198	212.6542	1.167803	3.776573	1.722797	1.699332
1068	-1230.528	-1443.096	212.5677	1.286914	3.776573	2.028203	1.539177
1074	-1230.849	-1443.679	212.8303	1.133341	4.83403	1.346902	1.55046
1080	-1224.562	-1437.487	212.925	1.340958	4.83403	1.346902	1.318171
1086	-1230.034	-1442.677	212.6423	1.436193	4.255601	2.166369	1.171133
1092	-1238.421	-1450.813	212.3915	1.433821	4.360464	1.959329	1.445692
1098	-1241.798	-1454.458	212.6603	1.433821	5.233243	1.959329	1.000305
1104	-1241.705	-1454.74	213.0354	1.356523	5.233243	1.066026	1.323854
1110	-1243.855	-1456.946	213.0911	1.22271	4.949945	1.200835	1.3507
1116	-1244.136	-1457.212	213.0762	1.377956	5.110638	1.048819	1.31392
1122	-1239.251	-1452.444	213.1933	1.316992	4.745874	1.121622	1.296896
1128	-1245.661	-1458.726	213.0656	1.271526	4.310876	1.121622	1.53346
1134	-1245.794	-1458.591	212.7968	0.9984397	6.706966	1.030723	1.53346
1140	-1240.047	-1450.876	210.829	0.7261421	5.935738	1.260525	2.969186
1146	-1241.816	-1453.441	211.6242	0.717218	5.935738	1.063129	2.597453
1152	-1248.69	-1459.966	211.2762	0.8601818	5.660762	1.498109	2.541779
1158	-1248.772	-1460.537	211.7651	0.8144598	5.660762	1.731068	2.157318
1164	-1248.972	-1460.355	211.3829	0.8751949	5.660762	1.731068	2.363791
1170	-1247.963	-1458.964	211.0016	0.7732329	5.173427	1.731068	2.743974
1176	-1256.53	-1467.74	211.2098	0.7229892	4.620379	1.731068	2.743974
1182	-1244.267	-1455.748	211.4807	0.8003499	4.502257	1.731068	2.55126
1188	-1247.594	-1459.742	212.1479	0.8304572	5.57252	1.082362	2.241582
1194	-1248.758	-1461.588	212.8299	1.272218	3.950299	0.859583	1.967083
1200	-1236.959	-1449.342	212.3831	1.140005	4.5373	0.8434047	2.23535
1206	-1234.943	-1447.159	212.2159	1.202665	4.5373	2.178007	1.614524
1212	-1231.693	-1444.297	212.604	1.202665	4.13113	1.50768	1.730492
1218	-1232.874	-1446.13	213.2561	1.316837	3.126364	1.363247	1.521913
1224	-1238.577	-1451.829	213.2524	1.347674	3.126364	1.363247	1.50166
1230	-1246.977	-1458.807	211.8298	1.067946	4.168823	1.45797	2.350245
1236	-1239.215	-1451.298	212.0827	1.103545	4.761029	1.165295	2.201543
1242	-1251.446	-1462.875	211.4288	0.9460679	5.746471	1.055275	2.610297
1248	-1240.545	-1452.202	211.6564	1.23752	6.576189	1.673814	1.827362
1254	-1248.029	-1460.268	212.2381	0.9788677	7.97016	1.132976	1.695391
1260	-1244.747	-1456.858	212.1114	0.8715458	5.748411	1.162003	2.162499
1266	-1245.504	-1457.726	212.2222	1.02131	5.078542	1.716467	1.823033
1272	-1249.499	-1461.545	212.0463	0.929484	5.078542	1.716467	2.004279
1278	-1234.047	-1446.821	212.7734	1.001465	4.607884	0.9821284	1.958333
1284	-1244.379	-1456.986	212.6071	1.024585	4.29294	1.241765	1.958333
1290	-1243.009	-1455.051	212.0414	0.8025293	4.834793	1.786003	2.106981
1296	-1244.244	-1456.431	212.1872	0.9572263	3.788829	1.836352	2.106981
1302	-1233.235	-1445.287	212.0526	1.075943	3.788829	1.866121	2.105259
1308	-1234.6	-1446.567	211.9665	1.008828	4.589267	1.866121	2.03476
1314	-1243.095	-1455.174	212.0785	1.158251	4.019069	1.966518	1.940347
1320	-1240.21	-1451.137	210.9266	0.6458341	5.309806	1.966518	2.755326
1326	-1237.336	-1448.48	211.1436	0.5521381	5.309806	1.966518	2.67979
1332	-1244.024	-1455.919	211.8947	0.9935468	5.234089	1.760585	2.015028
1338	-1242.349	-1454.881	212.5325	1.022462	4.886195	1.492452	1.75287
1344	-1244.739	-1456.071	211.3313	0.9756441	4.820876	1.38524	2.629763
1350	-1247.408	-1459.172	211.7641	0.8921082	4.200802	1.191846	2.629763
1356	-1245.058	-1455.796	210.7381	0.8645727	4.200802	1.191846	3.264669
1362	-1234.106	-1445.89	211.7834	1.060256	4.128417	2.015463	2.157347
1368	-1234.841	-1447.004	212.1634	1.132253	3.462874	1.782763	2.108097
1374	-1231.911	-1443.767	211.8568	0.8880573	5.406077	1.782763	2.070141
1380	-1228.739	-1440.554	211.8157	0.8720247	5.406077	1.350742	2.306843
1386	-1224.673	-1436.983	212.3101	0.9266715	4.495394	1.097862	2.259779
1392	-1230.465	-1440.942	210.477	0.7629483	5.054691	1.097862	3.377628
1398	-1232.471	-1443.652	211.1812	0.7422788	4.593958	1.646017	2.789275
1404	-1232.365	-1444.049	211.6837	0.9838686	4.455434	1.545245	2.398013
1410	-1239.852	-1450.588	210.7357	0.7929442	4.943378	1.545245	3.008868
1416	-1236.873	-1448.069	211.1959	0.6506357	5.360472	1.984312	2.571786
1422	-1229.751	-1441.271	211.5206	0.8542097	4.093875	1.984312	2.475376
1428	-1232.035	-1443.635	211.5998	0.9871416	4.093875	2.462031	2.175506
1434	-1252.296	-1464.672	212.3763	1.05448	3.675657	2.709766	1.61852
1440	-1256.364	-1468.171	211.8071	0.9749721	3.223109	1.787763	2.494033
1446	-1252.879	-1464.77	211.8912	0.8908255	3.223109	1.787763	2.494033
1452	-1240.372	-1452.258	211.8857	0.9166971	4.183533	1.823337	2.247755
1458	-1253.233	-1463.695	210.4622	0.5841404	3.304026	1.823337	3.504622
1464	-1250.956	-1462.839	211.8837	0.8405115	4.067015	1.434177	2.492036
1470	-1237.132	-1449.187	212.0547	0.8676839	4.256002	0.9024093	2.62775
1476	-1236.982	-1449.082	212.0995	0.9104338	5.810928	1.259334	2.079565
1482	-1238.118	-1450.108	211.9899	1.007037	5.55592	1.924751	1.814465
1488	-1253.782	-1466.146	212.364	1.122655	5.55592	1.415329	1.714177
1494	-1231.766	-1443.261	211.4954	0.849425	4.384076	1.502887	2.632432
1500	-1227.397	-1439.698	212.3013	0.9644757	3.612486	1.502887	2.216105
1506	-1232.49	-1444.437	211.9465	1.097691	3.612486	1.511516	2.35392
1512	-1235.702	-1447.297	211.5955	1.068762	3.612486	2.081933	2.362657
1518	-1240.205	-1451.318	211.1128	1.016751	3.650475	2.081933	2.687542
1524	-1246.872	-1459.249	212.3772	1.130171	3.353939	1.869881	1.958972
1530	-1246.581	-1458.793	212.2118	0.9958342	4.60256	1.723553	1.937723
1536	-1251.344	-1463.638	212.2947	1.0266	4.60256	0.9544672	2.27502
1542	-1246.222	-1457.387	211.1647	0.8088439	3.772391	1.413725	3.022005
1548	-1248.763	-1460.233	211.4693	0.8437784	3.970345	1.548981	2.714137
1554	-1248.024	-1460.136	212.1122	1.059025	3.970345	2.277283	1.877821
1560	-1233.219	-1445.436	212.2171	1.079882	3.761507	1.597817	2.116797
1566	-1230.006	-1441.935	211.9289	0.983002	3.761507	1.597817	2.364673
1572	-1230.361	-1442.125	211.7645	0.9288545	4.101335	1.597817	2.429431
1578	-1234.88	-1446.917	212.0374	0.8916224	4.101335	1.597817	2.279805
1584	-1237.647	-1449.149	211.5018	0.9402923	4.101335	1.444869	2.655051
1590	-1251.873	-1464.379	212.5066	0.8521577	3.882779	1.586866	2.053334
1596	-1247.633	-1459.442	211.8088	0.8154246	3.882779	1.349779	2.633652
1602	-1245.011	-1456.826	211.8147	0.6943637	4.65509	0.7920157	2.881498
1608	-1244.428	-1455.696	211.268	0.8917603	3.579739	1.216756	3.048045
1614	-1238.917	-1450.849	211.932	0.8267849	4.155894	1.283827	2.526626
1620	-1240.392	-1452.559	212.1672	0.9974838	3.045914	2.162667	2.154659
1626	-1245.21	-1456.813	211.6032	0.8654547	3.629198	1.830746	2.575634
1632	-1257.364	-1469.2	211.8361	0.7768309	5.035833	1.454193	2.367259
1638	-1257.113	-1467.909	210.7965	0.9486639	5.0381	1.256488	2.997385
1644	-1244.182	-1456.207	212.0252	0.9499359	4.504275	1.256488	2.335528
1650	-1235.479	-1447.214	211.7345	0.9088172	4.512879	1.697267	2.335528
1656	-1255.404	-1467.309	211.9041	1.043868	3.644986	1.697267	2.325152
1662	-1236.017	-1448.05	212.033	1.172428	4.126262	2.008231	1.920933
1668	-1240.715	-1453.338	212.6235	1.088959	4.126262	1.017356	2.076811
1674	-1234.996	-1447.214	212.2178	0.9546736	4.126262	1.017356	2.424099
1680	-1228.178	-1439.552	211.3744	0.8928209	4.126262	1.017356	2.979953
1686	-1236.366	-1446.376	210.0106	0.6508825	3.270679	2.02252	3.665822
1692	-1253.898	-1464.494	210.596	0.7310033	3.270679	2.079025	3.257793
1698	-1248.129	-1459.14	211.0115	0.7430011	3.270679	1.426993	3.257793
1704	-1245.911	-1457.012	211.1015	0.8336514	3.768589	1.752754	2.901972
1710	-1242.465	-1453.771	211.3068	0.7027251	4.293914	1.266102	2.966669
1716	-1234.199	-1443.18	208.9802	0.6614717	4.293914	1.266102	4.340928
1722	-1240.97	-1450.92	209.9497	0.6346036	3.716744	2.093769	3.589554
1728	-1237.889	-1448.742	210.8524	0.7761507	2.968343	1.926234	3.206074
1734	-1237.536	-1448.413	210.877	0.7399863	3.01485	2.041925	3.160694
1740	-1232.575	-1443.082	210.5071	0.7806599	3.806466	1.83513	3.249178
1746	-1236.537	-1447.453	210.9159	0.6309775	3.1175	1.838836	3.249178
1752	-1243.211	-1454.279	211.0678	0.9060895	2.881706	1.924888	3.023279
1758	-1237.288	-1447.089	209.8016	0.5669503	2.633551	1.707501	4.104005
1764	-1251.263	-1462.169	210.9058	0.7720275	2.519193	2.389126	3.146489
1770	-1242.959	-1452.725	209.7659	0.6238817	2.519193	1.6597	4.1414
1776	-1239.703	-1449.382	209.6788	0.6204211	2.655302	1.697548	4.1414
1782	-1245.861	-1456.672	210.8106	0.6677845	3.673881	1.63609	3.241582
1788	-1245.854	-1456.691	210.8366	0.5965497	3.253255	1.68975	3.340714
1794	-1254.721	-1465.367	210.6464	0.5268083	2.966595	1.68975	3.561913
1800	-1235.783	-1446.198	210.4155	0.6511128	3.830837	1.376479	3.561913
1806	-1242.461	-1452.816	210.3549	0.6868803	3.540683	1.376479	3.63693
1812	-1247.231	-1457.367	210.1352	0.7270694	4.26065	1.45333	3.562975
1818	-1246.55	-1457.434	210.8843	0.7312618	3.329881	1.45333	3.314207
1824	-1247.46	-1457.876	210.4158	0.7065113	3.329881	2.234079	3.314207
1830	-1241.352	-1452.01	210.6588	0.7092114	3.669954	1.51265	3.358884
1836	-1245.064	-1455.112	210.048	0.7210158	3.617246	1.470993	3.736607
1842	-1263.095	-1474.488	211.3933	1.031568	4.06384	1.346265	2.720299
1848	-1255.488	-1466.727	211.2386	0.7330136	4.06384	1.076594	3.134754
1854	-1245.757	-1457.597	211.8398	0.8876647	3.671093	1.309035	2.636323
1860	-1239.918	-1452.515	212.5968	0.9906938	4.010374	1.309035	2.012121
1866	-1243.726	-1455.801	212.0745	0.969365	4.052901	1.359108	2.330072
1872	-1237.519	-1447.693	210.1733	0.7628276	3.391909	1.359108	3.738497
1878	-1235.161	-1445.577	210.4161	0.7471115	3.881746	1.299724	3.531211
1884	-1243.62	-1454.016	210.3962	0.5333403	3.881107	2.036708	3.373392
1890	-1244.538	-1456.207	211.6689	0.8656752	5.564897	1.722989	2.205797
1896	-1242.463	-1453.561	211.0977	0.8392583	3.748391	1.722989	2.916963
1902	-1239.5	-1450.081	210.5809	0.710952	3.688627	2.262149	3.125404
1908	-1246.552	-1458.384	211.8316	0.8469318	3.688627	1.465027	2.587368
1914	-1249.173	-1460.385	211.2122	0.7897167	3.352245	1.465027	3.074829
1920	-1248.064	-1459.078	211.014	0.6684389	3.194447	1.055997	3.503751
1926	-1242.304	-1454.309	212.0059	0.8505209	3.311196	0.9982105	2.811818
1932	-1237.279	-1448.696	211.4172	0.7932216	3.943958	1.25906	2.918543
1938	-1233.397	-1444.774	211.377	0.8514993	3.943958	1.581855	2.757097
1944	-1244.825	-1456.917	212.0917	0.888347	4.809506	1.203523	2.303399
1950	-1239.308	-1450.398	211.0893	0.7632507	3.636566	1.203523	3.225222
1956	-1244.476	-1455.596	211.12	0.7398437	3.988934	1.346821	3.076642
1962	-1241.578	-1453.006	211.4282	0.6853309	5.343597	1.552527	2.582566
1968	-1239.601	-1450.686	211.0859	0.699832	4.132998	1.521908	3.012658
1974	-1234.69	-1445.431	210.7404	0.6435341	4.023723	2.225678	3.012658
1980	-1242.268	-1454.03	211.7624	0.8889838	3.646739	1.938106	2.416108
1986	-1244.098	-1456.538	212.44	0.9155785	4.037498	1.460411	2.081316
1992	-1238.574	-1450.454	211.8796	0.9155785	4.590488	1.196751	2.465035
1998	-1249.388	-1461.106	211.7184	0.8003738	5.587961	1.196751	2.465035
2004	-1248.222	-1459.587	211.3648	0.6830027	5.651202	1.131672	2.78198
2010	-1252.083	-1464.927	212.8445	1.1613	4.914889	1.180643	1.604667
2016	-1234.072	-1446.666	212.5937	0.9542192	4.612819	1.328274	1.89997
2022	-1228.569	-1440.939	212.3703	1.037935	5.098567	1.328274	1.89997
2028	-1231.118	-1443.269	212.1518	0.9203927	4.287803	1.736922	2.086716
2034	-1229.004	-1440.135	211.131	0.9657402	4.255639	1.836776	2.670989
2040	-1235.794	-1447.178	211.3836	0.8199927	4.286548	1.466911	2.754352
2046	-1232.182	-1444.146	211.9634	0.9255126	4.917055	1.006051	2.45772
2052	-1227.082	-1438.952	211.8709	0.9821096	5.132703	1.528787	2.160628
2058	-1227.836	-1439.22	211.3845	0.9603724	4.203484	1.528787	2.656173
2064	-1228.366	-1440.057	211.6909	0.9127071	5.064446	0.8840401	2.688153
2070	-1230.005	-1441.583	211.5783	0.9742944	5.132032	1.013187	2.625297
2076	-1233.68	-1445.723	212.0426	0.997324	4.382876	1.013187	2.45839
2082	-1238.052	-1450.608	212.5558	1.137675	5.269935	1.013187	1.865195
2088	-1221.36	-1433.21	211.8499	1.111777	5.269935	1.425536	2.11551
2094	-1239.973	-1452.068	212.0945	1.052542	6.152874	1.576477	1.76598
2100	-1239.328	-1451.656	212.3279	1.15194	4.610426	1.687641	1.76598
2106	-1233.413	-1446.006	212.5933	1.15194	4.517049	1.054135	1.948896
2112	-1241.834	-1451.768	209.9341	0.8434854	4.5995	1.319859	3.611688
2118	-1238.906	-1450.258	211.3516	0.8706194	4.581327	1.274164	2.779991
2124	-1245.771	-1457.321	211.5494	0.9256907	4.581327	1.275462	2.624181
2130	-1234.7	-1446.403	211.7028	0.9256907	4.581327	1.275462	2.528989
2136	-1243.124	-1453.686	210.5619	0.7406369	4.581327	1.275462	3.329461
2142	-1244.63	-1454.68	210.0501	0.667291	4.048281	1.275462	3.768426
2148	-1238.766	-1449.994	211.2282	0.8236088	4.048281	1.275462	2.984596
2154	-1232.712	-1444.131	211.4193	0.8799661	3.359297	1.275462	2.984596
2160	-1233.495	-1446.121	212.6257	1.121149	3.844092	1.03961	2.102517
2166	-1237.296	-1448.93	211.6343	1.105084	4.146881	0.8439595	2.801213
2172	-1228.666	-1440.902	212.2355	0.9772116	4.146881	1.312788	2.225854
2178	-1229.721	-1441.612	211.8907	0.867411	5.058951	1.232711	2.383536
2184	-1218.317	-1430.343	212.0267	0.9653126	4.318292	1.399725	2.28791
2190	-1231.048	-1443.526	212.4788	1.023087	4.318292	1.337735	1.986836
2196	-1236.684	-1449.334	212.6493	1.323806	4.318292	1.337735	1.661976
2202	-1227.556	-1439.724	212.1672	1.099109	4.377758	1.907735	1.865556
2208	-1234.692	-1447.181	212.4892	1.372541	3.73272	1.907735	1.597913
2214	-1225.366	-1437.877	212.5113	1.209649	5.113102	1.309042	1.691233
2220	-1231.405	-1443.438	212.0338	1.002232	5.073769	1.309042	2.161899
2226	-1224.015	-1435.996	211.9809	0.9174614	5.073769	1.309042	2.250876
2232	-1225.431	-1437.304	211.8729	0.9379482	4.58414	1.309042	2.396701
2238	-1233.619	-1445.315	211.696	0.9556751	5.13832	1.309042	2.396701
2244	-1228.654	-1439.592	210.9384	0.8963171	5.226988	1.583813	2.759665
2250	-1224.968	-1436.2	211.2321	0.7513828	4.700049	1.583813	2.759665
2256	-1237.879	-1449.092	211.2131	0.814945	6.262076	1.133804	2.70209
2262	-1232.564	-1444.298	211.7337	0.6889143	6.262076	1.424901	2.303987
2268	-1232.846	-1444.371	211.5246	0.9673431	7.083966	0.8460632	2.482494
2274	-1236.524	-1448.835	212.3111	0.9771194	6.407672	0.8460632	2.066827
2280	-1231.92	-1444.163	212.2431	0.9771194	7.459095	0.8460632	1.962138
2286	-1230.857	-1442.926	212.069	0.9108059	7.459095	0.738201	2.204825
2292	-1228.128	-1440.203	212.0752	1.005547	7.459095	1.240087	1.795077
2298	-1233.149	-1445.503	212.3547	1.100972	7.517792	1.422971	1.405855
2304	-1229.454	-1441.627	212.1728	1.026563	7.710622	1.422971	1.570187
2310	-1229.605	-1442.016	212.4105	1.167507	6.506095	1.422971	1.47667
2316	-1223.896	-1436.502	212.6055	1.276794	6.506095	1.423231	1.23508
2322	-1230.329	-1442.912	212.5836	1.322405	8.221553	1.000062	1.230285
2328	-1240.625	-1453.834	213.2085	1.244372	5.824367	0.9132524	1.275488
2334	-1233.578	-1446.512	212.9336	1.409269	5.824367	1.303997	1.052381
2340	-1233.031	-1446.297	213.2656	1.48531	5.225037	0.9655483	1.104592
2346	-1238.89	-1452.117	213.2276	1.568129	5.225037	1.231125	0.7912946
2352	-1240.052	-1452.789	212.7372	1.607431	5.225037	1.853068	0.7912946
2358	-1240.81	-1453.794	212.9838	1.757139	5.225037	1.395975	0.6637313
2364	-1245.792	-1458.73	212.9383	1.763026	4.436469	1.723847	0.7234893
2370	-1245.326	-1458.39	213.0643	1.763026	5.320229	1.273913	0.6333848
2376	-1241.276	-1454.502	213.2258	1.675663	6.374784	0.9000592	0.6732383
2382	-1240.004	-1452.818	212.8146	1.675663	6.374784	1.312434	0.719665
2388	-1239.108	-1452.111	213.003	1.777416	4.864425	1.433711	0.7212936
2394	-1251.826	-1462.416	210.5895	0.7494387	4.003842	1.446769	3.336324
2400	-1242.887	-1455.857	212.9692	1.793593	5.060335	1.433711	0.6517148
2406	-1252.402	-1465.696	213.2942	1.736021	4.212921	1.433711	0.6188583
2412	-1261.476	-1475.314	213.8383	1.794591	3.779574	0.8070094	0.8297963
2418	-1263.569	-1476.976	213.407	1.566342	5.869529	0.8070094	0.8882665
2424	-1263.246	-1476.023	212.7763	1.226894	3.198501	2.044866	1.583057
2430	-1252.454	-1465.554	213.1006	1.23673	3.48294	1.212851	1.681616
2436	-1244.772	-1457.963	213.1909	1.314226	4.109355	1.212851	1.393589
2442	-1247.498	-1460.413	212.9153	1.203966	3.3686	1.607605	1.650506
2448	-1243.379	-1455.686	212.3065	1.203966	3.3686	1.801204	1.981975
2454	-1242.542	-1454.548	212.0063	1.071301	4.223227	1.93827	2.013298
2460	-1234.186	-1446.33	212.1436	1.022959	4.006777	1.38554	2.248176
2466	-1233.117	-1445.347	212.2296	0.9868208	4.006777	1.38554	2.216005
2472	-1251.437	-1462.134	210.6974	0.7896097	4.006777	1.38554	3.276205
2478	-1244.405	-1456.213	211.8075	0.8819336	4.780888	1.157105	2.51785
2484	-1244.158	-1455.841	211.6826	0.9010538	5.165123	0.7764493	2.759188
2490	-1243.416	-1454.599	211.1833	0.9492108	4.016686	0.7764493	3.238161
2496	-1238.15	-1448.888	210.7374	0.7743443	4.287577	1.319988	3.238161
2502	-1242.976	-1454.629	211.6527	0.9335964	4.223172	0.7752006	2.927697
2508	-1244.649	-1456.667	212.0179	0.9784182	4.396662	0.7899732	2.633402
2514	-1246.979	-1458.844	211.8651	0.9591621	4.40015	1.542044	2.310848
2520	-1259.255	-1472.558	213.3029	1.471381	4.240487	1.184132	1.157321
2526	-1254.111	-1467.679	213.5684	1.391581	3.725871	0.7990755	1.46442
2532	-1241.203	-1454.767	213.5643	1.395699	3.725871	0.7990755	1.46442
2538	-1229.772	-1442.4	212.6282	1.04009	5.092432	1.028964	1.904674
2544	-1236.83	-1449.265	212.4349	1.027495	4.254474	1.624669	1.883416
2550	-1219.81	-1431.915	212.1056	0.8494817	5.283541	1.082955	2.304708
2556	-1213.645	-1425.876	212.2308	0.8507288	5.613398	1.082955	2.167727
2562	-1219.461	-1431.346	211.885	0.7508764	4.531304	1.252609	2.545763
2568	-1222.036	-1433.137	211.1007	0.7633114	4.531304	1.210557	3.03803
2574	-1229.945	-1441.159	211.2136	0.6515206	4.481009	1.227199	3.03803
2580	-1221.346	-1432.304	210.9577	0.5398358	4.30058	1.227199	3.28978
2586	-1231.743	-1443.537	211.7943	0.9639733	3.376994	1.024344	2.840139
2592	-1235.539	-1446.43	210.8913	0.8430115	4.235061	1.295087	3.128154
2598	-1236.558	-1448.065	211.5066	0.8496267	4.235061	1.602589	2.610482
2604	-1238.66	-1449.952	211.2921	0.8093497	3.648089	1.913083	2.766009
2610	-1258.712	-1470.207	211.4944	0.6786508	5.239972	1.091143	2.793995
2616	-1250.924	-1462.43	211.5058	0.6483144	4.284991	1.175117	2.928476
2622	-1230.03	-1441.007	210.9771	0.8361617	4.864222	1.155962	3.038394
2628	-1231.034	-1442.548	211.5137	0.7272457	4.864876	1.155962	2.77997
2634	-1243.167	-1453.99	210.8235	0.6205872	4.864876	1.155962	3.257694
2640	-1240.32	-1451.432	211.1121	0.9249769	4.651274	1.692576	2.69005
2646	-1235.017	-1446.235	211.2182	0.8529756	5.96995	1.468191	2.548517
2652	-1241.706	-1453.786	212.0806	0.8179858	6.432691	0.831088	2.326493
2658	-1237.244	-1448.663	211.4193	0.9233437	4.933797	1.211678	2.67564
2664	-1249.836	-1461.079	211.243	0.7606222	4.857593	1.420447	2.792584
2670	-1248.489	-1459.176	210.6869	0.8184921	4.425494	1.888909	2.978193
2676	-1242.799	-1453.688	210.8893	0.6837312	4.33961	1.21597	3.243614
2682	-1253.334	-1464.44	211.1056	0.9906569	4.882545	0.9859723	2.962424
2688	-1248.102	-1459.525	211.4223	0.8116288	5.349615	0.9859723	2.801306
2694	-1226.795	-1437.986	211.1918	0.7719118	5.664626	1.122786	2.835972
2700	-1230.244	-1442.359	212.115	0.8142172	5.664626	0.9094986	2.368837
2706	-1239.686	-1451.979	212.2927	1.079293	5.923282	0.8937282	2.05207
2712	-1244.305	-1456.525	212.2193	1.146047	3.953409	0.9633947	2.373095
2718	-1226.769	-1439.078	212.3085	1.013147	4.576355	0.9054609	2.312923
2724	-1225.641	-1438.024	212.3833	0.9229835	4.734611	1.085521	2.176086
2730	-1239.083	-1451.531	212.4477	0.7109074	4.908709	1.085521	2.239033
2736	-1235.567	-1446.424	210.8565	0.656237	4.908709	1.085521	3.247977
2742	-1239.994	-1450.829	210.8346	0.611722	4.28926	1.019235	3.434047
2748	-1233.813	-1444.587	210.7742	0.6721782	4.28926	1.019235	3.434047
2754	-1229.528	-1441.491	211.9629	0.8968139	5.21747	1.23622	2.289349
2760	-1229.528	-1441.575	212.0471	0.9649535	4.679201	1.23622	2.289349
2766	-1231.277	-1443.623	212.346	1.021213	4.679201	1.23622	2.0587
2772	-1234.648	-1446.185	211.5377	0.8240402	6.582992	1.430498	2.293421
2778	-1237.201	-1448.758	211.5565	1.042881	5.027231	1.55854	2.328857
2784	-1242.652	-1454.495	211.843	0.8900896	5.800911	1.55854	2.111227
2790	-1226.493	-1438.734	212.2414	0.9076882	5.800911	1.537878	1.842572
2796	-1236.904	-1449.262	212.3576	0.9076882	5.812226	1.537878	1.760202
2802	-1236.184	-1448.37	212.1858	1.073589	7.231448	0.9497193	1.891113
2808	-1236.034	-1448.275	212.241	0.8186692	6.954433	0.9497193	2.063756
2814	-1242.599	-1454.844	212.245	0.9803726	5.340038	0.9497193	2.206001
2820	-1242.24	-1453.669	211.4292	0.9038413	4.532501	1.402045	2.658299
2826	-1239.925	-1451.27	211.3447	0.9187754	4.532501	1.917387	2.483165
2832	-1240.312	-1451.667	211.355	0.9419154	4.423612	1.917387	2.483165
2838	-1242.105	-1454.311	212.2061	0.9419154	3.253947	1.277794	2.489155
2844	-1240.667	-1452.094	211.4272	0.8604834	4.190836	0.9919604	2.97018
2850	-1241.769	-1452.493	210.7234	0.6396982	3.894554	1.364771	3.381184
2856	-1235.943	-1447.461	211.5183	0.9141739	3.894554	1.795007	2.553842
2862	-1232.055	-1444.726	212.6708	0.9681396	3.812219	1.558097	1.895746
2868	-1242.81	-1454.807	211.9969	0.9826035	4.958822	1.863645	1.961207
2874	-1241.15	-1452.983	211.8337	1.003638	4.598871	1.096349	2.493759
2880	-1238.258	-1450.488	212.2307	1.006314	5.491433	1.096349	2.078341
2886	-1235.936	-1447.927	211.9907	1.048004	5.491433	1.644172	1.920429
2892	-1235.658	-1447.343	211.6848	1.053274	5.609287	2.499334	1.767747
2898	-1223.966	-1436.399	212.4332	1.04603	4.479548	1.511577	1.878579
2904	-1237.787	-1449.74	211.9532	0.809581	5.15329	1.511577	2.223579
2910	-1230.099	-1441.662	211.5625	0.6876066	5.15329	1.056856	2.7812
2916	-1228.319	-1439.576	211.2566	0.8193922	5.15329	1.250436	2.7812
2922	-1230.455	-1441.417	210.9627	0.5488699	5.15329	1.137942	3.179583
2928	-1232.089	-1443.095	211.0061	0.7468761	4.728158	1.396399	2.978093
2934	-1244.045	-1455.811	211.7655	0.8606344	5.082978	1.872726	2.167807
2940	-1243.405	-1455.213	211.8078	0.919434	5.106237	1.287227	2.365836
2946	-1244.179	-1456.806	212.6274	1.099757	4.572767	1.287227	1.808422
2952	-1235.703	-1448.179	212.4759	1.099757	6.359529	1.287227	1.583295
2958	-1239.136	-1451.313	212.1771	0.8602233	6.359529	1.287227	1.958907
2964	-1229.687	-1441.173	211.4856	0.728309	6.122288	1.287227	2.525327
2970	-1233.376	-1445.756	212.3801	1.012698	5.677444	1.100943	1.940061
2976	-1240.892	-1453.054	212.1617	1.012698	5.895962	1.100943	2.049505
2982	-1234.48	-1446.786	212.3063	0.8651315	5.895962	0.9626183	2.140324
2988	-1238.171	-1449.952	211.7816	1.108994	5.172897	0.7768983	2.568556
2994	-1232.629	-1444.204	211.5756	0.9676191	5.172897	0.9401027	2.670059
3000	-1247.085	-1458.921	211.8361	0.8194708	6.490661	0.9401027	2.396538
3006	-1240.379	-1451.887	211.5077	0.6388466	6.490661	0.929386	2.719948
3012	-1228.78	-1439.939	211.1581	0.6331991	6.260049	0.9646742	2.945496
3018	-1230.2	-1441.433	211.2333	0.5487585	5.078337	0.9973282	3.110657
3024	-1231.255	-1443.446	212.1907	0.8444624	5.455492	0.9807193	2.288276
3030	-1226.661	-1438.752	212.0915	0.9857624	5.20747	0.9807193	2.30358
3036	-1229.093	-1441.715	212.6224	1.141741	7.139295	0.9807193	1.524731
3042	-1231.683	-1443.498	211.8152	1.00764	7.046646	1.001336	2.171552
3048	-1226.213	-1438.296	212.0829	0.9617979	6.20887	1.046314	2.1196
3054	-1234.678	-1446.09	211.4127	0.8602656	6.20887	1.031904	2.618085
3060	-1231.832	-1443.541	211.7089	0.8775857	5.682813	1.051905	2.490637
3066	-1229.267	-1441.537	212.27	0.9136483	4.174828	1.037537	2.394576
3072	-1233.052	-1444.635	211.5829	1.031237	4.174828	1.620474	2.454233
3078	-1235.651	-1447.909	212.2579	0.9706158	4.174828	1.645297	2.047998
3084	-1232.448	-1444.023	211.5746	0.7933803	4.399343	1.827877	2.477988
3090	-1242.238	-1453.593	211.3555	0.8792368	3.846711	1.827877	2.673396
3096	-1242.059	-1454.804	212.7453	1.150085	3.781318	1.827877	1.596916
3102	-1245.45	-1457.026	211.5761	1.232317	3.160379	3.417538	1.981127
3108	-1238.529	-1450.208	211.6788	1.200844	3.705023	3.126337	1.870584
3114	-1231.17	-1442.939	211.7689	1.171337	4.337788	2.516336	1.870584
3120	-1237.546	-1449.11	211.5637	0.9377134	3.650065	2.516336	2.312063
3126	-1226.715	-1438.675	211.9595	0.8953898	3.791206	1.791185	2.312063
3132	-1243.836	-1455.55	211.714	0.8213433	3.791206	1.301654	2.731776
3138	-1236.141	-1446.694	210.5532	0.8213433	4.108821	1.586327	3.234819
3144	-1233.024	-1445.044	212.0201	0.9300713	4.09428	1.274921	2.423985
3150	-1237.787	-1449.239	211.4524	0.7552598	5.783246	1.693227	2.392121
3156	-1238.503	-1449.922	211.4186	0.7632118	5.783246	1.693227	2.408412
3162	-1245.978	-1458.088	212.1096	1.013226	4.169332	1.693227	2.09748
3168	-1250.569	-1462.591	212.0226	0.9476186	4.530017	1.679345	2.129273
3174	-1245.06	-1457.211	212.1507	1.017557	5.598177	1.057803	2.129273
3180	-1241.42	-1453.181	211.7602	0.9188543	5.382311	1.496185	2.245102
3186	-1233.36	-1444.307	210.947	0.6438225	5.382311	1.253208	3.035622
3192	-1232.897	-1444.159	211.2619	0.6822698	5.023204	1.456343	2.783604
3198	-1229.778	-1441.449	211.6708	0.6578537	6.800162	1.456343	2.271442
3204	-1231.108	-1442.045	210.9369	0.5766395	4.258338	1.364841	3.221395
3210	-1232.173	-1444.006	211.8334	0.8459808	3.631794	1.31443	2.671987
3216	-1230.902	-1442.281	211.3789	0.7921284	4.273992	1.710057	2.671987
3222	-1239.356	-1451.055	211.6982	0.7441412	5.029074	1.006583	2.714702
3228	-1241.651	-1453.053	211.4013	0.7016936	5.029074	1.059435	2.889827
3234	-1243.218	-1455.011	211.793	0.8912028	4.580667	1.497234	2.385361
3240	-1230.713	-1442.594	211.8816	1.088393	6.111948	1.497234	1.933145
3246	-1228.809	-1441.709	212.8995	1.001702	5.383827	1.024525	1.691827
3252	-1235.825	-1447.943	212.1174	1.221406	5.383827	1.024525	2.075084
3258	-1238.692	-1451.91	213.2179	1.32494	4.985085	0.9910056	1.316598
3264	-1239.785	-1452.661	212.8754	1.319757	4.985085	1.540912	1.219872
3270	-1243.637	-1456.616	212.979	1.319757	3.619293	2.060273	1.219872
3276	-1241.021	-1453.69	212.669	1.130756	3.946338	2.060273	1.522526
3282	-1241.564	-1453.884	212.3201	1.229868	4.866675	2.054039	1.497349
3288	-1243.793	-1456.951	213.1588	1.32161	3.71627	1.951154	1.084706
3294	-1239.11	-1451.554	212.4443	1.337376	6.088465	1.951154	1.096337
3300	-1231.488	-1444.554	213.0669	1.382337	6.088465	1.172594	0.9949878
3306	-1234.909	-1446.686	211.7764	0.9115026	4.866236	1.43642	2.358675
3312	-1245.289	-1457.121	211.8314	1.07064	4.186891	2.107101	2.072258
3318	-1250.5	-1462.248	211.7474	0.9506751	4.784204	2.107101	2.085822
3324	-1258.659	-1470.376	211.7169	0.8913836	3.843551	1.80566	2.45072
3330	-1241.861	-1452.891	211.0299	0.887932	4.212372	1.056779	3.149035
3336	-1242.513	-1454.473	211.9605	0.818057	4.675451	1.202519	2.456394
3342	-1258.842	-1470.075	211.233	0.8733325	4.675451	1.378941	2.781929
3348	-1243.177	-1454.431	211.2548	0.6884038	4.834978	1.378941	2.852747
3354	-1243.451	-1453.906	210.4545	0.5973596	4.641023	1.378941	3.417132
3360	-1244.348	-1455.487	211.1388	0.6240364	4.49317	1.746906	2.864467
3366	-1230.32	-1441.518	211.1981	0.768438	4.281528	1.545707	2.864467
3372	-1224.702	-1436.109	211.407	0.6797233	4.281528	1.040655	3.04437
3378	-1232.265	-1444.139	211.8741	0.9719493	4.787029	1.181312	2.404966
3384	-1242.592	-1454.173	211.5813	0.9699262	5.291563	1.181312	2.50176
3390	-1243.69	-1455.772	212.0817	1.130993	5.767866	1.101013	2.045129
3396	-1243.886	-1456.357	212.471	1.02918	5.022766	1.111406	1.978143
3402	-1246.414	-1458.685	212.2709	1.020106	4.809467	1.093079	2.167245
3408	-1244.645	-1456.821	212.1761	1.046197	5.944768	1.093079	2.014712
3414	-1236.952	-1448.858	211.9057	0.9724287	5.944768	1.355073	2.09324
3420	-1242.859	-1455.079	212.2203	0.990917	5.443051	1.246847	2.015314
3426	-1239.777	-1452.587	212.8095	1.024331	5.238464	1.214473	1.642811
3432	-1238.661	-1451.243	212.5818	1.084967	5.314049	1.028108	1.865322
3438	-1242.432	-1455.476	213.0437	1.191075	4.721597	1.135104	1.507211
3444	-1234.262	-1447.05	212.7879	1.191075	6.297028	1.135104	1.389396
3450	-1236.334	-1448.175	211.8413	1.041853	4.681006	1.207373	2.386755
3456	-1228.839	-1441.248	212.409	1.051518	4.681006	1.21162	2.010441
3462	-1234.149	-1446.887	212.7387	1.276782	4.301376	1.336634	1.636037
3468	-1237.766	-1450.693	212.9264	1.424694	4.799172	1.30577	1.284178
3474	-1236.496	-1449.97	213.4741	1.388423	4.799172	1.013858	1.066614
3480	-1232.973	-1446.395	213.4219	1.221466	4.799172	0.8076625	1.435509
3486	-1242.708	-1455.718	213.0095	1.251319	4.179032	1.359429	1.470636
3492	-1255.133	-1468.096	212.963	1.065284	4.111532	1.359429	1.657833
3498	-1250.2	-1462.334	212.1342	1.148827	4.6713	0.9293412	2.303208
3504	-1253.258	-1466.349	213.0905	1.293812	4.718857	0.8168088	1.63718
3510	-1240.141	-1453.033	212.8915	1.04212	4.213782	0.9201506	1.9772
3516	-1246.271	-1459.153	212.8822	1.408854	4.18465	1.294494	1.485983
3522	-1241.865	-1454.044	212.1794	1.025714	5.508856	1.121462	2.081074
3528	-1254.72	-1467.254	212.5336	1.00224	5.508856	1.121462	1.859387
3534	-1250.141	-1462.508	212.3665	0.9583872	4.728984	1.657528	1.862693
3540	-1248.026	-1460.664	212.6379	1.202059	4.517396	1.714063	1.514328
3546	-1240.399	-1453.183	212.7839	1.230094	4.411488	1.714063	1.406715
3552	-1242.289	-1454.993	212.7046	1.230094	4.659352	1.594086	1.472368
3558	-1242.723	-1455.407	212.6838	1.210733	4.659352	1.530919	1.536091
3564	-1243.688	-1456.566	212.8782	1.25813	4.179117	1.20965	1.653429
3570	-1257.849	-1470.532	212.6828	1.200433	5.346098	1.149738	1.62763
3576	-1241.397	-1454.382	212.9853	1.053677	5.346098	0.9862889	1.62763
3582	-1239.656	-1452.358	212.7012	1.096623	5.08559	1.333206	1.62763
3588	-1238.887	-1451.262	212.3756	0.8031478	6.006517	1.333206	1.894247
3594	-1239.658	-1451.768	212.1106	0.8575331	6.241112	1.536875	1.894247
3600	-1226.162	-1438.798	212.6363	1.131655	6.241112	1.03812	1.625419
3606	-1236.231	-1448.882	212.6512	1.014547	4.616435	0.9863333	2.02662
3612	-1243.592	-1456.259	212.6674	1.023438	5.637297	0.7229756	2.020765
3618	-1240.538	-1452.62	212.082	0.8438834	5.967595	1.404978	2.03229
3624	-1235.013	-1446.692	211.6792	0.8061437	5.938458	1.404978	2.322876
3630	-1233.64	-1445.559	211.9193	0.7633568	4.640695	1.719566	2.276397
3636	-1241.033	-1452.716	211.6832	0.7864982	4.90002	1.961945	2.26706
3642	-1255.696	-1467.034	211.3371	0.7975911	3.525137	1.642668	2.879128
3648	-1246.601	-1457.856	211.2555	0.8585015	4.403852	1.273378	2.879128
3654	-1249.676	-1460.861	211.1854	0.7758233	4.175476	1.724289	2.813902
3660	-1246.403	-1457.578	211.1747	0.7391389	3.249884	2.267192	2.849903
3666	-1263.123	-1473.905	210.7812	0.8506557	3.44198	2.738602	2.834857
3672	-1256.186	-1467.36	211.1743	0.7648894	4.197021	2.026717	2.709014
3678	-1237.311	-1449.727	212.4163	0.8890694	4.197021	1.561797	2.030908
3684	-1238.18	-1449.886	211.7068	0.8113513	3.897008	1.718755	2.530775
3690	-1258.979	-1469.789	210.8108	0.5153393	4.360075	1.718755	3.162113
3696	-1245.03	-1455.861	210.8314	0.6670181	4.360075	1.622404	3.098375
3702	-1240.365	-1450.891	210.5259	0.8560385	3.898207	1.622404	3.257455
3708	-1233.68	-1445.684	212.0043	0.8246653	4.636542	1.067103	2.509199
3714	-1245.502	-1457.643	212.1413	0.8686304	4.061567	1.067103	2.509199
3720	-1257.194	-1469.16	211.966	0.9752832	3.317496	1.579751	2.458388
3726	-1260.043	-1471.892	211.8487	1.053871	3.142316	1.740058	2.458388
3732	-1254.826	-1468.227	213.4007	1.379952	4.335821	1.145065	1.155695
3738	-1255.249	-1468.14	212.8909	1.29476	4.537414	1.422283	1.404413
3744	-1252.178	-1465.018	212.8402	1.29476	5.117335	1.422283	1.311927
3750	-1242.586	-1455.585	212.9991	1.29476	4.426075	1.352547	1.389133
3756	-1242.697	-1455.057	212.3591	1.187638	5.689027	1.563502	1.567792
3762	-1232.924	-1445.197	212.2733	1.22145	6.215365	1.498511	1.54647
3768	-1226.989	-1439.397	212.4077	1.15384	5.686897	1.453975	1.615838
3774	-1232.457	-1445.207	212.7495	1.15384	5.686897	0.8052029	1.800246
3780	-1240.563	-1453.717	213.1538	1.259029	4.991286	0.9348819	1.461958
3786	-1247.497	-1459.862	212.3646	1.256968	5.443706	2.399313	1.163048
3792	-1245.13	-1457.561	212.4316	1.441411	5.48341	2.3146	0.9559638
3798	-1242.94	-1456.093	213.153	1.733976	5.142055	1.217355	0.7054621
3804	-1247.799	-1461.12	213.3203	1.733976	4.683804	1.175171	0.7054621
3810	-1241.285	-1454.36	213.0741	1.668682	4.683804	1.434045	0.8460678
3816	-1244.649	-1458.064	213.4151	1.688029	3.58839	1.434045	0.8460678
3822	-1247.858	-1461.065	213.2073	1.696532	4.375809	1.434045	0.7562519
3828	-1240.544	-1453.909	213.3653	1.512112	4.110552	1.128588	1.147482
3834	-1241.858	-1454.932	213.0737	1.512112	4.366774	1.519882	1.047882
3840	-1238.913	-1451.969	213.0564	1.345849	5.638007	1.059541	1.233358
3846	-1237.996	-1450.686	212.6906	1.267456	4.810226	1.519047	1.461735
3852	-1233.267	-1446.065	212.7977	1.225992	4.744826	1.519047	1.426064
3858	-1239.833	-1452.325	212.4917	1.140324	4.744826	1.630503	1.657759
3864	-1237.306	-1449.614	212.3079	1.033605	5.39068	1.244663	1.938574
3870	-1239.625	-1452.326	212.7009	1.033605	5.839913	1.244663	1.583689
3876	-1227.204	-1439.788	212.5845	1.022056	5.503636	1.253211	1.731045
3882	-1228.699	-1441.336	212.6376	1.03706	5.245881	1.253211	1.731045
3888	-1239.773	-1452.666	212.8927	1.113782	5.214978	1.115571	1.586259
3894	-1240.844	-1452.374	211.53	0.7523715	5.214978	1.297477	2.620221
3900	-1247.234	-1459.696	212.4616	1.086479	3.758174	1.130837	2.195758
3906	-1250.522	-1463.081	212.5587	0.9586575	3.758174	1.062175	2.256861
3912	-1244.828	-1456.648	211.8206	1.097796	3.729867	1.359746	2.479222
3918	-1229.184	-1441.666	212.482	1.138441	3.550275	1.509122	1.995507
3924	-1242.29	-1454.926	212.6358	1.208421	3.145858	1.81032	1.811543
3930	-1245.007	-1457.335	212.3273	1.220217	3.726409	1.725582	1.900501
3936	-1254.63	-1467.215	212.5854	1.256148	4.793286	0.9473447	1.900501
3942	-1246.451	-1458.964	212.5131	1.207999	4.20205	1.218145	1.931376
3948	-1252.6	-1465.205	212.6055	0.990575	5.024027	1.249326	1.83031
3954	-1251.775	-1463.59	211.8151	0.9045488	4.673755	1.660005	2.271881
3960	-1241.981	-1454.114	212.1334	0.7959007	6.115832	0.9882218	2.245886
3966	-1238.083	-1450.621	212.5384	1.069224	6.115832	0.9882218	1.794568
3972	-1241.604	-1453.96	212.3561	1.069791	5.473714	0.9882218	2.025876
3978	-1236.442	-1449.441	212.9994	1.146072	5.473714	0.8853999	1.602996
3984	-1247.533	-1460.364	212.8311	1.194166	5.473714	0.7534945	1.796778
3990	-1252.032	-1464.769	212.7369	1.188097	5.073717	0.842638	1.867036
3996	-1254.076	-1465.734	211.658	0.9284803	5.892018	0.9486636	2.522647
4002	-1238.058	-1449.375	211.3176	0.7092895	5.892018	0.9486636	2.866325
4008	-1240.33	-1451.61	211.2799	0.6345532	5.554828	1.244336	2.81784
4014	-1240.741	-1452.233	211.4921	0.8165386	4.034128	1.331297	2.804583
4020	-1242.704	-1454.347	211.643	0.77286	4.034128	1.331297	2.739204
4026	-1240.205	-1451.356	211.1514	0.797257	3.988644	1.458734	2.971654
4032	-1233.499	-1444.909	211.4104	0.8249981	4.358148	1.242912	2.829728
4038	-1231.188	-1441.747	210.5594	0.7435324	3.701018	1.666897	3.326871
4044	-1235.505	-1446.851	211.3462	0.923676	3.927641	2.217277	2.493677
4050	-1229.754	-1441.301	211.5474	0.8678772	3.927641	1.828243	2.544383
4056	-1238.882	-1450.373	211.4914	0.727078	4.013331	1.173503	2.944004
4062	-1240.003	-1450.534	210.5317	0.688833	4.074963	1.259371	3.479224
4068	-1242.841	-1454.101	211.2599	0.8774428	4.048825	1.680163	2.749842
4074	-1239.54	-1451.604	212.0638	0.6795907	4.595181	1.156086	2.519031
4080	-1236.01	-1447.278	211.2682	0.8235026	3.458777	1.886576	2.824512
4086	-1236.483	-1448.607	212.1236	0.825522	3.458777	1.886576	2.291163
4092	-1228.884	-1441.629	212.7449	0.9799306	3.458777	1.263786	2.076156
4098	-1229.785	-1441.599	211.8143	0.9972792	4.429205	1.561236	2.304449
4104	-1223.054	-1435.338	212.2841	1.016102	4.429205	1.561236	1.985656
4110	-1231.447	-1442.46	211.0135	0.7687812	6.68917	1.066121	2.831504
4116	-1237.195	-1448.692	211.4974	0.8086124	5.824104	1.066121	2.634512
4122	-1248.357	-1460.111	211.7537	0.9465005	5.745815	1.066121	2.400656
4128	-1247.508	-1458.701	211.1929	0.6645516	6.005069	1.121033	2.850393
4134	-1253.447	-1464.643	211.1964	0.7753849	6.005069	1.001552	2.850393
4140	-1241.484	-1453.18	211.6954	0.9164493	4.378795	1.143535	2.648706
4146	-1248.741	-1460.833	212.0918	0.7882407	3.79129	1.054466	2.654561
4152	-1245.136	-1457.711	212.5751	1.092778	4.70538	0.6532932	2.261925
4158	-1247.567	-1460.229	212.6625	1.156395	4.29683	0.9162316	2.038646
4164	-1256.727	-1469.01	212.2828	1.160693	9.216674	0.9162316	1.523766
4170	-1251.513	-1463.84	212.3266	1.000834	9.926292	0.9162316	1.523766
4176	-1233.357	-1445.894	212.5369	1.000834	6.937937	0.7870754	1.866887
4182	-1246.131	-1457.774	211.6433	0.8371765	4.71716	0.7870754	2.89123
4188	-1239.014	-1449.997	210.9828	0.8371765	5.141999	1.378854	2.875162
4194	-1240.364	-1451.595	211.2307	0.770842	5.129907	1.659376	2.64148
4200	-1246.356	-1456.842	210.4861	0.7580486	5.250374	1.659376	3.080685
4206	-1236.932	-1448.778	211.8463	0.8805819	5.770289	1.17071	2.318849
4212	-1245.564	-1456.375	210.8114	0.644461	5.191654	1.17071	3.188941
4218	-1247.704	-1458.294	210.5901	0.641434	4.732245	1.042944	3.467021
4224	-1244.793	-1456.332	211.5387	0.7991865	4.732245	1.326138	2.655542
4230	-1267.706	-1479.55	211.8435	0.7928103	4.567637	1.015078	2.672654
4236	-1251.128	-1463.246	212.117	0.9784027	4.66771	1.216967	2.248655
4242	-1244.025	-1456.339	212.3144	0.8120624	5.60017	0.9685251	2.213572
4248	-1251.12	-1462.099	210.9794	0.7405554	5.784831	1.198057	2.924483
4254	-1242.071	-1453.745	211.6743	0.8120877	4.880143	1.832904	2.310479
4260	-1243.405	-1454.802	211.3965	0.8530737	4.339643	1.268785	2.811398
4266	-1239.565	-1450.661	211.0961	0.8406765	3.596836	1.042015	3.271628
4272	-1244.823	-1455.89	211.0671	0.6980723	3.596836	1.442676	3.170825
4278	-1243.266	-1453.619	210.3524	0.6980723	3.596836	1.442676	3.590262
4284	-1242.061	-1453.44	211.379	0.7601782	3.368464	1.425094	3.007002
4290	-1245.952	-1458.247	212.2947	0.8957247	5.373531	0.8690639	2.2785
4296	-1242.116	-1453.726	211.6097	0.8903189	6.320249	0.7834284	2.627459
4302	-1248.559	-1460.232	211.6729	1.107307	5.052123	0.7458265	2.680787
4308	-1245.287	-1457.113	211.8259	0.9085702	5.052123	1.301025	2.363532
4314	-1227.079	-1438.844	211.7651	0.9366916	5.405691	1.500757	2.224342
4320	-1225.022	-1436.212	211.1902	0.9361415	3.934268	1.500757	2.85675
4326	-1225.938	-1437.442	211.5044	0.780073	4.04217	2.009782	2.533186
4332	-1229.739	-1441.027	211.2871	0.6607571	4.04217	2.009782	2.740872
4338	-1228.893	-1439.248	210.355	0.7718293	4.04217	1.884553	3.278468
4344	-1249.856	-1459.78	209.9245	0.7183793	4.073276	2.454343	3.371938
4350	-1247.382	-1458.968	211.5863	0.9242836	4.090472	2.454343	2.228076
4356	-1237.821	-1450.352	212.5302	0.9242836	3.980769	1.397361	2.06037
4362	-1237.924	-1449.385	211.4614	0.7777516	3.980769	1.397361	2.826006
4368	-1234.514	-1446.198	211.6836	0.8033096	4.38698	1.611341	2.495565
4374	-1233.686	-1444.989	211.3027	0.7463267	4.38698	1.856168	2.667358
4380	-1243.457	-1454.209	210.7514	0.6858001	3.607718	1.436136	3.364972
4386	-1253.462	-1463.984	210.5219	0.5959376	4.794751	1.559575	3.272431
4392	-1259.679	-1470.672	210.993	0.8532046	3.852136	2.052812	2.8271
4398	-1247.618	-1458.696	211.0777	0.7745402	5.116503	1.293858	2.901165
4404	-1247.286	-1458.791	211.505	0.8988619	3.407757	1.293858	2.901165
4410	-1259.616	-1470.695	211.079	0.808148	3.712328	0.9120293	3.35416
4416	-1249.803	-1460.434	210.6311	0.6483842	3.922776	1.981378	3.177516
4422	-1260.731	-1472.012	211.2811	0.766279	4.278673	1.768807	2.723331
4428	-1254.285	-1465.515	211.2299	0.8291772	4.855982	1.498274	2.723331
4434	-1246.013	-1457.23	211.217	0.6870329	4.832326	1.724027	2.726276
4440	-1236.225	-1447.241	211.0163	0.7030956	4.652946	1.03391	3.198948
4446	-1241.014	-1451.25	210.2365	0.634419	4.652946	1.156343	3.629041
4452	-1242.459	-1452.99	210.5313	0.6176384	4.785228	1.705444	3.196343
4458	-1238.592	-1448.12	209.5286	0.4547485	4.232271	1.562242	4.028541
4464	-1240.049	-1451.436	211.3873	0.733908	5.279223	1.255563	2.730118
4470	-1248.704	-1460.806	212.1024	0.9476818	4.394521	1.371686	2.24936
4476	-1254.05	-1465.081	211.0307	0.8603686	3.469462	1.479314	3.107822
4482	-1240.303	-1450.17	209.8666	0.7196251	3.469462	1.810701	3.739183
4488	-1239.473	-1450.118	210.646	0.7672913	3.47859	1.267072	3.48591
4494	-1240.953	-1452.478	211.5245	0.8843289	3.422118	1.75274	2.691004
4500	-1244.337	-1455.86	211.5229	0.8859775	3.422118	1.75274	2.691004
4506	-1267.004	-1478.767	211.7629	1.057649	3.685932	1.55287	2.459386
4512	-1262.155	-1473.952	211.7967	1.053006	3.043536	1.885532	2.459386
4518	-1266.214	-1477.947	211.7328	0.8362867	3.043536	1.885532	2.634032
4524	-1241.988	-1452.576	210.5881	0.8405473	4.601955	1.849514	3.006588
4530	-1238.968	-1449.863	210.8945	0.9229727	6.06156	1.057207	2.902628
4536	-1249.917	-1461.086	211.1687	0.7477577	4.983842	1.553602	2.763784
4542	-1242.02	-1453.594	211.5738	0.873932	4.10965	1.354416	2.692998
4548	-1246.143	-1457.735	211.5918	0.8751298	3.492904	1.354416	2.813691
4554	-1234.396	-1445.907	211.5109	0.792755	3.879022	1.704644	2.673165
4560	-1229.941	-1441.507	211.566	0.8544439	4.644364	1.278413	2.644737
4566	-1245.537	-1458.052	212.515	0.8359436	4.301947	1.150695	2.193795
4572	-1242.879	-1454.056	211.177	0.8647653	4.301947	1.150695	3.00586
4578	-1236.599	-1448.658	212.0586	0.8898223	5.358205	0.9814007	2.359378
4584	-1234.892	-1447.025	212.1327	1.049303	3.646489	1.139803	2.449418
4590	-1235.761	-1447.349	211.5877	1.098451	3.368154	1.859746	2.489905
4596	-1232.374	-1444.546	212.1714	1.227483	3.368154	2.401905	1.82687
4602	-1243.273	-1456.102	212.8294	1.400539	3.368154	2.1135	1.329294
4608	-1246.631	-1459.291	212.6599	1.28481	3.904478	2.67621	1.16449
4614	-1247.563	-1459.649	212.0861	1.356012	3.904478	2.67621	1.562875
4620	-1253.307	-1465.761	212.4539	1.351063	3.904478	2.67621	1.282693
4626	-1242.557	-1454.693	212.1357	1.4665	3.608822	3.03567	1.401098
4632	-1247.203	-1459.432	212.229	1.47514	3.51165	3.305094	1.260447
4638	-1233.664	-1446.742	213.0777	1.472654	3.812766	1.625601	1.178645
4644	-1237.478	-1450.684	213.2061	1.761545	3.812766	1.625601	0.7315114
4650	-1235.882	-1449.406	213.5237	1.707297	3.691798	1.329479	0.7315114
4656	-1227.192	-1440.191	212.9993	2.091968	4.26386	1.329479	0.3898298
4662	-1231.65	-1444.573	212.9224	2.013765	5.657162	1.05596	0.3898298
4668	-1234.184	-1447.966	213.7822	2.013765	4.462887	0.6234787	0.4792143
4674	-1235.164	-1449.349	214.1854	2.013765	3.172351	0.6234787	0.6791589
4680	-1231.717	-1444.644	212.9275	2.013765	3.861356	1.756574	0.4551436
4686	-1249.329	-1462.515	213.1859	1.934305	3.376318	1.756574	0.4638707
4692	-1245.871	-1459.096	213.2248	2.090866	4.52375	1.015409	0.4638707
4698	-1241.165	-1454.411	213.246	2.084928	5.118784	0.8372386	0.45485
4704	-1243.251	-1456.519	213.2682	2.047739	4.585515	0.9952832	0.4575084
4710	-1238.342	-1451.735	213.3925	2.047739	4.405125	0.9248865	0.4419158
4716	-1242.305	-1456.01	213.7049	1.855679	5.20901	0.6130525	0.6458173
4722	-1242.51	-1456.315	213.8056	1.650712	3.635171	0.7193404	1.168798
4728	-1234.706	-1448.442	213.7359	1.616391	4.745625	0.7193404	0.9209061
4734	-1234.326	-1447.589	213.2636	1.63816	4.646411	1.291089	0.8018336
4740	-1228.398	-1442.092	213.6942	1.561749	3.414412	1.341144	0.8273592
4746	-1231.118	-1444.567	213.4497	1.567409	3.828934	1.341144	0.9290527
4752	-1229.488	-1442.933	213.4456	1.554713	3.877138	1.341144	0.9290527
4758	-1231.326	-1444	212.6741	1.579742	3.877138	2.374061	1.024105
4764	-1231.615	-1444.801	213.1859	1.505765	4.274623	1.449481	1.024105
4770	-1234.353	-1447.81	213.4564	1.492292	3.361148	1.449481	1.08449
4776	-1248.358	-1461.802	213.4447	1.455637	3.105296	1.557595	1.149197
4782	-1242.202	-1455.31	213.1084	1.485076	4.38238	1.557595	1.009263
4788	-1243.627	-1456.802	213.1746	1.470426	4.04239	1.557595	1.065429
4794	-1240.296	-1452.925	212.6295	1.23168	4.694453	1.566107	1.534416
4800	-1251.634	-1464.293	212.6588	1.153814	3.255939	1.600714	1.898213
4806	-1249.489	-1461.765	212.2752	1.085257	4.735701	1.463929	1.930852
4812	-1249.616	-1459.601	209.9849	0.5859177	3.533999	1.976727	3.675301
4818	-1265.224	-1474.448	209.2242	0.5184334	3.533999	1.454858	4.346805
4824	-1244.266	-1455.606	211.3402	0.9926148	6.046828	2.119523	2.102646
4830	-1245.377	-1456.855	211.478	0.8744734	6.490828	2.119523	2.021468
4836	-1228.964	-1441.411	212.4469	1.061691	4.156616	1.45148	1.957925
4842	-1228.028	-1439.546	211.5183	1.090232	4.944629	1.45148	2.387552
4848	-1237.84	-1449.964	212.1248	1.030084	4.862298	1.45148	2.049847
4854	-1240.667	-1452.906	212.2391	1.030084	3.910153	1.141243	2.334692
4860	-1240.176	-1451.876	211.7002	0.8858565	4.460305	1.452992	2.490868
4866	-1244.49	-1456.093	211.6036	0.8736265	4.013764	1.452992	2.647586
4872	-1241.063	-1452.213	211.1499	0.9237074	5.0956	1.452992	2.693689
4878	-1238.424	-1449.587	211.1629	0.7913641	3.962059	1.452992	2.97631
4884	-1243.399	-1454.593	211.1944	0.8124807	3.809403	1.452992	2.97631
4890	-1247.61	-1459.116	211.5065	0.8304947	3.826007	1.462223	2.768732
4896	-1255.157	-1466.216	211.0592	0.642528	3.826007	1.748021	3.032053
4902	-1245.128	-1456.035	210.907	0.764879	4.436151	1.501363	3.032053
4908	-1248.123	-1459.716	211.5927	0.8786296	3.722309	1.501363	2.691125
4914	-1245.677	-1456.544	210.8677	0.8551545	4.273357	1.037407	3.264041
4920	-1235.7	-1447.172	211.4717	0.7157976	4.321174	1.037407	2.978335
4926	-1235.386	-1446.464	211.0783	0.7593246	4.796079	1.037407	3.101665
4932	-1241.815	-1454.557	212.7417	1.099105	5.782619	0.8296054	1.807341
4938	-1243.859	-1455.999	212.1399	1.034778	5.650416	0.8300401	2.270877
4944	-1245.128	-1456.684	211.5554	0.7743611	6.431541	0.9960805	2.572993
4950	-1234.802	-1447.783	212.9809	1.241147	5.850398	1.223994	1.2149
4956	-1237.112	-1450.257	213.1453	1.121722	5.713617	0.834871	1.509937
4962	-1241.522	-1454.133	212.6116	1.121722	5.713617	1.071381	1.718461
4968	-1246.261	-1458.316	212.0543	0.9628859	4.522453	1.936387	1.991847
4974	-1234.554	-1446.625	212.0708	0.9817409	4.522453	1.936387	1.968196
4980	-1230.991	-1443.856	212.865	1.074202	4.522453	1.250588	1.692034
4986	-1221.862	-1434.631	212.7693	1.169342	4.524395	1.250588	1.692034
4992	-1221.604	-1434.676	213.0723	1.308669	5.557502	1.286533	1.09312
4998	-1221.753	-1434.18	212.4279	1.166786	4.545235	1.921937	1.591951
5004	-1226.238	-1438.44	212.2013	1.117105	5.214434	2.223877	1.527294
5010	-1231.588	-1443.642	212.0543	1.043977	3.191628	1.877208	2.2663
5016	-1225.864	-1437.884	212.0201	1.08143	4.18848	1.573752	2.161037
5022	-1220.843	-1433.06	212.2171	0.8912553	4.262144	1.530968	2.161037
5028	-1224.142	-1436.771	212.6293	0.9612016	4.262144	1.393877	1.909455
5034	-1232.412	-1444.694	212.2824	1.039651	4.764004	1.776043	1.803687
5040	-1254.91	-1467.682	212.7715	1.166982	4.43371	1.776043	1.428465
5046	-1243.307	-1455.823	212.5155	1.159365	4.43371	1.262068	1.887744
5052	-1226.932	-1439.366	212.4347	0.9371511	4.116223	1.727424	1.928264
5058	-1226.687	-1438.267	211.58	0.8725452	4.677513	1.727424	2.412364
5064	-1226.835	-1438.513	211.6773	0.8842686	4.891002	1.486402	2.410373
5070	-1223.396	-1435.045	211.649	0.8185546	4.891002	1.486402	2.469552
5076	-1230.604	-1442.3	211.6953	0.8101595	4.697652	1.1198	2.667867
5082	-1220.804	-1432.776	211.972	0.778609	4.697652	1.1198	2.516021
5088	-1231.388	-1442.815	211.4275	0.7735493	4.407306	1.00587	2.972611
5094	-1229.543	-1441.368	211.8244	0.9339187	4.344075	0.958118	2.67538
5100	-1224.87	-1435.561	210.6915	0.9676701	3.666032	1.571203	3.162927
5106	-1226.17	-1438.696	212.5259	0.9930382	3.876896	1.38158	2.049323
5112	-1238.715	-1450.572	211.8575	1.061632	3.90935	1.528725	2.35859
5118	-1248.666	-1461.52	212.8543	1.154421	3.453185	1.528725	1.745512
5124	-1244.035	-1457.103	213.068	1.158484	3.749352	0.9427436	1.869353
5130	-1249.516	-1462.61	213.094	1.26369	3.749352	0.9427436	1.77892
5136	-1253.291	-1466.519	213.2277	1.462821	4.928746	0.976242	1.220114
5142	-1252.174	-1464.894	212.7199	1.148223	5.641426	1.224625	1.534476
5148	-1255.221	-1468.297	213.0768	1.268358	5.641426	1.14829	1.211193
5154	-1242.999	-1455.42	212.4208	1.06408	4.796275	1.041317	2.075136
5160	-1243.567	-1456.033	212.4665	1.252642	3.106927	1.496508	2.051287
5166	-1256.227	-1468.148	211.9216	1.087124	5.606441	1.496508	1.991017
5172	-1237.229	-1449.535	212.3065	1.087124	5.606441	1.496508	1.7276
5178	-1233.736	-1446.804	213.0688	1.26184	4.883594	0.5321709	1.908755
5184	-1240.99	-1453.728	212.7376	1.259426	4.883594	0.6229517	2.041247
5190	-1244.493	-1455.217	210.7235	1.026317	4.36208	0.9260816	3.298201
5196	-1237.073	-1448.938	211.865	0.9849652	3.962368	0.9260816	2.716226
5202	-1239.299	-1450.504	211.2047	0.8056103	4.451408	0.9452097	3.115537
5208	-1241.458	-1452.697	211.2394	0.7457942	4.915531	1.416458	2.795555
5214	-1245.818	-1457.22	211.4014	0.8305012	4.915531	1.096248	2.809938
5220	-1244.311	-1456.528	212.2165	0.8950032	4.525907	1.524829	2.108194
5226	-1245.533	-1457.535	212.0017	1.028238	5.560152	0.8362822	2.373241
5232	-1253.818	-1464.904	211.0868	0.9830743	3.938344	2.077001	2.663743
5238	-1256.208	-1468.37	212.1623	1.042058	3.938344	1.708761	2.087657
5244	-1252.109	-1463.532	211.4231	0.7900875	5.151077	1.66827	2.502785
5250	-1245.85	-1456.773	210.9229	0.9620782	5.151077	2.212025	2.502785
5256	-1238.332	-1450.478	212.1461	0.8924339	3.679299	1.191934	2.502785
5262	-1234.987	-1446.629	211.6423	0.9228978	3.679299	1.446742	2.667906
5268	-1246.189	-1457.611	211.422	0.6820839	3.679299	1.820791	2.792377
5274	-1240.522	-1451.932	211.4091	0.8509658	5.446792	1.634694	2.438169
5280	-1227.653	-1439.303	211.6501	0.981512	4.026746	1.704459	2.438169
5286	-1238.608	-1451.17	212.5621	0.981512	5.370413	0.8964753	2.029387
5292	-1231.969	-1443.804	211.8351	0.981512	5.370413	1.372262	2.219192
5298	-1247.189	-1459.577	212.3885	0.981512	4.691236	1.372262	1.980461
5304	-1247.544	-1459.914	212.3693	1.120307	5.343011	1.21603	1.863246
5310	-1239.958	-1452.542	212.5847	1.156664	5.664356	1.374089	1.533182
5316	-1235.065	-1447.81	212.7448	1.490618	5.229045	1.462354	1.177104
5322	-1250.892	-1462.658	211.7662	0.9872549	4.035246	1.862123	2.294932
5328	-1258.038	-1469.234	211.1961	0.9634623	4.532273	1.862123	2.569084
5334	-1239.832	-1451.547	211.7151	0.8626833	4.680003	1.060955	2.66056
5340	-1245.869	-1457.865	211.9962	0.9557758	3.907574	0.9765121	2.632835
5346	-1241.122	-1453.46	212.3379	1.045807	3.727203	1.664443	2.037498
5352	-1246.942	-1459.693	212.7504	1.170871	2.956067	1.692291	1.866039
5358	-1258.374	-1471.217	212.8426	1.125137	3.184167	1.692291	1.768333
5364	-1243.425	-1456.88	213.4549	1.188546	4.503783	0.9939986	1.346479
5370	-1234.104	-1447.44	213.3356	1.250099	3.40735	0.9939986	1.670197
5376	-1231.365	-1444.578	213.213	1.295319	5.147322	0.9179212	1.368546
5382	-1235.797	-1448.809	213.0122	1.370383	5.147322	0.7958441	1.567933
5388	-1236.01	-1448.595	212.5848	1.370383	4.114673	0.5762241	2.266226
5394	-1241.792	-1455.287	213.4949	1.468724	3.416922	1.111164	1.296302
5400	-1240.521	-1453.88	213.3581	1.545752	3.416922	1.303836	1.206701
5406	-1232.906	-1445.982	213.0757	1.512572	4.759689	1.513941	0.9294171
5412	-1221.566	-1434.622	213.0561	1.369563	4.759689	1.460298	1.126863
5418	-1238.5	-1451.359	212.8592	1.369563	4.928816	1.460298	1.254686
5424	-1258.25	-1470.586	212.3364	0.9119301	4.11191	0.9630722	2.413722
5430	-1255.72	-1469.239	213.5185	1.342948	3.975752	0.8617208	1.418338
5436	-1241.787	-1455.101	213.3136	1.325679	3.481517	0.8617208	1.71161
5442	-1247.387	-1460.429	213.0425	1.447609	4.952309	1.154149	1.240157
5448	-1238.925	-1451.942	213.0164	1.525896	5.365859	1.154149	1.095507
5454	-1246.268	-1459.594	213.3259	1.58691	4.921343	1.154149	0.8360845
5460	-1245.864	-1458.642	212.7784	1.595783	4.597321	2.088687	0.8039121
5466	-1245.231	-1458.454	213.2228	1.584507	4.977717	1.284759	0.8068058
5472	-1239.133	-1452.372	213.2389	1.570047	4.904739	1.284759	0.8311498
5478	-1244.74	-1457.393	212.653	1.477114	6.276912	1.284759	1.161888
5484	-1262.072	-1474.767	212.6947	1.370892	6.276912	1.591601	1.004991
5490	-1252.24	-1464.988	212.7483	1.454803	5.449823	1.47656	1.144649
5496	-1238.226	-1451.159	212.9331	1.222001	5.247721	1.504532	1.214906
5502	-1225.871	-1438.84	212.9695	1.183209	4.928923	1.504532	1.290269
5508	-1229.773	-1442.489	212.7159	1.198592	4.717289	1.40785	1.576477
5514	-1234.969	-1447.801	212.8317	1.198592	6.11192	1.001511	1.481017
5520	-1239.516	-1452.3	212.7838	1.198592	4.886797	1.640474	1.359446
5526	-1239.77	-1451.279	211.5093	1.007048	3.852955	1.640474	2.574139
5532	-1235.343	-1446.57	211.2278	0.7277456	3.852955	1.884211	2.821368
5538	-1235.43	-1446.815	211.385	0.8598153	3.852955	0.9502675	3.089238
5544	-1236.781	-1447.551	210.7692	0.6689291	4.61565	1.263391	3.249432
5550	-1238.99	-1449.814	210.8238	0.5193016	4.957843	0.9161083	3.439166
5556	-1226.143	-1437.596	211.4536	0.547427	5.209744	0.9161083	3.008478
5562	-1221.317	-1432.672	211.3549	0.7181176	4.760092	1.479593	2.740217
5568	-1216.962	-1428.236	211.2738	0.763141	4.158844	1.479593	2.874959
5574	-1224.187	-1435.335	211.1475	0.7085191	4.158844	1.479593	2.984056
5580	-1229.836	-1441.555	211.7191	0.846805	4.158844	1.479593	2.550618
5586	-1225.509	-1437.105	211.5964	0.7993945	4.645944	0.9073574	2.872774
5592	-1239.006	-1449.85	210.8441	0.6943022	4.964125	0.9073574	3.329052
5598	-1241.654	-1453.09	211.4362	0.8239613	4.534771	0.9073574	2.974738
5604	-1237.524	-1448.652	211.1278	0.6354766	4.534771	1.45839	2.978218
5610	-1232.484	-1444.203	211.7191	0.7642273	4.534771	1.45839	2.53828
5616	-1232.109	-1443.164	211.0543	0.7642273	3.881619	1.90479	2.89072
5622	-1232.258	-1444.193	211.9351	1.023763	3.571164	1.483396	2.430465
5628	-1229.555	-1440.848	211.293	0.8899076	3.571164	1.200149	3.044715
5634	-1222.733	-1434.198	211.4654	0.7867352	3.228065	1.46945	2.952207
5640	-1229.019	-1440.159	211.1401	0.7775881	3.875971	1.46945	3.008536
5646	-1240.539	-1452.544	212.0046	0.7166286	5.701331	0.7605136	2.600096
5652	-1234.481	-1446.095	211.6141	0.8959512	6.128958	0.8677461	2.588745
5658	-1236.23	-1446.963	210.7334	0.5513773	4.565726	1.359011	3.302786
5664	-1242.491	-1454.786	212.2954	0.9346646	4.565726	1.215368	2.18231
5670	-1248.622	-1460.94	212.3187	1.073291	4.993668	1.215368	1.993919
5676	-1242.389	-1454.801	212.4115	1.001292	4.779051	1.215368	2.020926
5682	-1229.827	-1440.836	211.0091	0.8361832	4.529442	1.385774	2.963303
5688	-1217.177	-1428.193	211.0164	0.7927643	3.724378	1.385774	3.14321
5694	-1230.065	-1441.733	211.6673	0.7863205	4.061585	1.488146	2.636134
5700	-1229.564	-1441.847	212.2823	0.9652591	4.061585	1.579808	2.09
5706	-1232.873	-1445.648	212.7752	1.200007	4.139812	1.64178	1.538579
5712	-1258.431	-1471.311	212.8808	1.182134	4.056536	1.379257	1.634834
5718	-1237.013	-1449.832	212.8193	1.217103	3.747607	1.327003	1.758348
5724	-1238.023	-1450.863	212.8407	1.082255	4.955538	1.333073	1.563062
5730	-1226.802	-1439.201	212.3987	0.9463987	5.195087	1.595563	1.787531
5736	-1244.48	-1457.549	213.0691	1.001944	5.195087	0.862969	1.726879
5742	-1252.672	-1465.898	213.226	1.135399	4.250726	0.9079392	1.683521
5748	-1267.63	-1480.812	213.1814	1.388479	4.753327	1.023692	1.322115
5754	-1260.908	-1473.503	212.5946	1.303554	5.038481	1.510231	1.462806
5760	-1261.171	-1474.056	212.8852	1.334634	5.038481	1.389324	1.28139
5766	-1252.061	-1465.044	212.9826	1.290949	4.213324	1.389324	1.434554
5772	-1248.566	-1461.188	212.6212	1.283522	5.396893	1.352841	1.475165
5778	-1253.318	-1465.994	212.6752	1.299272	4.083858	1.288455	1.74309
5784	-1242.88	-1452.547	209.6668	0.8797635	3.393012	1.637676	3.844521
5790	-1252.563	-1464.813	212.2498	1.262739	4.083858	1.288455	2.056764
5796	-1253.69	-1465.437	211.7478	1.284501	3.583749	1.847645	2.223244
5802	-1245.19	-1457.138	211.9473	1.247347	5.604078	1.81082	1.717147
5808	-1240.675	-1453.118	212.4428	1.247347	5.410652	1.609604	1.490441
5814	-1234.673	-1447.742	213.0693	1.293508	4.066293	1.84277	1.142219
5820	-1247.904	-1460.847	212.9432	1.374863	3.623654	1.84277	1.310239
5826	-1250.784	-1463.322	212.5379	1.374863	3.497944	1.441715	1.844943
5832	-1236.577	-1448.735	212.1584	1.149856	3.940795	2.366312	1.758235
5838	-1231.067	-1443.458	212.391	1.183009	4.575603	0.9690034	2.106817
5844	-1238.44	-1451.168	212.7281	1.235881	5.094485	0.9690034	1.741878
5850	-1238.459	-1449.981	211.5228	0.9080914	3.768815	2.013677	2.498992
5856	-1243.264	-1453.944	210.6795	0.9068739	3.768815	1.94412	3.039747
5862	-1260.292	-1471.305	211.0131	0.7527858	3.483978	1.94412	2.994441
5868	-1269.608	-1479.792	210.1847	0.7120902	3.483978	1.94412	3.508165
5874	-1277.283	-1488.648	211.3652	0.8771305	4.718423	2.337026	2.312916
5880	-1265.336	-1475.486	210.1501	0.6615179	4.084974	1.790918	3.489547
5886	-1262.025	-1472.725	210.7	0.6276355	4.887842	1.108271	3.348026
5892	-1255.894	-1466.242	210.3474	0.709066	5.204481	1.108271	3.455303
5898	-1262.689	-1473.112	210.4229	0.6009242	4.802236	1.108271	3.540149
5904	-1266.494	-1476.331	209.8367	0.9577382	4.46999	1.108271	3.730636
5910	-1251.982	-1463.312	211.3299	0.8650997	3.791072	1.695893	2.762087
5916	-1241.702	-1453.233	211.5318	0.7111778	4.328847	1.858005	2.557998
5922	-1239.83	-1451.149	211.319	0.8429336	3.518542	1.858005	2.778868
5928	-1239.984	-1452.528	212.544	1.130552	3.776375	1.858005	1.742336
5934	-1239.601	-1451.669	212.0677	1.005216	3.636186	1.858005	2.180422
5940	-1248.473	-1460.604	212.1302	0.9093598	4.327113	1.422665	2.244265
5946	-1248.395	-1460.873	212.4785	1.135865	3.914612	1.465697	1.934037
5952	-1237.5	-1449.534	212.0338	1.038254	4.552896	1.11961	2.340984
5958	-1227.583	-1440.411	212.8279	1.043729	4.552896	1.16327	1.786209
5964	-1226.399	-1438.753	212.354	0.9856505	4.233041	1.16327	2.208068
5970	-1236.116	-1448.234	212.118	1.049103	4.237488	1.377292	2.203107
5976	-1233.416	-1444.715	211.2992	0.853696	4.58732	1.34317	2.786866
5982	-1243.363	-1454.203	210.8392	0.7747382	3.929511	1.34317	3.236474
5988	-1233.757	-1445.361	211.6038	0.8179413	3.725969	1.34317	2.794718
5994	-1234.184	-1444.475	210.2913	0.7331685	4.89233	1.695546	3.255616
6000	-1238.27	-1448.866	210.5957	0.842033	4.135717	1.695546	3.147731
6006	-1232.559	-1443.522	210.9629	0.6543443	4.135717	1.801021	2.99945
6012	-1236.046	-1447.933	211.8869	0.7734949	4.135717	1.01594	2.740683
6018	-1251.057	-1462.057	210.9999	0.7507802	5.78617	2.111994	2.51771
6024	-1233.435	-1445.198	211.7626	0.8982083	4.117777	2.111994	2.242171
6030	-1231.406	-1442.973	211.5663	0.9989461	4.417137	2.111994	2.242171
6036	-1235.153	-1447.109	211.9559	0.8314062	4.402589	1.276924	2.463165
6042	-1235.961	-1447.477	211.5156	0.9299032	4.402589	1.814262	2.434065
6048	-1255.49	-1467.361	211.871	0.9128159	4.402589	1.443699	2.38216
6054	-1237.087	-1448.785	211.6982	0.9134917	4.077192	1.101059	2.732361
6060	-1235.256	-1447.228	211.9718	0.6917425	4.676724	0.931535	2.688275
6066	-1246.157	-1457.72	211.5625	0.6519153	4.676724	1.435642	2.68883
6072	-1241.339	-1451.981	210.6424	0.5471277	4.369905	1.435642	3.359305
6078	-1243.079	-1454.053	210.974	0.6590048	4.369905	1.340174	3.141224
6084	-1246.875	-1457.489	210.6133	0.5437525	4.654817	1.340174	3.371054
6090	-1240.478	-1452.258	211.7795	0.784978	4.82923	1.340174	2.490356
6096	-1248.372	-1460.146	211.7735	0.7910468	4.82923	1.340174	2.490356
6102	-1253.127	-1464.689	211.562	0.8241013	7.323237	1.12989	2.336473
6108	-1246.243	-1458.35	212.1068	0.8241013	5.324042	1.036401	2.341575
6114	-1251.086	-1462.454	211.3682	0.7078657	5.828741	1.030294	2.795939
6120	-1235.908	-1447.511	211.6028	0.7794753	7.046991	1.030294	2.434674
6126	-1227.262	-1439.25	211.9884	0.8262453	6.725161	1.030294	2.203206
6132	-1223.245	-1434.742	211.4968	0.838861	5.72604	1.643798	2.341231
6138	-1222.015	-1433.546	211.5304	1.005131	4.264142	1.586778	2.500131
6144	-1234.173	-1445.697	211.5238	0.8728456	5.639024	1.195247	2.534058
6150	-1241.485	-1452.896	211.4102	0.8736386	5.999062	1.2642	2.512017
6156	-1246.68	-1459.056	212.376	0.8608844	5.232144	1.072259	2.138284
6162	-1255.266	-1465.698	210.4317	0.8274681	4.195227	1.233621	3.446325
6168	-1257.316	-1469.095	211.7791	0.8856398	4.597276	0.8984069	2.723808
6174	-1242.421	-1453.903	211.4823	0.7851121	5.038107	1.225117	2.696735
6180	-1237.818	-1448.782	210.9645	0.5960138	4.193999	1.225117	3.273812
6186	-1233.767	-1444.966	211.1981	0.7211718	4.846711	1.225117	2.941319
6192	-1244.294	-1456.695	212.4017	0.8389443	5.7078	1.225117	1.962663
6198	-1237.757	-1449.713	211.956	0.8716604	4.602348	1.225117	2.42692
6204	-1238.046	-1449.852	211.8064	0.9297047	5.321657	1.712558	2.120613
6210	-1248.026	-1460.719	212.6924	1.321899	5.754804	1.241801	1.390494
6216	-1237.339	-1450.625	213.2856	1.311178	5.285696	0.8037472	1.369924
6222	-1244.467	-1457.597	213.1302	1.311178	5.498827	0.8037472	1.446867
6228	-1258.375	-1471.579	213.2044	1.311178	5.683491	0.8037472	1.352382
6234	-1240.372	-1453.178	212.8064	1.202991	4.645755	1.018133	1.765566
6240	-1240.801	-1452.991	212.19	1.169017	4.292838	1.801977	1.86546
6246	-1241.289	-1454.174	212.8851	1.181486	3.186631	1.801977	1.647187
6252	-1255.214	-1468.814	213.6007	1.384901	3.186631	1.044264	1.401129
6258	-1244.534	-1458.202	213.6685	1.328855	3.403082	1.044264	1.324397
6264	-1256.721	-1469.396	212.6753	1.083141	3.669824	0.970082	2.180428
6270	-1255.174	-1467.913	212.7387	1.102004	2.973827	1.459458	2.026049
6276	-1266.147	-1478.488	212.3418	1.102004	3.499945	1.915756	1.945395
6282	-1261.95	-1475.141	213.1909	1.310496	5.67289	1.112175	1.09523
6288	-1234.29	-1447.458	213.1682	1.273779	5.67289	0.8300799	1.388389
6294	-1236.261	-1447.869	211.6086	1.163649	6.41928	1.68282	1.930279
6300	-1228.147	-1440.87	212.723	1.288534	4.54763	1.289336	1.611543
6306	-1237.681	-1450.452	212.7708	1.240714	4.54763	1.289336	1.611543
6312	-1233.166	-1445.137	211.9705	0.9902944	5.3518	1.424116	2.102463
6318	-1236.148	-1447.476	211.328	0.879098	5.3518	1.386841	2.599907
6324	-1232.96	-1443.962	211.002	0.8847289	5.093574	1.386841	2.839013
6330	-1226.301	-1437.774	211.4732	0.8847289	4.61254	1.142162	2.761368
6336	-1240.577	-1451.523	210.9459	0.6343723	5.419642	1.404066	2.963029
6342	-1237.492	-1448.832	211.3397	0.8701039	3.522651	1.404066	2.939034
6348	-1232.143	-1443.285	211.1421	1.060961	3.491244	1.843167	2.76564
6354	-1238.225	-1449.616	211.3909	1.043445	4.084585	1.843167	2.493723
6360	-1237.187	-1448.866	211.679	0.9868884	3.446696	1.843167	2.490162
6366	-1218.928	-1430.181	211.2526	0.9868884	3.805358	1.373074	2.873906
6372	-1229.097	-1441.314	212.2173	1.074661	3.805358	1.373074	2.218238
6378	-1234.995	-1447.083	212.0884	1.0445	3.805358	1.746527	2.148304
6384	-1225.558	-1436.979	211.4215	1.044166	3.782316	1.746527	2.576923
6390	-1237.586	-1449.751	212.1649	1.159906	4.336075	1.232099	2.15746
6396	-1231.708	-1443.853	212.1451	1.127631	3.601101	1.232099	2.351294
6402	-1238.599	-1451.004	212.4055	1.18761	4.433538	1.266317	1.940703
6408	-1225.324	-1437.22	211.8964	1.188119	4.433538	1.266317	2.274323
6414	-1228.017	-1440.555	212.5382	1.236336	3.363464	1.841921	1.786023
6420	-1229.89	-1442.405	212.5147	1.228823	3.88226	1.889232	1.653604
6426	-1232.095	-1444.354	212.259	1.310481	3.342479	1.520406	2.076189
6432	-1236.524	-1449.083	212.5586	1.303203	4.010388	1.224012	1.875338
6438	-1240.98	-1454.408	213.4287	1.100979	4.010388	0.7951408	1.710313
6444	-1240.887	-1453.505	212.6185	1.195943	4.010388	0.7951408	2.192001
6450	-1236.309	-1448.619	212.3093	0.9953318	5.007936	0.9038499	2.244586
6456	-1250.935	-1463.185	212.2496	1.111742	5.104374	1.059815	2.087392
6462	-1233.367	-1444.817	211.4491	0.8981918	4.818564	1.059815	2.777562
6468	-1232.812	-1444.583	211.7716	0.8982743	4.818564	1.059815	2.579274
6474	-1230.402	-1442.507	212.1046	1.008042	4.359306	0.9569306	2.453061
6480	-1245.361	-1457.011	211.65	1.026487	4.103018	0.9569306	2.773835
6486	-1241.456	-1453	211.5435	0.8666447	4.265666	1.118043	2.808304
6492	-1250.25	-1461.181	210.9304	0.8307314	4.881948	1.118043	3.087039
6498	-1234.439	-1445.11	210.6704	0.7304009	4.947429	1.480897	3.112621
6504	-1243.417	-1455.319	211.9019	0.802978	5.109066	1.109817	2.477011
6510	-1238.625	-1450.19	211.5652	0.9305083	4.862658	1.102696	2.654064
6516	-1235.369	-1447.032	211.6628	1.002005	5.263294	1.102696	2.47994
6522	-1238.254	-1450.01	211.756	0.8627981	5.263294	1.167634	2.471815
6528	-1246.215	-1457.899	211.6837	0.9054261	5.556424	1.027396	2.523961
6534	-1256.393	-1468.277	211.8835	0.9480719	4.058381	1.027396	2.644315
6540	-1248.456	-1460.315	211.8588	0.9601665	3.902565	1.095659	2.644315
6546	-1248.572	-1460.209	211.6363	0.9766847	4.208997	1.497978	2.502699
6552	-1246.498	-1458.972	212.4731	1.076058	3.822468	1.00563	2.25734
6558	-1239.906	-1451.961	212.0554	0.9589404	5.371669	1.073627	2.25734
6564	-1228.159	-1439.983	211.8248	0.9494554	5.479514	1.695065	2.075945
6570	-1238.028	-1450.15	212.1223	1.067696	4.536697	1.605417	2.016401
6576	-1239.966	-1451.63	211.6642	0.8768719	5.247806	1.149434	2.533156
6582	-1241.77	-1452.507	210.7374	0.7721119	4.927481	1.264032	3.152907
6588	-1250.186	-1461.806	211.62	0.8192969	4.591833	1.264032	2.650213
6594	-1243.895	-1456.183	212.288	0.9332677	3.909904	1.443185	2.205537
6600	-1239.63	-1451.802	212.172	0.9332677	4.253222	1.341286	2.258056
6606	-1239.317	-1451.408	212.0914	0.8269718	4.253222	1.341286	2.377251
6612	-1237.524	-1448.017	210.4932	0.7395105	4.171414	2.242309	3.06862
6618	-1232.758	-1444.066	211.3077	0.7353804	3.294045	1.701575	2.963862
6624	-1243.502	-1454.074	210.572	0.8065178	4.161304	1.840144	3.122364
6630	-1250.502	-1462.765	212.2631	0.9931985	3.974952	2.161077	1.861615
6636	-1248.062	-1460.646	212.5835	1.311342	3.2245	2.161077	1.606644
6642	-1236.683	-1449.656	212.9721	1.353936	4.366588	1.301447	1.410636
6648	-1240.508	-1453.388	212.8801	1.310933	4.366588	1.301447	1.513187
6654	-1250.749	-1463.387	212.6382	0.9770623	4.62193	1.426182	1.799288
6660	-1236.927	-1448.702	211.7752	0.8682272	4.036047	1.280858	2.624243
6666	-1241.26	-1453.391	212.1314	0.8682272	4.036047	1.596569	2.249003
6672	-1243.475	-1456.411	212.9355	1.283282	4.197751	0.9526103	1.762765
6678	-1236.193	-1448.471	212.2781	1.100313	4.668875	1.231721	2.055839
6684	-1233.564	-1446.65	213.0869	1.204312	4.063067	0.9488195	1.745781
6690	-1238.87	-1450.898	212.0289	1.10754	5.639742	0.9488195	2.213758
6696	-1226.606	-1438.255	211.6498	1.034319	5.828718	1.30428	2.264189
6702	-1227.553	-1439.98	212.4267	1.034319	4.79562	1.475265	1.84485
6708	-1229.206	-1441.27	212.0646	0.9161288	6.060196	1.475265	1.945136
6714	-1242.047	-1453.934	211.8865	0.8052777	5.989839	1.475265	2.147557
6720	-1246.883	-1458.675	211.7926	0.8589286	7.2646	0.888824	2.32799
6726	-1241.763	-1453.368	211.6042	0.9542782	7.2646	1.26681	2.156456
6732	-1245.053	-1456.832	211.7785	0.9901704	8.050096	1.26681	1.914338
6738	-1252.817	-1465.664	212.8477	1.026122	5.32054	1.26681	1.565514
6744	-1245.179	-1457.327	212.1481	1.097863	5.32054	1.900344	1.693768
6750	-1255.244	-1467.191	211.9463	0.9593363	4.451653	1.826121	2.124718
6756	-1241.433	-1452.075	210.6421	0.6678301	4.440169	2.089305	3.021851
6762	-1251.211	-1461.735	210.524	0.6058023	4.440169	1.566171	3.325236
6768	-1240.934	-1451.479	210.5449	0.596673	4.402138	1.566171	3.325236
6774	-1249.856	-1461.253	211.3967	0.6132848	4.869107	1.515192	2.743449
6780	-1246.936	-1458.335	211.3988	0.7113929	4.869107	1.515192	2.682057
6786	-1233.542	-1444.079	210.5369	0.7060229	4.094809	1.209554	3.48707
6792	-1245.571	-1457.101	211.5298	0.6323679	4.170282	1.209554	2.927667
6798	-1251.893	-1463.792	211.8986	0.777691	3.854842	1.034222	2.77778
6804	-1246.508	-1457.572	211.0641	0.7858913	5.221493	1.034222	3.024885
6810	-1242.122	-1452.91	210.7879	0.7858913	5.221493	1.22513	3.085781
6816	-1247.484	-1458.327	210.8428	0.8985418	4.67648	1.43344	2.977165
6822	-1226.961	-1439.326	212.3651	0.8475746	5.858918	1.486668	1.814654
6828	-1233.004	-1445.391	212.3864	0.9231094	7.664202	0.9663822	1.784935
6834	-1228.386	-1440.666	212.2802	0.8120168	4.838506	1.140753	2.261873
6840	-1221.845	-1434.27	212.4257	1.069873	5.105254	1.140753	1.947895
6846	-1224.163	-1436.045	211.8818	0.8210705	5.793274	1.140753	2.347552
6852	-1207.763	-1418.962	211.1986	0.6760965	4.476546	1.584924	2.866256
6858	-1227.478	-1438.39	210.9123	0.7153786	4.476546	1.166919	3.211489
6864	-1238.98	-1450.071	211.0916	0.5178808	4.553144	1.511438	3.043526
6870	-1229.583	-1441.088	211.505	0.8226726	3.952691	1.415468	2.769416
6876	-1235.386	-1447.146	211.7592	0.8534257	3.952691	1.23042	2.686719
6882	-1234.92	-1446.134	211.214	0.810628	3.952691	1.23042	3.042939
6888	-1242.166	-1454.213	212.0469	0.9547053	3.226197	1.126692	2.66847
6894	-1231.851	-1443.645	211.7937	0.8469045	4.124054	1.399935	2.548813
6900	-1230.252	-1440.406	210.154	0.7756883	4.835586	1.399935	3.445654
6906	-1235.213	-1446.916	211.7025	0.9387265	4.835586	1.137926	2.548801
6912	-1239.193	-1450.606	211.4123	0.8815476	5.325215	0.9487812	2.792011
6918	-1239.367	-1450.402	211.0353	0.7480663	4.913583	2.132207	2.634292
6924	-1248.048	-1459.404	211.3554	0.6672348	3.371943	1.984737	2.850739
6930	-1248.036	-1460.14	212.1043	1.204237	3.830972	1.520932	2.129114
6936	-1237.476	-1449.388	211.9128	0.9387817	3.830972	2.349868	2.098119
6942	-1233.791	-1445.058	211.2675	0.8737233	3.850725	2.239356	2.582854
6948	-1235.436	-1447.245	211.8086	0.753345	2.85794	1.2584	2.959872
6954	-1229.065	-1440.087	211.0219	0.7222717	4.922274	1.374761	2.959872
6960	-1225.943	-1436.825	210.8819	0.7246927	4.922274	1.558767	2.959872
6966	-1233.789	-1443.737	209.9479	0.6013106	4.922274	1.95264	3.434588
6972	-1229.853	-1441.37	211.5166	0.7645103	4.922274	2.024324	2.359888
6978	-1235.818	-1446.244	210.426	0.7053904	5.009579	2.024324	3.050827
6984	-1225.909	-1437.646	211.7368	0.7609469	5.009579	1.271822	2.534899
6990	-1228.21	-1439.648	211.4383	0.707825	6.001719	1.383256	2.537459
6996	-1221.068	-1432.335	211.2676	0.8111738	5.706066	1.128073	2.756583
7002	-1225.539	-1435.852	210.313	0.5139242	6.033323	1.899947	3.118496
7008	-1227.615	-1438.177	210.5616	0.6029691	4.756226	1.899947	3.118496
7014	-1227.01	-1438.902	211.8923	0.70613	5.280114	0.9816407	2.591625
7020	-1219.716	-1431.044	211.3284	0.9493501	4.223421	1.770722	2.591625
7026	-1226.46	-1437.523	211.0625	0.8828383	4.198685	1.571568	2.882213
7032	-1228.394	-1438.795	210.4013	0.622356	4.979271	1.433465	3.351491
7038	-1238.774	-1449.62	210.8462	0.521295	4.414704	1.928272	3.048533
7044	-1238.838	-1449.899	211.0606	0.6231959	4.063432	1.613432	3.048533
7050	-1236.794	-1447.412	210.6179	0.7272018	3.710392	1.613432	3.321668
7056	-1261.052	-1471.386	210.3334	0.6845205	3.398991	1.613432	3.580477
7062	-1260.01	-1471.095	211.0841	0.904111	3.756646	1.660135	2.909614
7068	-1247.611	-1458.957	211.3455	0.7494465	3.506172	1.696877	2.885348
7074	-1254.533	-1465.539	211.0065	0.5851606	5.243799	1.556111	2.916347
7080	-1258.732	-1470.526	211.7941	0.9571791	3.109821	1.968715	2.472325
7086	-1259.056	-1470.797	211.7405	1.010763	3.109821	1.968715	2.472325
7092	-1253.806	-1465.859	212.0528	0.7966704	4.948743	1.556111	2.183485
7098	-1247.677	-1458.864	211.1869	0.6661006	4.179817	1.556111	2.948282
7104	-1239.69	-1450.48	210.7891	0.785982	4.179817	1.151819	3.305899
7110	-1232.537	-1443.58	211.0433	0.8085269	5.983914	1.151819	2.839973
7116	-1235.499	-1447.258	211.759	0.8170796	5.632742	1.151819	2.446892
7122	-1221.168	-1432.969	211.8003	0.9034791	3.361556	1.151819	2.804154
7128	-1244.433	-1455.762	211.3295	0.7723135	3.361556	1.987391	2.804154
7134	-1235.013	-1446.483	211.4696	0.6484933	4.503384	1.383441	2.804154
7140	-1222.466	-1433.415	210.9491	0.6397427	4.010246	1.383441	3.21633
7146	-1225.529	-1436.882	211.3526	0.8338752	4.113242	1.300087	2.878188
7152	-1226.254	-1437.774	211.5203	0.71337	4.813558	1.195859	2.771916
7158	-1226.999	-1438.87	211.8712	0.6748702	5.293499	1.195859	2.496699
7164	-1223.71	-1435.715	212.0042	0.720098	5.646979	1.195859	2.326131
7170	-1215.719	-1427.483	211.7644	0.8429344	5.213684	1.195859	2.471769
7176	-1228.023	-1439.425	211.4017	0.7878178	4.25605	1.195859	2.901628
7182	-1233.26	-1444.861	211.6007	0.7030903	4.518218	1.195859	2.782661
7188	-1227.487	-1439.127	211.6403	0.7921881	4.685095	1.195859	2.673169
7194	-1233.337	-1444.988	211.6504	0.7804704	4.322948	1.007228	2.849031
7200	-1236.621	-1448.191	211.5694	0.8255734	4.322948	1.075214	2.83076
7206	-1246.721	-1459.236	212.5152	1.011305	5.310013	0.9160251	2.037403
7212	-1239.098	-1451.288	212.1902	1.011305	4.144144	1.230204	2.277934
7218	-1234.248	-1445.398	211.15	0.8089154	3.640963	1.230204	3.147587
7224	-1237.288	-1448.602	211.3139	0.7114458	4.336195	1.122366	3.024627
7230	-1237.245	-1449.4	212.155	0.9490198	3.38498	0.7726183	2.794512
7236	-1241.046	-1452.51	211.4641	0.9017084	3.810314	1.274341	2.84474
7242	-1233.368	-1444.796	211.4281	0.6999922	4.540238	1.274341	2.84474
7248	-1225.396	-1437.795	212.3991	0.9965682	4.252412	1.274341	2.105271
7254	-1231.674	-1443.344	211.6707	0.783966	4.951728	1.569538	2.428991
7260	-1245.062	-1456.748	211.6853	0.8327742	4.188859	1.366231	2.627998
7266	-1235.542	-1447.531	211.9894	0.8255678	3.350793	1.366231	2.627998
7272	-1236.991	-1448.404	211.4129	0.8019149	3.879389	1.497389	2.815968
7278	-1235.778	-1447.03	211.2519	0.8026648	3.879389	1.406307	2.954379
7284	-1239.715	-1451	211.2841	0.8913535	3.829233	1.221268	2.982715
7290	-1238.359	-1449.729	211.3695	0.7790741	4.116716	1.370183	2.866386
7296	-1230.323	-1441.8	211.4772	0.6526242	4.116716	1.370183	2.877704
7302	-1242.866	-1454.214	211.3478	0.5883663	6.511162	1.370183	2.600412
7308	-1247.04	-1458.011	210.9712	0.5377897	6.511162	1.005617	3.055504
7314	-1249.954	-1461.744	211.7902	0.9619419	5.482739	0.6849295	2.674865
7320	-1236.796	-1447.81	211.0136	0.7605157	6.097427	1.207992	2.840498
7326	-1233.536	-1444.799	211.263	0.7745036	5.55289	0.7884117	3.018603
7332	-1241.315	-1453.661	212.3463	1.059609	5.55289	0.6466962	2.286221
7338	-1226.824	-1439	212.1762	0.919077	5.930631	0.7564035	2.333006
7344	-1249.289	-1460.936	211.6473	0.8309468	5.214028	1.566216	2.369732
7350	-1243.567	-1455.133	211.5659	0.8489135	5.03838	1.288454	2.572884
7356	-1236.69	-1447.56	210.8695	0.8489135	5.03838	1.153702	3.066851
7362	-1230.521	-1441.22	210.6995	0.7676828	3.362564	1.211487	3.507905
7368	-1231.296	-1442.176	210.8799	0.6631756	3.362564	1.126176	3.507905
7374	-1246.708	-1457.958	211.2505	0.7169328	4.418442	1.478142	2.867725
7380	-1242.255	-1453.25	210.9949	0.8187251	3.371537	1.617664	3.117142
7386	-1241.814	-1453.005	211.1906	0.7651321	4.622255	1.617664	2.776303
7392	-1245.247	-1455.904	210.6566	0.7312536	4.740801	1.941463	2.972549
7398	-1244.205	-1455.658	211.4529	0.7675644	3.938564	1.798678	2.674108
7404	-1240.864	-1452.358	211.4941	0.8381341	4.771399	1.282181	2.674108
7410	-1234.681	-1445.67	210.9888	0.6146257	5.009255	1.282181	3.07424
7416	-1241.238	-1451.185	209.9474	0.6284594	3.943682	1.282181	3.866904
7422	-1245.496	-1456.577	211.0807	0.6978928	3.943682	1.282181	3.165475
7428	-1249.657	-1461.051	211.3944	0.6090952	3.943682	1.709415	2.841062
7434	-1233.665	-1445.022	211.3573	0.8156283	3.854101	1.867387	2.694688
7440	-1232.045	-1444.146	212.101	0.9289029	4.495573	1.131063	2.37217
7446	-1233.097	-1445.001	211.9037	0.9351098	4.495573	1.575933	2.267267
7452	-1238.139	-1449.938	211.7985	0.8784578	4.083947	2.011374	2.275983
7458	-1261.526	-1473.313	211.7867	0.6896128	4.083947	2.079268	2.378863
7464	-1252.736	-1463.991	211.2545	0.7795042	4.289054	2.014731	2.636799
7470	-1243.784	-1455.288	211.5035	0.7888494	4.123563	1.381978	2.771994
7476	-1236.807	-1448.17	211.3628	0.7639166	5.599322	1.381978	2.612079
7482	-1239.421	-1450.811	211.3904	0.7505472	4.571155	1.381978	2.778399
7488	-1234.289	-1446.466	212.1769	0.8622212	4.795805	1.381978	2.173267
7494	-1243.234	-1454.664	211.4302	0.774061	5.037987	1.381978	2.65663
7500	-1229.256	-1440.458	211.2018	0.8038606	5.037987	1.066439	2.943028
7506	-1235.372	-1445.976	210.6045	0.6571026	4.408191	1.299408	3.373091
7512	-1244.701	-1455.536	210.8347	0.7306054	4.567132	1.741886	2.972071
7518	-1247.13	-1459.215	212.0852	0.6308703	4.567132	1.540967	2.347618
7524	-1233.931	-1445.908	211.9768	0.7158147	5.686913	1.30782	2.279587
7530	-1243.37	-1454.831	211.4619	0.8332349	3.614174	1.30782	2.913266
7536	-1241.405	-1452.3	210.895	0.9245444	3.427858	2.120973	2.913266
7542	-1233.18	-1444.084	210.9039	0.5359902	3.452284	2.120973	3.135123
7548	-1230.676	-1440.801	210.1249	0.4356695	4.333244	1.706541	3.620904
7554	-1241.132	-1451.917	210.7842	0.6520851	4.333244	1.747827	3.090237
7560	-1250.56	-1461.25	210.689	0.77196	3.672367	1.24312	3.428017
7566	-1246.718	-1457.303	210.5858	0.6540784	3.489369	1.24312	3.596213
7572	-1247.92	-1458.918	210.9978	0.7152411	3.662501	1.24312	3.282005
7578	-1238.969	-1450.901	211.9314	0.9769121	4.684938	1.021797	2.477996
7584	-1243.714	-1455.972	212.2584	1.104646	5.106623	1.021797	2.110063
7590	-1233.183	-1445.007	211.824	0.8344159	5.350077	1.640823	2.197704
7596	-1234.91	-1447.214	212.3042	0.9015257	5.350077	1.151397	2.090167
7602	-1232.171	-1443.859	211.6879	0.8135571	4.847808	1.151397	2.625718
7608	-1239.466	-1451.334	211.8681	0.8135571	5.223317	1.169524	2.438023
7614	-1250.913	-1462.611	211.6982	0.8815441	5.196605	1.169524	2.50643
7620	-1256.859	-1468.784	211.9248	1.128502	4.080503	1.679536	2.167927
7626	-1254.989	-1466.887	211.8984	1.120764	4.080503	1.73093	2.167927
7632	-1245.117	-1456.186	211.0692	0.9370919	3.975899	1.73093	2.824075
7638	-1252.269	-1463.838	211.5684	0.9966715	4.174273	1.89819	2.371492
7644	-1244.635	-1456.902	212.267	1.045983	4.243273	1.062349	2.283067
7650	-1251.333	-1463.723	212.3901	1.311325	3.966111	1.840094	1.684924
7656	-1248.313	-1459.673	211.3599	0.8554057	4.925934	2.119503	2.36652
7662	-1259.146	-1471.397	212.2509	0.9655921	4.925934	1.129733	2.171943
7668	-1261.906	-1473.745	211.8387	1.07564	4.925934	1.129733	2.365777
7674	-1256.452	-1467.802	211.3499	0.9040685	3.838288	1.129733	2.982345
7680	-1260.385	-1472.366	211.9807	1.086347	4.026394	1.360802	2.320066
7686	-1249.705	-1461.409	211.7039	0.9469295	3.762332	1.475046	2.583595
7692	-1269.011	-1479.842	210.831	0.9108628	2.93494	1.409859	3.35483
7698	-1243.504	-1453.632	210.1284	0.7562306	3.732606	1.650411	3.571487
7704	-1234.347	-1446.231	211.8839	0.9310617	3.854258	1.458782	2.468805
7710	-1237.816	-1449.576	211.7601	0.9942984	3.787765	1.573798	2.468805
7716	-1241.866	-1452.925	211.0589	0.7717935	3.666556	1.573798	3.059522
7722	-1246.378	-1457.89	211.5127	0.9846311	2.95409	1.197928	3.00462
7728	-1240.25	-1450.096	209.8457	0.6952523	2.95409	1.417754	4.041196
7734	-1242.177	-1452.76	210.5826	0.5390689	3.870337	1.417754	3.503159
7740	-1220.743	-1432.161	211.4174	0.7950607	3.302913	2.069047	2.721663
7746	-1228.477	-1440.589	212.1117	0.9539041	3.302913	1.307564	2.513291
7752	-1231.447	-1443.873	212.4256	1.000489	4.586034	1.051557	2.147872
7758	-1236.171	-1448.86	212.6894	1.33069	4.267331	1.051557	1.816486
7764	-1237.395	-1450.077	212.6817	1.179174	4.267331	1.61502	1.605695
7770	-1243.229	-1455.925	212.6963	1.028589	3.886783	1.61502	1.791566
7776	-1252.273	-1464.177	211.9038	0.9645966	4.707543	1.832854	2.095785
7782	-1246.807	-1460.143	213.3363	1.450196	3.753561	1.5095	1.058419
7788	-1235.088	-1447.877	212.7897	1.463339	4.493226	1.713102	1.192212
7794	-1234.43	-1447.441	213.0102	1.365784	3.568566	1.678221	1.365357
7800	-1230.306	-1443.586	213.2799	1.271115	3.595307	1.034776	1.615488
7806	-1237.206	-1450.26	213.0545	1.28365	3.012666	1.501306	1.651255
7812	-1239.976	-1453.272	213.2961	1.327893	3.9707	1.501306	1.143914
7818	-1231.542	-1444.439	212.8976	1.405946	3.982249	1.871929	1.202611
7824	-1237.03	-1449.708	212.6786	1.432625	5.668889	1.871929	0.9188469
7830	-1246.678	-1459.873	213.195	1.432625	4.263268	1.730858	0.8873994
7836	-1237.071	-1450.486	213.4147	1.432625	3.157364	1.730858	1.070082
7842	-1245.813	-1458.592	212.7789	1.518594	3.36963	2.328149	1.175961
7848	-1233.08	-1446.139	213.059	1.518594	3.809166	1.878897	1.001979
7854	-1242.117	-1453.119	211.0022	0.7919772	3.550805	1.834583	3.002773
7860	-1231.014	-1443.669	212.6551	1.114533	3.839115	1.559683	1.798924
7866	-1242.777	-1454.838	212.0609	1.082753	3.503019	2.432641	1.954917
7872	-1237.967	-1448.4	210.4334	0.6631591	4.474122	1.137077	3.53948
7878	-1245.107	-1454.425	209.3186	0.5296332	4.474122	1.137077	4.255798
7884	-1243.869	-1455.423	211.5539	0.833255	4.474122	0.9919677	2.856195
7890	-1238.761	-1450.44	211.679	0.874613	3.924397	0.9919677	2.86325
7896	-1247.068	-1458.773	211.7055	0.8299903	3.924397	1.372562	2.668409
7902	-1253.262	-1465.178	211.9163	0.9727213	4.253077	1.372562	2.380162
7908	-1255.525	-1467.452	211.9267	0.83516	5.177265	1.196854	2.380162
7914	-1236.134	-1447.009	210.875	0.6688167	5.011293	1.278019	3.111509
7920	-1230.298	-1441.582	211.2849	0.7467925	5.198752	1.234329	2.808964
7926	-1235.442	-1446.786	211.3438	0.7894849	3.980393	1.234329	2.970182
7932	-1236.185	-1447.794	211.6089	0.8289842	5.99372	1.432329	2.331235
7938	-1238.794	-1450.337	211.5427	0.8474042	4.638179	1.283761	2.661861
7944	-1237.596	-1449.019	211.4224	0.9334578	4.638179	0.7300369	3.022407
7950	-1248.203	-1460.175	211.9726	0.9057081	5.632481	1.126106	2.26991
7956	-1229.672	-1441.525	211.8528	0.9399389	4.633223	1.404413	2.350965
7962	-1239.62	-1451.551	211.9302	0.8392694	3.668477	1.404413	2.564022
7968	-1248.916	-1459.832	210.916	0.861245	4.656752	1.404413	2.972486
7974	-1234.231	-1444.775	210.5435	0.7477243	4.57453	1.600269	3.191445
7980	-1224.72	-1436.771	212.0509	0.8800595	4.253529	1.159412	2.466135
7986	-1228.057	-1440.086	212.0296	0.9123334	4.823167	1.159412	2.349918
7992	-1223.222	-1435.361	212.1395	0.9542029	4.186151	1.208359	2.349918
7998	-1227.17	-1438.814	211.6442	0.9148891	3.845983	1.868064	2.456511
8004	-1231.812	-1443.998	212.1858	0.8855303	3.845983	1.540766	2.269963
8010	-1223.136	-1434.219	211.0832	0.8671314	3.765504	1.749709	2.894663
8016	-1229.231	-1440.427	211.1959	0.6684528	4.533061	1.509799	2.894663
8022	-1228.318	-1439.106	210.7877	0.6175551	4.040048	1.425594	3.299644
8028	-1218.38	-1428.948	210.5685	0.7430414	4.377243	1.425594	3.290631
8034	-1227.093	-1438.267	211.1746	0.8451945	4.346877	1.425594	2.87353
8040	-1231.846	-1443.125	211.2788	0.6784663	3.717421	1.862801	2.857269
8046	-1234.684	-1444.683	209.9988	0.7207768	3.717421	1.862801	3.590294
8052	-1233.195	-1444.582	211.3874	0.7580288	3.717421	1.375255	2.948483
8058	-1238.354	-1449.761	211.4068	0.7916304	4.199812	1.119363	2.948483
8064	-1230.129	-1441.265	211.1358	0.7279927	4.199812	1.668262	2.890882
8070	-1243.011	-1454.473	211.4618	0.8598696	3.751495	1.092521	2.98065
8076	-1245.126	-1456.054	210.9282	0.7635123	3.751495	1.427385	3.188196
8082	-1244.531	-1456.086	211.5551	0.7809603	4.17484	1.427385	2.71359
8088	-1242.826	-1454.292	211.4659	0.8549377	3.771473	1.813841	2.642065
8094	-1235.966	-1447.087	211.121	0.895299	3.771473	0.9814837	3.222926
8100	-1238.887	-1449.783	210.8964	0.6818607	5.784281	1.202652	3.007373
8106	-1236.946	-1448.119	211.1733	0.7085806	5.395995	0.984693	3.007373
8112	-1243.597	-1454.618	211.0203	0.7716994	5.745939	0.984693	3.007373
8118	-1244.282	-1454.868	210.5858	0.7585981	5.238609	1.700855	3.005938
8124	-1236.912	-1448.196	211.2841	0.7585981	4.229045	1.774158	2.733803
8130	-1243.675	-1455.209	211.5334	0.9189403	4.229045	1.774158	2.480343
8136	-1226.418	-1438.805	212.3869	1.11224	5.465584	1.248843	1.815284
8142	-1241.133	-1453.68	212.5476	1.094205	4.522063	1.248843	1.899353
8148	-1242.071	-1454.58	212.5086	0.9596479	3.994477	1.595151	1.951134
8154	-1235.133	-1447.454	212.3211	1.147138	3.994477	1.595151	1.951134
8160	-1237.327	-1449.788	212.4614	1.09181	3.994477	1.578238	1.90173
8166	-1233.567	-1445.99	212.4227	1.063143	4.101454	1.587268	1.918914
8172	-1230.811	-1442.597	211.7863	0.9285624	4.281909	1.69369	2.337325
8178	-1230.844	-1443.262	212.4174	0.8706266	4.673931	1.346078	2.052155
8184	-1219.729	-1431.571	211.8425	0.8568462	4.673931	1.346078	2.431267
8190	-1230.617	-1442.645	212.0283	0.8568462	4.601448	1.436392	2.282452
8196	-1228.161	-1440.417	212.2561	0.8229079	5.371772	0.9904266	2.268017
8202	-1229.925	-1442.042	212.1174	0.7860779	5.371772	1.438248	2.129489
8208	-1247.841	-1460.424	212.583	0.9004776	5.371772	1.438248	1.737905
8214	-1235.788	-1447.582	211.7943	0.9004776	4.762901	1.756563	2.229871
8220	-1230.869	-1442.186	211.3166	0.7326817	5.877318	1.779296	2.441748
8226	-1237.985	-1449.431	211.4456	0.7729807	6.355303	1.379648	2.441748
8232	-1243.923	-1455.702	211.7787	0.677518	6.355303	1.120738	2.430127
8238	-1236.519	-1448.111	211.5928	0.8398828	4.848245	1.232017	2.624434
8244	-1252.143	-1463.926	211.783	0.8751031	3.67073	1.632964	2.529249
8250	-1259.579	-1469.513	209.9338	0.5886309	4.568556	1.704797	3.601598
8256	-1233.975	-1445.502	211.5268	0.6257228	3.680111	1.508039	2.891617
8262	-1238.245	-1449.66	211.4158	0.8627463	4.235511	1.508039	2.69988
8268	-1231.074	-1442.991	211.9167	0.8150173	5.520211	1.288834	2.291769
8274	-1237.634	-1448.998	211.3639	0.8211083	5.520211	1.050472	2.765087
8280	-1237.38	-1449.471	212.0912	0.8663139	5.200169	0.8751783	2.451351
8286	-1242.967	-1454.468	211.5012	0.9970634	5.757105	2.008376	2.082333
8292	-1236.842	-1449.651	212.8089	0.96536	3.916058	1.310294	1.907542
8298	-1238.449	-1449.767	211.3187	0.96536	3.916058	1.718971	2.671553
8304	-1225.855	-1437.234	211.3794	0.8434866	3.698318	1.718971	2.755848
8310	-1233.339	-1444.109	210.7702	0.7609473	3.698318	1.718971	3.172029
8316	-1231.289	-1442.225	210.9359	0.7338958	3.142268	1.718971	3.21605
8322	-1236.132	-1446.944	210.8125	0.8600974	4.037723	1.291972	3.204725
8328	-1227.545	-1438.962	211.417	0.7386106	3.844348	1.365748	2.91987
8334	-1215.655	-1426.278	210.6228	0.7081982	5.207555	1.365748	3.163667
8340	-1230.719	-1442.306	211.5871	0.5239903	4.985349	1.365748	2.730721
8346	-1223.41	-1433.985	210.5751	0.5276389	5.019628	1.365748	3.329174
8352	-1240.686	-1451.252	210.5667	0.5596028	4.275275	1.63565	3.329174
8358	-1226.205	-1437.346	211.1417	0.8180301	4.539109	1.712708	2.749839
8364	-1243.197	-1455.147	211.9495	0.7970505	4.539109	1.712708	2.257877
8370	-1226.799	-1438.287	211.4879	0.8351161	4.667913	1.712708	2.501551
8376	-1225.301	-1437.322	212.0218	0.9281742	4.127274	1.629383	2.246838
8382	-1234.601	-1444.804	210.2022	0.7884153	4.127274	1.629383	3.439394
8388	-1238.175	-1447.757	209.582	0.8484368	4.127274	1.406749	3.858028
8394	-1233.167	-1443.706	210.5396	0.8741377	4.632339	1.062065	3.366837
8400	-1229.039	-1440.754	211.7151	0.832158	4.292597	1.580494	2.48989
8406	-1231.239	-1442.657	211.4184	0.7013937	4.292597	1.384545	2.842527
8412	-1252.46	-1463.979	211.5195	0.655422	3.720066	1.268568	2.982134
8418	-1247.194	-1457.877	210.683	0.5566253	2.965867	1.591432	3.562633
8424	-1238.195	-1449.369	211.1743	0.6470149	3.571663	1.708779	3.030585
8430	-1244.02	-1455.356	211.3363	0.784224	2.831842	1.708779	3.030585
8436	-1234.058	-1445.244	211.1861	0.7523667	3.339029	1.836382	2.963774
8442	-1237.847	-1449.573	211.7259	0.8449603	3.627286	1.582854	2.61485
8448	-1228.457	-1439.616	211.1589	0.7306224	3.627286	1.582854	3.029014
8454	-1239.718	-1451.201	211.483	0.7532838	4.282985	1.409391	2.761736
8460	-1233.023	-1444.535	211.5117	0.7502161	4.24856	1.183715	2.865777
8466	-1238.413	-1449.361	210.948	0.7972977	4.33205	1.106427	3.201023
8472	-1243.038	-1454.47	211.4314	0.7788052	4.052799	1.481303	2.790205
8478	-1232.759	-1444.433	211.6737	0.7788052	4.052799	1.089173	2.841019
8484	-1243.818	-1453.867	210.0485	0.6851244	4.052799	1.139166	3.826313
8490	-1238.332	-1447.709	209.3774	0.6713674	5.368215	1.120333	4.005537
8496	-1239.924	-1452.496	212.5725	0.9406071	5.188706	0.7537315	2.189458
8502	-1230.735	-1442.621	211.8858	0.760313	5.458353	1.210331	2.398526
8508	-1231.241	-1442.576	211.3345	0.7799108	4.197483	1.210331	2.950706
8514	-1242.084	-1452.918	210.8335	0.6943559	3.966181	1.210331	3.345017
8520	-1236.208	-1446.577	210.3685	0.6666871	3.941505	1.348532	3.570826
8526	-1231.726	-1442.206	210.48	0.6556577	3.935201	2.199951	3.186807
8532	-1231.757	-1442.484	210.7269	0.7520489	3.48521	1.656164	3.274199
8538	-1237.327	-1448.255	210.928	0.7262631	3.043871	1.656164	3.274199
8544	-1232.401	-1444.216	211.8154	0.7979597	3.903895	1.352714	2.634426
8550	-1233.801	-1445.62	211.8192	0.9054058	3.590637	1.352714	2.634426
8556	-1234.899	-1446.799	211.8994	0.9915436	4.291009	1.630717	2.250216
8562	-1236.604	-1447.683	211.079	0.8599565	3.271817	1.162177	3.277488
8568	-1237.052	-1449.107	212.0549	0.7892755	3.294859	1.226372	2.694286
8574	-1237.886	-1449.93	212.0445	0.979487	4.492712	1.226372	2.322971
8580	-1247.665	-1459.85	212.1852	0.9761049	4.862222	1.135676	2.215957
8586	-1243.97	-1456.56	212.59	0.9683931	5.974202	1.138531	1.752457
8592	-1240.123	-1452.741	212.618	1.011966	4.696572	1.138531	1.937268
8598	-1241.649	-1454.17	212.5202	1.011966	4.763805	1.151633	1.981694
8604	-1241.953	-1455.089	213.1356	1.232302	3.789609	1.250142	1.555669
8610	-1237.562	-1450.652	213.0898	1.121378	3.829892	1.250142	1.65921
8616	-1245.625	-1457.739	212.1132	1.04662	3.829892	1.82681	2.091399
8622	-1246.237	-1459.6	213.3631	1.38221	3.948674	1.191136	1.259092
8628	-1248.233	-1460.882	212.6489	1.299682	4.737249	1.794255	1.339862
8634	-1252.292	-1464.854	212.5625	1.004931	4.737249	1.340104	1.855033
8640	-1253.129	-1465.359	212.2298	1.080401	3.725338	2.033173	1.932964
8646	-1253.381	-1465.768	212.3872	1.017916	3.119396	1.906562	2.074363
8652	-1255.799	-1467.794	211.9948	0.7770415	3.195106	1.702698	2.542081
8658	-1255.914	-1467.701	211.7872	0.8279385	3.49738	1.481995	2.662148
8664	-1249.114	-1461.249	212.135	1.018278	3.160139	1.481995	2.409019
8670	-1261.764	-1473.284	211.5205	0.8377561	3.410749	1.23321	2.958585
8676	-1246.353	-1456.947	210.5943	0.5424329	4.412446	1.627899	3.300794
8682	-1247.17	-1458.152	210.9816	0.6867905	3.977808	1.619991	3.07219
8688	-1232.389	-1443.302	210.9137	0.8050989	3.977808	1.619991	3.042078
8694	-1237.026	-1447.245	210.2189	0.918988	3.977808	2.63777	3.04497
8700	-1241.218	-1452.892	211.6747	0.9838944	4.216388	2.463061	2.102316
8706	-1235.457	-1447.776	212.3191	0.8854623	4.216388	1.235162	2.258208
8712	-1234.336	-1446.336	211.9991	0.8139784	4.216388	1.533736	2.358811
8718	-1241.524	-1453.822	212.2985	0.9153034	4.100814	1.860661	1.98068
8724	-1241.472	-1453.703	212.2303	1.045597	5.127655	1.860661	1.726739
8730	-1249.318	-1461.594	212.2764	1.132261	4.248799	2.075449	1.726739
8736	-1252.925	-1464.875	211.9505	1.22449	5.890689	3.006423	1.208167
8742	-1254.079	-1465.727	211.6485	1.023998	4.714314	1.392789	2.417534
8748	-1243.135	-1455.36	212.2249	0.9296978	4.271693	1.040312	2.391483
8754	-1242.996	-1453.985	210.9896	0.6060791	4.328856	1.475562	3.108941
8760	-1248.675	-1459.709	211.0343	0.6211282	4.14897	1.47295	3.108941
8766	-1244.292	-1455.368	211.0761	0.7498161	4.324481	1.347742	3.031003
8772	-1244.173	-1455.556	211.3836	0.7688372	4.324481	1.347742	2.834183
8778	-1233.03	-1443.855	210.8251	0.8617336	4.316663	1.347742	3.115579
8784	-1233.176	-1444.422	211.2466	0.8714282	4.530603	1.329971	2.824952
8790	-1229.561	-1440.818	211.2569	0.6437954	4.530603	1.621683	2.824952
8796	-1233.371	-1444.773	211.4025	0.7203688	5.12058	1.309966	2.727916
8802	-1231.018	-1442.312	211.2938	0.73017	5.280894	1.426371	2.705606
8808	-1236.657	-1447.911	211.2541	0.7973874	5.179066	1.426371	2.705606
8814	-1231.227	-1442.825	211.5976	0.5991646	5.179066	1.137842	2.763319
8820	-1243.306	-1453.92	210.6139	0.6483699	4.701103	1.517705	3.221086
8826	-1227.607	-1438.245	210.6377	0.6284391	4.507252	1.19424	3.404751
8832	-1234.96	-1445.784	210.8244	0.8491216	4.176913	1.11722	3.266928
8838	-1229.983	-1439.922	209.9387	0.5236358	3.70114	1.503508	3.881816
8844	-1230.935	-1442.768	211.833	0.8020298	2.949908	1.363799	2.839636
8850	-1231.567	-1442.319	210.7526	0.7194456	2.949908	2.008097	3.274517
8856	-1247.263	-1456.643	209.38	0.5209689	2.949908	1.31203	4.452253
8862	-1237.037	-1448.458	211.4206	0.9190731	2.963872	1.097084	3.150521
8868	-1247.792	-1459.511	211.7194	1.03823	2.961087	1.338193	2.77453
8874	-1235.58	-1447.229	211.6496	0.9485932	4.209559	1.475827	2.522055
8880	-1240.658	-1452.46	211.8017	0.9424478	4.875983	1.154837	2.46773
8886	-1239.285	-1451.3	212.0148	0.8686246	4.875983	1.154837	2.379977
8892	-1244.007	-1456.959	212.952	1.088146	5.081279	1.154837	1.562277
8898	-1239.706	-1450.6	210.8939	0.6502525	5.303284	0.7704262	3.362815
8904	-1246.041	-1457.503	211.4623	0.5832612	5.061341	1.264264	2.808072
8910	-1242.986	-1455.492	212.506	0.9214474	4.568451	1.331367	1.988356
8916	-1231.999	-1443.922	211.9224	0.9091108	5.052879	1.893447	2.03012
8922	-1239.194	-1451.133	211.9387	0.8692678	4.58788	1.284135	2.410762
8928	-1231.952	-1443.842	211.8902	0.9499924	4.181379	1.186322	2.522522
8934	-1233.166	-1444.679	211.5134	0.862016	4.779182	1.152727	2.714729
8940	-1234	-1446.92	212.9204	1.211921	4.87352	1.152727	1.538779
8946	-1239.857	-1452.408	212.5508	0.9870525	4.87352	1.110114	1.981985
8952	-1235.826	-1447.852	212.0261	0.9892092	5.331778	1.110114	2.241551
8958	-1222.101	-1433.829	211.7285	0.8484938	4.496203	1.487835	2.47338
8964	-1231.733	-1442.633	210.8998	0.6632592	4.141665	1.573171	3.122062
8970	-1234.881	-1445.751	210.8697	0.8264887	4.238705	1.302244	3.146621
8976	-1241.142	-1452.51	211.3682	0.6770868	4.25648	1.251594	2.959668
8982	-1236.37	-1448.341	211.9715	0.976626	4.25648	1.27537	2.391765
8988	-1244.038	-1456.286	212.2483	0.7912053	3.853104	1.27537	2.418878
8994	-1240.748	-1452.831	212.0824	0.965359	3.853104	1.27537	2.413692
9000	-1231.687	-1442.933	211.246	0.9641182	3.853104	1.27537	2.929323
9006	-1230.42	-1441.941	211.5209	0.9345588	4.542135	1.27537	2.643672
9012	-1220.625	-1433.371	212.7458	1.133899	4.542135	1.665522	1.503278
9018	-1222.227	-1435.221	212.9938	1.219	4.307302	1.451966	1.421258
9024	-1231.725	-1444.648	212.9221	1.263093	4.307302	1.550054	1.386761
9030	-1244.744	-1457.511	212.7661	1.299656	5.230913	1.537244	1.273574
9036	-1244.211	-1457.661	213.4497	1.356616	4.845153	0.996254	1.122258
9042	-1236.628	-1449.714	213.0852	1.339088	5.337722	1.216548	1.15895
9048	-1236.825	-1450.215	213.3908	1.235466	5.043305	1.088665	1.152909
9054	-1233.531	-1446.585	213.0542	1.353094	4.853446	1.224331	1.281097
9060	-1239.379	-1452.333	212.9538	1.259143	5.036789	1.224331	1.394916
9066	-1237.237	-1450.576	213.3386	1.272668	4.182174	1.224331	1.281884
9072	-1233.468	-1446.079	212.6113	1.172514	4.971496	1.443476	1.598555
9078	-1225.112	-1437.897	212.7849	1.125558	4.534872	1.443476	1.599381
9084	-1223.549	-1436.139	212.5903	1.190879	4.376059	1.54141	1.675705
9090	-1222.999	-1435.669	212.6704	1.190879	4.376059	1.54141	1.618185
9096	-1220.384	-1432.805	212.421	1.115574	3.865868	1.489701	1.985533
9102	-1234.732	-1447.517	212.7848	1.212859	3.911015	1.489701	1.656698
9108	-1227.121	-1439.738	212.6169	1.142395	3.911015	1.489701	1.823949
9114	-1236.253	-1448.634	212.3804	1.161089	4.190581	1.926919	1.707732
9120	-1248.169	-1460.963	212.7941	1.366905	3.635029	1.926919	1.39054
9126	-1244.137	-1456.828	212.691	1.366147	4.486275	1.926919	1.245512
9132	-1239.729	-1452.646	212.9163	1.358949	3.917695	1.926919	1.216872
9138	-1247.164	-1459.79	212.6251	1.205665	5.070256	1.657479	1.42833
9144	-1252.144	-1464.143	211.9986	1.080373	3.903537	2.009638	2.054804
9150	-1257.691	-1469.335	211.6435	1.080373	3.725355	2.009638	2.325373
9156	-1244.144	-1455.268	211.1234	0.827959	4.54562	1.856588	2.697218
9162	-1250.664	-1462.788	212.1237	0.8959243	4.061357	1.198511	2.428086
9168	-1249.068	-1461.141	212.0734	1.044203	4.061357	1.462783	2.229931
9174	-1242.145	-1452.959	210.8135	0.8832131	4.061357	1.191297	3.236393
9180	-1245.532	-1456.569	211.0371	0.7768194	4.543787	1.073415	3.139746
9186	-1236.541	-1447.587	211.0462	0.7963714	3.69704	1.073415	3.287986
9192	-1231.191	-1442.376	211.1855	0.6900195	4.894566	1.025531	3.069051
9198	-1236.687	-1448.075	211.3881	0.8828927	4.548007	1.025531	2.892671
9204	-1228.075	-1439.655	211.58	0.9218362	4.424072	1.122696	2.719279
9210	-1237.044	-1448.571	211.5278	1.029073	4.539704	1.595719	2.428978
9216	-1243.374	-1455.315	211.9407	1.0151	4.539704	1.767438	2.098694
9222	-1234.214	-1445.95	211.7369	0.9218242	4.284805	1.912955	2.283496
9228	-1238.745	-1449.563	210.8174	0.8100814	3.944075	1.912955	2.989922
9234	-1237.37	-1448.678	211.3084	0.7850472	4.067021	1.781532	2.732297
9240	-1232.145	-1443.65	211.5047	0.8701195	3.566677	1.622034	2.732297
9246	-1251.454	-1463.167	211.7127	0.8209474	3.713257	1.44879	2.678855
9252	-1245.995	-1458.1	212.1046	0.8438671	3.796906	1.62508	2.321479
9258	-1251.489	-1462.517	211.028	0.7298552	3.796906	1.944216	2.930778
9264	-1250.103	-1460.342	210.2389	0.7162906	3.796906	1.8309	3.448173
9270	-1250.095	-1460.456	210.3607	0.6650906	3.796906	1.708226	3.453245
9276	-1259.306	-1470.472	211.166	0.6415753	3.962342	1.708226	2.9561
9282	-1238.243	-1450.21	211.9676	0.8541968	4.802217	1.358057	2.323888
9288	-1234.862	-1447.312	212.45	0.9755959	6.167041	1.114487	1.827853
9294	-1227.081	-1439.053	211.9725	0.9984309	5.039124	1.188733	2.275753
9300	-1237.088	-1449.582	212.4944	0.9907553	5.592488	1.188733	1.837988
9306	-1233.093	-1446.297	213.2047	1.209294	5.592488	0.7910745	1.460798
9312	-1233.947	-1446.695	212.7475	1.220942	4.963574	0.8661244	1.840301
9318	-1239.64	-1452.507	212.8667	1.201143	4.810216	1.702142	1.274709
9324	-1245.29	-1458.031	212.7413	1.201143	4.829079	1.378938	1.548464
9330	-1236.658	-1449.13	212.4716	1.297023	4.353488	1.378938	1.775335
9336	-1229.213	-1442.015	212.8023	1.379703	4.859993	0.8130297	1.754677
9342	-1226.976	-1439.3	212.3235	1.130994	4.859993	1.264277	1.94958
9348	-1227.315	-1439.786	212.4707	1.158849	5.538557	1.292769	1.685122
9354	-1235.522	-1447.399	211.8774	1.079444	3.699872	1.643358	2.330061
9360	-1242.383	-1454.307	211.9241	1.038551	3.815568	1.500684	2.364595
9366	-1248.918	-1461.393	212.475	1.087047	5.81494	1.397351	1.623591
9372	-1234.012	-1445.797	211.7846	1.006311	5.853279	1.613214	2.039285
9378	-1239.679	-1451.27	211.5907	0.9104943	5.853279	1.613214	2.228465
9384	-1242.655	-1454.293	211.6381	0.9669252	4.797824	1.613214	2.342361
9390	-1231.317	-1443.858	212.5409	1.031601	4.797824	1.077088	1.994042
9396	-1237.298	-1449.401	212.1025	1.186373	4.797824	1.410388	1.994042
9402	-1237.51	-1450.182	212.6726	1.300519	4.553436	1.181945	1.703347
9408	-1239.923	-1452.348	212.4242	1.175698	4.134272	2.471894	1.460776
9414	-1236.612	-1448.631	212.0195	1.13476	4.227545	1.261643	2.273784
9420	-1239.624	-1451.682	212.0579	1.001737	4.913251	1.428533	2.114402
9426	-1226.6	-1438.552	211.9519	0.8723083	5.264755	1.428533	2.204384
9432	-1241.794	-1452.479	210.6851	0.6757132	5.264755	1.987968	2.883576
9438	-1243.7	-1454.391	210.6906	0.681129	3.728848	1.739378	3.252021
9444	-1251.863	-1462.97	211.1069	0.5673954	4.576539	0.9248756	3.304584
9450	-1241.438	-1452.095	210.6576	0.6316327	5.393083	1.080086	3.304584
9456	-1250.66	-1462.454	211.7939	0.6023758	6.169473	1.177739	2.462745
9462	-1236.694	-1447.372	210.6779	0.7433007	5.007316	1.177739	3.235923
9468	-1232.015	-1442.981	210.9652	0.6760521	4.691407	1.177739	3.159342
9474	-1242.987	-1453.561	210.5736	0.7916905	3.163462	1.676005	3.407173
9480	-1241.288	-1451.701	210.4131	0.5663644	3.514351	1.696085	3.544685
9486	-1237.356	-1447.163	209.8079	0.5490229	3.213621	1.696085	3.97105
9492	-1241.035	-1451.324	210.2889	0.6341845	3.108679	1.696085	3.669929
9498	-1240.145	-1450.514	210.3687	0.7270996	4.111525	1.021959	3.669929
9504	-1266.054	-1475.968	209.9137	0.6338558	3.324817	0.8647336	4.239303
9510	-1251.427	-1463.422	211.9957	0.8467931	4.969473	0.8007152	2.615742
9516	-1251.9	-1464.001	212.101	0.8849188	4.969473	0.8007152	2.526672
9522	-1250.493	-1461.883	211.3901	0.7224112	4.614048	0.9410473	3.027567
9528	-1245.435	-1457.657	212.2215	0.8505955	6.465981	0.9410473	2.132101
9534	-1243.272	-1454.441	211.1695	0.8201216	5.642815	1.151486	2.807727
9540	-1246.743	-1458.014	211.2703	0.8201216	6.971412	1.151486	2.556169
9546	-1239.4	-1450.605	211.2053	0.7450519	6.645567	0.7802533	2.920152
9552	-1245.286	-1456.684	211.3979	0.5268524	8.270875	0.7802533	2.736265
9558	-1250.021	-1460.351	210.3301	0.5011574	7.433242	0.7802533	3.484794
9564	-1250.549	-1463.214	212.6654	1.025522	5.602766	0.5813012	2.154413
9570	-1237.474	-1449.988	212.5143	0.9803757	5.404888	1.051428	1.950303
9576	-1239.108	-1451.325	212.217	1.039542	5.404888	0.8316202	2.257889
9582	-1238.845	-1450.988	212.1429	0.9550588	4.178627	1.387716	2.254633
9588	-1236.814	-1448.116	211.3025	0.8829708	4.178627	1.176098	2.929652
9594	-1238.79	-1450.649	211.8591	0.8858773	5.944258	1.176098	2.27688
9600	-1236.544	-1448.51	211.9659	0.9461764	5.657804	0.9742787	2.337781
9606	-1231.541	-1442.714	211.1731	0.8437158	6.106604	0.9742787	2.824993
9612	-1242.12	-1453.632	211.5123	0.6892435	5.744136	0.9742787	2.766339
9618	-1234.044	-1446.215	212.1709	0.8489696	7.559736	1.028444	1.954305
9624	-1232.448	-1444.056	211.6078	0.7669367	7.622097	0.9686078	2.404249
9630	-1231.6	-1443.068	211.468	0.6019317	7.622097	0.9686078	2.594811
9636	-1227.994	-1439.041	211.0468	0.6332832	6.759245	0.8684793	3.006359
9642	-1232.599	-1444.839	212.2407	0.9247413	7.232273	0.8684793	2.012834
9648	-1240.099	-1452.403	212.304	0.9833335	5.501915	0.7237767	2.305274
9654	-1243.481	-1455.471	211.9896	1.024023	5.978885	0.7237767	2.403168
9660	-1251.596	-1464.134	212.5385	1.230586	3.731592	1.887117	1.674042
9666	-1244.097	-1456.667	212.5703	1.212793	4.847425	1.775212	1.453357
9672	-1235.3	-1448.15	212.8499	1.214208	5.709592	1.016543	1.518211
9678	-1237.164	-1449.818	212.6534	1.245247	4.955117	1.278381	1.613512
9684	-1225.612	-1438.202	212.59	0.9693135	4.955117	1.204019	1.895209
9690	-1228.268	-1440.399	212.1307	1.09793	4.955117	1.796001	1.821499
9696	-1241.594	-1453.693	212.0986	0.9291899	5.326676	1.289113	2.133102
9702	-1242.737	-1454.302	211.5651	0.9574804	5.162269	1.289113	2.484075
9708	-1245.516	-1457.435	211.9194	0.9014007	6.256059	1.046428	2.257481
9714	-1235.723	-1448.229	212.5058	1.060758	6.256059	1.545318	1.460109
9720	-1236.855	-1449.385	212.5298	1.204093	6.256059	1.545318	1.329669
9726	-1246.651	-1459.077	212.4263	1.204093	7.929009	1.314257	1.270432
9732	-1244.041	-1456.27	212.2287	1.240424	7.929009	1.314257	1.399476
9738	-1226.607	-1439.318	212.7113	1.411783	6.300931	1.314257	1.141876
9744	-1228.859	-1441.704	212.8446	1.466389	6.419479	1.262166	0.9786521
9750	-1230.934	-1443.97	213.0361	1.555137	4.347291	1.756101	0.8796231
9756	-1247.587	-1460.419	212.8318	1.44056	3.402135	1.756101	1.454306
9762	-1239.408	-1452.265	212.8562	1.261949	3.437372	1.663172	1.604666
9768	-1243.05	-1455.724	212.6737	1.115073	4.621265	1.364883	1.711363
9774	-1242.861	-1455.339	212.4783	1.115073	4.621265	1.670673	1.691863
9780	-1232.844	-1444.079	211.2347	0.9574941	4.876667	1.041349	2.872436
9786	-1238.88	-1449.728	210.8479	0.7599695	4.876667	1.041349	3.222043
9792	-1240.613	-1451.631	211.0172	0.9282934	3.881635	1.028751	3.214228
9798	-1244.869	-1456.323	211.4544	0.830993	4.622606	1.677393	2.548148
9804	-1250.434	-1462.399	211.965	0.8674129	3.255888	1.677393	2.499698
9810	-1224.29	-1435.819	211.5297	0.8161697	4.189672	1.51622	2.663905
9816	-1233.031	-1443.96	210.9294	0.8902191	5.053166	1.636362	2.7757
9822	-1229.001	-1441.102	212.1015	0.8312993	5.515429	0.8702843	2.417746
9828	-1225.156	-1436.976	211.8196	0.9285735	6.268199	0.8702843	2.417746
9834	-1224.845	-1436.642	211.797	0.8799236	5.069172	0.8926155	2.636467
9840	-1226.36	-1437.86	211.5003	0.7680168	5.069172	1.331649	2.636467
9846	-1220.218	-1431.521	211.3022	0.677426	5.040256	1.331649	2.8181
9852	-1217.415	-1429.021	211.6063	0.8688421	5.040256	1.065786	2.657185
9858	-1221.215	-1433.032	211.8164	0.7740773	6.076429	0.9609158	2.484372
9864	-1233.846	-1445.23	211.3836	0.7740773	6.65085	1.754402	2.268665
9870	-1239.056	-1450.903	211.8469	1.154074	3.703815	1.654748	2.296101
9876	-1236.587	-1448.514	211.9268	1.135036	3.703815	1.654748	2.257057
9882	-1240.801	-1453.519	212.7183	1.122821	3.044656	1.356022	2.058739
9888	-1255.801	-1468.375	212.5742	1.1197	2.940045	1.649912	2.04273
9894	-1250.272	-1463.156	212.8837	1.1197	4.87442	0.9801909	1.749673
9900	-1245.061	-1457.698	212.6374	1.133998	5.009846	1.155722	1.768046
9906	-1239.532	-1452.419	212.8868	1.294268	5.009846	1.155722	1.471376
9912	-1240.308	-1453.101	212.7926	1.400812	3.512502	1.155722	1.809907
9918	-1231.496	-1443.872	212.376	1.150711	3.846297	1.362221	2.061256
9924	-1232.114	-1444.808	212.6942	1.31674	3.846297	1.184472	1.835159
9930	-1235.349	-1447.451	212.102	1.270041	3.846297	1.184472	2.258392
9936	-1228.663	-1441.849	213.1856	1.413966	3.464607	0.6518051	1.922181
9942	-1233.02	-1446.077	213.057	1.489093	5.57916	0.4643339	1.707565
9948	-1233.351	-1446.263	212.9115	1.321053	5.608501	0.7526752	1.626467
9954	-1239.909	-1452.997	213.0881	1.378222	4.296348	0.8395868	1.6522
9960	-1231.353	-1444.74	213.3872	1.385892	3.703866	1.182913	1.312173
9966	-1235.673	-1448.383	212.7105	1.37679	5.619065	1.354796	1.285539
9972	-1246.275	-1458.856	212.5806	1.240791	5.952991	1.008702	1.657158
9978	-1238.739	-1451.317	212.578	1.004305	7.229385	0.6786677	1.887797
9984	-1240.78	-1453.176	212.3962	0.938501	7.229385	0.6786677	2.053753
9990	-1246.312	-1458.484	212.1722	1.06832	7.229385	0.6300161	2.159074
9996	-1237.751	-1449.075	211.3239	1.195943	5.298616	0.6713899	2.857298
10002	-1234.409	-1445.232	210.8232	0.8102232	6.142675	0.7495959	3.200824
10008	-1226.027	-1437.674	211.6473	0.9924922	6.142675	0.662763	2.661561
10014	-1230.875	-1443.322	212.4476	0.9331759	4.718974	1.082626	2.132323
10020	-1228.358	-1439.551	211.1932	0.8602986	6.412234	1.082626	2.694311
10026	-1231.823	-1442.813	210.9897	0.9123683	4.068029	1.884815	2.809268
10032	-1235.264	-1447.35	212.0866	1.020237	5.00872	0.7993407	2.445116
10038	-1216.31	-1427.495	211.1848	1.004916	3.904163	2.275919	2.529098
10044	-1251.004	-1462.732	211.7283	0.9436577	6.658283	0.7807713	2.474942
10050	-1239.647	-1450.242	210.5955	0.8778122	5.070575	0.9832221	3.303285
10056	-1246.33	-1456.139	209.8083	0.6844979	3.983979	0.9832221	4.062893
10062	-1225.542	-1436.695	211.1533	0.7728092	3.983979	1.296195	3.062568
10068	-1223.553	-1434.475	210.9219	0.7952721	3.983979	1.567343	3.063868
10074	-1233.743	-1444.696	210.9531	0.894748	3.684098	1.530763	3.063868
10080	-1240.779	-1451.632	210.8523	0.7267056	3.839221	1.033092	3.436065
10086	-1231.464	-1441.655	210.1912	0.8716256	3.839221	1.702126	3.425297
10092	-1235.376	-1447.457	212.0813	0.8906813	3.833165	1.500187	2.35501
10098	-1234.603	-1446.287	211.6833	0.814858	3.833165	1.337558	2.727702
10104	-1230.697	-1443.194	212.4971	0.9364698	3.81576	1.150671	2.24498
10110	-1228.005	-1439.016	211.0112	0.7036353	5.106133	1.272638	2.996169
10116	-1227.89	-1439.145	211.2553	0.8027533	5.106133	1.122435	2.868366
10122	-1237.065	-1448.615	211.5501	0.9605805	3.613426	1.143531	2.868366
10128	-1228.674	-1439.89	211.2154	0.7038964	3.816598	1.706372	2.919766
10134	-1232.258	-1442.945	210.6868	0.6797922	3.983011	1.497384	3.302011
10140	-1229.249	-1440.924	211.6748	0.9667368	3.983011	0.7718403	2.944591
10146	-1230.45	-1442.327	211.877	0.7886179	5.512463	1.047886	2.470775
10152	-1231.705	-1443.829	212.1249	1.015628	4.735235	0.9972176	2.337473
10158	-1235.721	-1447.701	211.98	0.9963703	4.735235	0.7048825	2.647714
10164	-1230.622	-1442.974	212.3518	0.9439851	5.646771	0.949449	2.108524
10170	-1227.344	-1439.155	211.8111	0.884579	5.889045	0.9671326	2.442791
10176	-1230.693	-1442.521	211.8284	0.8510824	5.889045	0.7867562	2.577395
10182	-1230.524	-1442.117	211.5923	0.8438549	5.889045	0.8095268	2.710834
10188	-1228.907	-1440.44	211.5336	0.741219	4.350757	1.014367	2.933771
10194	-1236.108	-1447.644	211.5368	0.7978059	5.991147	0.9612711	2.655707
10200	-1235.063	-1447.067	212.0048	0.8906841	6.445063	1.507269	1.926186
10206	-1241.851	-1453.469	211.6177	0.7899483	5.057878	1.404452	2.516347
10212	-1238.89	-1450.368	211.4783	0.7599309	5.525247	1.075469	2.717171
10218	-1227.45	-1437.468	210.0182	0.5741852	4.286362	1.435162	3.722559
10224	-1239.434	-1448.768	209.334	0.7050801	4.064101	2.191846	3.804124
10230	-1231.616	-1442.108	210.4922	0.6693423	3.880884	1.072443	3.648663
10236	-1240.977	-1451.471	210.4941	0.7858995	3.793533	1.667018	3.321001
10242	-1243.476	-1453.825	210.3491	0.7906552	3.793533	1.884623	3.321001
10248	-1230.461	-1440.934	210.4724	0.675894	4.278485	1.884623	3.220221
10254	-1223.994	-1435.619	211.6251	0.8812161	5.121936	1.884623	2.233623
10260	-1234.995	-1446.582	211.5872	1.0491	4.752265	1.844057	2.233623
10266	-1231.014	-1443.28	212.2659	0.9937163	3.773131	2.059687	1.945331
10272	-1239.643	-1450.955	211.3124	0.9499792	3.669037	2.059687	2.609322
10278	-1234.736	-1445.519	210.7832	0.8484569	3.471617	1.402474	3.295515
10284	-1233.497	-1444.688	211.1915	0.8150624	3.549112	1.402474	3.055821
10290	-1237.967	-1449.191	211.2244	0.760993	3.715476	1.402474	3.032219
10296	-1251.001	-1462.178	211.1764	0.7023392	3.889021	1.402474	3.059636
10302	-1257.486	-1469.092	211.606	0.6561165	3.950226	1.07525	2.984709
10308	-1248.65	-1460.02	211.3701	0.5794915	3.76694	1.809169	2.871637
10314	-1249.795	-1460.633	210.8385	0.7272322	3.675301	1.282677	3.346534
10320	-1240.242	-1451.017	210.7756	0.6345985	3.675301	1.48121	3.346534
10326	-1249.665	-1460.048	210.3826	0.7796325	3.675301	1.662763	3.416559
10332	-1248.002	-1458.665	210.663	0.7078722	5.881782	1.707376	2.887771
10338	-1239.924	-1451.66	211.7365	0.8039051	4.372059	1.707376	2.423977
10344	-1240.592	-1452.507	211.9152	0.968299	5.513639	0.9067836	2.423977
10350	-1245.323	-1456.948	211.6245	0.7459314	6.209746	1.297992	2.408637
10356	-1241.742	-1452.902	211.1598	0.7787988	6.209746	0.8505911	2.937793
10362	-1230.549	-1441.782	211.2329	0.7803454	5.898047	0.8505911	2.937793
10368	-1230.424	-1441.04	210.6162	0.6389525	5.192819	1.15924	3.31341
10374	-1234.802	-1446.218	211.4158	0.5316329	6.929274	1.32147	2.560545
10380	-1234.513	-1445.496	210.9833	0.6568924	6.069298	0.9833115	3.051766
10386	-1229.571	-1440.753	211.1821	0.8339962	5.025195	1.2314	2.848971
10392	-1232.822	-1444.366	211.5439	0.6626581	4.435946	1.13556	2.889605
10398	-1240.432	-1451.444	211.0124	0.8201883	4.961374	1.493894	2.845036
10404	-1241.93	-1453.208	211.2784	0.8296755	4.961374	1.125644	2.860771
10410	-1247.656	-1458.663	211.007	0.8646541	5.228043	1.314484	2.860771
10416	-1248.315	-1459.919	211.6038	0.7468087	4.37169	1.19702	2.78109
10422	-1252.576	-1464.184	211.6072	1.016608	3.610532	1.134002	2.805577
10428	-1244.759	-1456.189	211.4293	0.9038474	3.4748	1.96864	2.642704
10434	-1238.02	-1448.775	210.7547	0.7522077	3.88617	1.330066	3.314622
10440	-1243.532	-1453.127	209.595	0.5142473	3.957392	1.330066	4.108627
10446	-1250.437	-1461.085	210.6479	0.755627	3.838896	1.330066	3.384992
10452	-1244.931	-1455.229	210.2986	0.8540052	3.395823	1.454833	3.56947
10458	-1237.508	-1448.364	210.8559	0.8468051	3.754928	1.3128	3.234377
10464	-1228.103	-1439.781	211.6782	0.7249255	3.82085	1.3128	2.800557
10470	-1229.506	-1440.433	210.9269	0.6190808	3.863402	1.3128	3.304458
10476	-1232.919	-1444.506	211.5869	0.7114717	4.816642	1.388075	2.634424
10482	-1220.289	-1431.422	211.1333	0.844353	3.83343	1.388075	3.018658
10488	-1227.924	-1439.176	211.2514	0.8687779	4.345918	1.12209	2.966068
10494	-1237.217	-1448.161	210.9441	0.7741983	4.355008	1.413813	3.058704
10500	-1230.588	-1442.344	211.756	0.9093762	4.735809	1.413813	2.407748
10506	-1237.208	-1448.917	211.7091	0.7484989	3.21703	1.713177	2.726321
10512	-1235.832	-1447.085	211.253	0.82022	3.21703	1.713177	2.959537
10518	-1241.221	-1453	211.7791	0.7891232	3.21703	1.713177	2.658402
10524	-1246.707	-1458.796	212.0891	1.034383	4.520939	1.929929	1.923408
10530	-1234.052	-1446.405	212.353	1.034383	4.520939	1.59033	1.89411
10536	-1233.78	-1446.052	212.2724	0.9534261	4.520939	1.591024	2.00246
10542	-1237.134	-1449.792	212.6581	1.089967	5.21418	1.591024	1.49604
10548	-1224.053	-1436.906	212.8531	1.195118	5.853127	0.8671192	1.61849
10554	-1230.359	-1443.414	213.0541	1.022961	5.853127	0.8143084	1.641057
10560	-1235.709	-1447.989	212.2794	0.9531792	4.756573	1.307883	2.093
10566	-1231.987	-1444.042	212.0548	0.8460709	4.958883	1.228769	2.31275
10572	-1225.916	-1437.658	211.7418	0.7628301	4.958883	1.362593	2.493471
10578	-1236.514	-1448.304	211.7898	0.7148797	4.958883	1.362593	2.493471
10584	-1235.456	-1446.856	211.4	0.7955551	4.662917	1.063229	2.895407
10590	-1234.042	-1445.281	211.239	0.9241238	4.736842	1.063229	2.901819
10596	-1225.811	-1437.546	211.7353	0.8428099	4.736842	0.8836961	2.761256
10602	-1229.332	-1441.048	211.7159	0.7036063	4.515502	1.107104	2.761256
10608	-1231.542	-1443.951	212.4094	1.178454	4.817107	1.514021	1.732688
10614	-1229.189	-1441.821	212.632	1.095389	4.009334	1.504551	1.815438
10620	-1225.822	-1438.477	212.6556	1.408411	3.577515	2.232266	1.346555
10626	-1234.961	-1448.582	213.6207	1.664028	3.269337	1.065556	1.106897
10632	-1235.17	-1448.296	213.1254	1.517235	4.033484	1.60638	1.037844
10638	-1238.325	-1451.012	212.6871	1.396315	4.033484	1.60638	1.50242
10644	-1249.779	-1462.683	212.9034	1.325682	3.730795	1.243885	1.675098
10650	-1233.607	-1446.329	212.722	1.118887	5.143066	0.955871	1.827526
10656	-1232.834	-1444.849	212.0151	0.8735179	5.108679	1.572414	2.121348
10662	-1237.483	-1449.09	211.6068	0.7948443	4.704314	1.683852	2.457641
10668	-1250.344	-1461.891	211.5477	1.014781	4.704314	1.130493	2.625515
10674	-1236.606	-1448.508	211.9019	1.004521	4.846182	1.130493	2.384794
10680	-1241.575	-1452.714	211.1388	0.8880631	4.846182	1.903135	2.57822
10686	-1228.728	-1439.539	210.8107	0.8978387	4.407493	1.217483	3.149899
10692	-1236.999	-1448.244	211.2445	0.824773	5.224922	1.141193	2.831537
10698	-1243.615	-1455.728	212.1128	0.9433597	6.075616	1.336029	1.96426
10704	-1232.544	-1444.016	211.4722	0.8023436	5.212685	1.412568	2.568852
10710	-1230.197	-1441.71	211.5131	0.8923146	4.999944	1.412568	2.523918
10716	-1234.559	-1445.921	211.3626	0.8073201	4.999944	1.745499	2.523918
10722	-1242.956	-1454.494	211.5381	0.7496813	6.015024	1.440323	2.41922
10728	-1240.651	-1451.962	211.3105	0.728396	6.015024	1.440323	2.574849
10734	-1237.873	-1449.604	211.7303	0.6451537	4.935561	1.38631	2.566473
10740	-1232.595	-1444.236	211.6407	0.8287429	5.451996	1.386805	2.419629
10746	-1229.167	-1440.225	211.0585	0.760496	5.523127	1.830393	2.620557
10752	-1229.276	-1441.063	211.7876	0.8946697	4.252729	1.282784	2.555282
10758	-1233.994	-1445.559	211.565	0.8975505	4.578673	1.282784	2.628676
10764	-1231.582	-1442.742	211.1591	0.6996806	5.01789	0.8242615	3.185602
10770	-1238.193	-1449.127	210.9339	0.68251	6.07354	0.8242615	3.167738
10776	-1231.129	-1441.858	210.729	0.6886926	4.322014	1.142409	3.376613
10782	-1224.694	-1435.671	210.9778	0.7771401	4.226545	1.323286	3.103838
10788	-1226.601	-1437.261	210.6597	0.6422426	4.917789	1.229235	3.29482
10794	-1227.55	-1439.401	211.8507	0.7645719	4.558382	1.409361	2.474633
10800	-1231.277	-1443.049	211.7715	0.7687064	6.008725	1.409361	2.274823
10806	-1228.902	-1440.546	211.6442	0.8519875	5.255755	1.198841	2.532518
10812	-1231.935	-1442.762	210.8276	0.9222878	5.255755	1.198841	2.988416
10818	-1229.813	-1441.703	211.8898	0.8652126	5.062805	0.9759488	2.534779
10824	-1229.851	-1441.862	212.0115	0.8148642	3.975574	1.090251	2.627528
10830	-1232.104	-1444.114	212.0105	1.006834	3.484416	1.82176	2.267136
10836	-1234.156	-1445.874	211.7177	0.9783405	3.747047	1.82176	2.41045
10842	-1235.25	-1447.105	211.8553	0.915095	4.359321	1.164173	2.542833
10848	-1225.03	-1437.245	212.2148	0.9261992	4.359321	1.164173	2.309396
10854	-1235.174	-1447.435	212.261	0.9351947	4.5847	1.164173	2.229575
10860	-1238.068	-1450.045	211.9769	0.9137002	6.317307	1.164173	2.132351
10866	-1233.803	-1446.143	212.3399	0.9215553	4.894845	0.8910723	2.301691
10872	-1246.178	-1458.065	211.8864	1.067712	4.894845	1.564147	2.121607
10878	-1247.594	-1459.476	211.8823	0.8866015	4.053899	1.564147	2.406672
10884	-1240.608	-1451.366	210.7583	0.6788261	4.437074	1.293621	3.267295
10890	-1245.095	-1455.789	210.6939	0.6878175	4.983963	0.9457483	3.393949
10896	-1253.18	-1464.611	211.4305	0.6978019	4.983963	0.9680036	2.936814
10902	-1226.809	-1437.95	211.1406	0.6579695	5.042865	0.9680036	3.124399
10908	-1230.907	-1442.472	211.5646	0.8027945	3.967835	1.390435	2.753828
10914	-1248.02	-1459.728	211.7086	0.8141796	4.464451	1.426426	2.542147
10920	-1250.449	-1460.768	210.3191	0.7680665	3.829571	1.374498	3.55107
10926	-1239.103	-1449.294	210.1909	0.6698604	3.829571	1.687086	3.55107
10932	-1229.308	-1440.713	211.4045	0.9147267	4.274741	0.9579785	2.955825
10938	-1227.005	-1438.619	211.6146	0.8478895	5.799083	0.9659315	2.602855
10944	-1228.209	-1440.253	212.0442	1.069348	5.032128	0.9659315	2.32078
10950	-1226.765	-1439.071	212.3055	1.001862	5.254895	0.7210498	2.336293
10956	-1229.059	-1441.548	212.4893	1.042607	4.39894	1.218037	2.016267
10962	-1226.15	-1438.296	212.1458	0.9827597	4.820084	1.218037	2.197889
10968	-1235.183	-1446.401	211.2182	0.8258122	4.478937	1.559268	2.773935
10974	-1235.056	-1446.204	211.1483	0.8166594	4.798149	1.559268	2.764067
10980	-1235.244	-1446.463	211.2188	0.7162201	3.860077	1.559268	2.962079
10986	-1235.194	-1447.33	212.1366	0.9982822	3.860077	1.09227	2.458935
10992	-1239.011	-1451.17	212.1594	0.9515085	3.683696	1.09227	2.512918
10998	-1239.752	-1451.699	211.9478	0.9506286	3.683696	1.347896	2.507944
11004	-1260.133	-1473.126	212.9937	1.134952	3.001155	1.260774	1.930967
11010	-1249.66	-1462.587	212.9271	1.270656	3.001155	1.260774	1.884121
11016	-1239.601	-1451.806	212.205	1.095232	3.099419	1.842502	2.174176
11022	-1231.493	-1443.648	212.1551	1.016088	3.580053	1.285944	2.391864
11028	-1234.771	-1446.313	211.5417	0.8479928	4.374965	1.285944	2.710353
11034	-1240.287	-1452.738	212.4518	1.107012	4.374965	1.21898	2.002793
11040	-1234.77	-1446.432	211.6622	0.8165291	6.068881	1.000679	2.530121
11046	-1224.445	-1436.254	211.809	0.783368	5.150113	1.240504	2.467883
11052	-1220.249	-1431.687	211.4383	0.9164789	4.546371	1.865223	2.443306
11058	-1234.52	-1446.376	211.8557	0.9454121	5.524315	0.9680828	2.433591
11064	-1237.858	-1449.785	211.9272	0.9454121	5.253233	0.9680828	2.433591
11070	-1228.109	-1440.135	212.0255	0.9559889	5.127193	0.7295048	2.556177
11076	-1239.624	-1451.138	211.5137	0.9219745	5.038214	1.463793	2.474002
11082	-1225.813	-1437.353	211.5401	0.837145	4.480944	1.463793	2.611784
11088	-1230.204	-1440.978	210.7732	0.7508995	3.929061	1.493676	3.221428
11094	-1234.814	-1446.078	211.2635	0.7574664	3.929061	1.134484	3.100427
11100	-1239.21	-1449.853	210.643	0.7943561	3.9998	1.061849	3.470504
11106	-1237.587	-1448.828	211.2413	0.8576346	3.9998	1.326809	2.940693
11112	-1244.033	-1455.684	211.6504	0.7651366	5.179251	1.313579	2.535477
11118	-1240.266	-1452.359	212.093	0.8328508	5.66968	0.8648895	2.401008
11124	-1248.994	-1461.316	212.3219	1.039277	4.820609	1.048468	2.147033
11130	-1250.469	-1463.466	212.9975	1.187555	4.74988	1.031081	1.609893
11136	-1238.315	-1450.413	212.0982	0.8290683	4.74988	1.427613	2.231456
11142	-1240.907	-1452.495	211.5876	1.028111	4.006763	2.293366	2.231456
11148	-1250.496	-1462.674	212.178	1.008886	4.616166	2.119828	1.784711
11154	-1246.029	-1458.676	212.6469	1.062484	4.385626	1.294249	1.856176
11160	-1247.23	-1459.737	212.5076	1.128629	4.420722	1.294249	1.898561
11166	-1258.88	-1471.074	212.1939	1.13089	2.941677	1.936749	2.16398
11172	-1239.405	-1451.965	212.5597	1.13089	3.186415	1.936749	1.852157
11178	-1244.165	-1456.56	212.395	1.145399	3.186415	1.936749	1.953996
11184	-1245.549	-1458.554	213.0054	1.142285	2.752398	1.86136	1.69552
11190	-1240.836	-1452.831	211.9947	0.932077	5.115291	1.909651	1.948344
11196	-1240.25	-1452.716	212.4662	1.091943	3.970529	1.487089	1.948344
11202	-1238.428	-1450.977	212.5483	1.008831	3.973625	1.487089	1.948344
11208	-1229.605	-1442.101	212.4958	1.067612	4.781946	1.166445	1.948344
11214	-1230.99	-1443.445	212.4554	1.087446	4.99671	0.9658753	2.048817
11220	-1233.253	-1444.589	211.3358	1.121512	5.001983	1.665948	2.376194
11226	-1231.542	-1442.884	211.3419	0.8014618	4.397376	1.576465	2.721214
11232	-1231.116	-1443.831	212.7151	0.9564676	4.397376	1.303977	1.874065
11238	-1226.349	-1438.711	212.3623	1.035233	3.908504	1.528437	2.049384
11244	-1247.975	-1459.729	211.7539	0.9513701	8.39228	1.422165	1.82954
11250	-1234.584	-1446.279	211.695	0.7353492	7.66819	1.044422	2.315349
11256	-1247.04	-1458.556	211.5163	0.7197843	7.66819	1.044422	2.438327
11262	-1245.996	-1457.155	211.1587	0.5337614	6.472911	1.01317	2.94612
11268	-1254.828	-1466.422	211.5949	0.7357787	5.958947	1.01317	2.63063
11274	-1243.712	-1455.526	211.8141	1.070505	5.341629	1.328986	2.202492
11280	-1237.962	-1450.394	212.4324	1.129799	4.547118	1.437044	1.845705
11286	-1238.226	-1450.277	212.0508	1.035359	4.465286	1.521641	2.13844
11292	-1230.185	-1442.275	212.0895	0.9191166	4.574609	1.583489	2.13844
11298	-1247.122	-1458.771	211.6482	0.7936673	4.129343	1.664252	2.552375
11304	-1245.456	-1457.25	211.7935	0.8918679	8.142904	0.6773222	2.358705
11310	-1252.636	-1465.845	213.2095	1.227287	3.430247	0.8713636	1.858273
11316	-1242.508	-1455.729	213.2211	1.335029	3.813527	0.9093831	1.647768
11322	-1243.006	-1455.443	212.4368	1.11145	4.925983	1.439702	1.777146
11328	-1254.826	-1467.433	212.6064	1.33931	3.810089	1.625726	1.649446
11334	-1244.837	-1458.106	213.269	1.33931	3.974329	1.126826	1.407826
11340	-1244.5	-1456.566	212.0662	0.9068647	5.327273	1.451735	2.084909
11346	-1237.851	-1449.679	211.8273	0.7441841	5.327273	1.451735	2.344335
11352	-1243.545	-1454.738	211.1938	0.8675568	5.327273	1.115237	2.834037
11358	-1238.443	-1449.017	210.5737	0.7637805	4.940511	1.111273	3.331816
11364	-1259.952	-1472.019	212.0676	1.142757	3.707443	1.197082	2.385567
11370	-1249.573	-1460.198	210.6259	0.7470423	4.576237	1.68832	3.106799
11376	-1249.506	-1460.579	211.0736	0.7669668	4.741525	2.100272	2.640684
11382	-1245.848	-1457.268	211.4195	0.8798921	4.741525	1.680036	2.516378
11388	-1235.701	-1447.076	211.3749	0.6760578	5.329606	1.091244	2.853493
11394	-1236.914	-1448.417	211.5025	0.8757625	6.254246	1.091244	2.510848
11400	-1240.87	-1453.055	212.1856	0.8285996	3.973119	1.091244	2.510848
11406	-1229.023	-1440.428	211.4052	0.8371582	5.026874	1.393603	2.629511
11412	-1239.543	-1450.512	210.969	0.8029686	3.862472	2.013944	2.883553
11418	-1233.662	-1445.395	211.7328	0.9638571	3.862472	1.594175	2.479624
11424	-1231.906	-1444.232	212.3257	0.9144971	5.312463	1.033354	2.14646
11430	-1236.884	-1449.135	212.2506	0.7996971	5.937536	0.9350748	2.230861
11436	-1241.304	-1454.082	212.7781	1.12975	6.889349	0.9350748	1.492179
11442	-1240.336	-1452.855	212.5192	0.8459674	6.400548	1.089391	1.848152
11448	-1233.665	-1445.846	212.1813	0.8169329	7.635029	1.089391	1.9195
11454	-1235.66	-1447.741	212.0803	0.8050313	7.256713	1.089391	2.046001
11460	-1235.384	-1447.308	211.9244	0.8426592	7.896295	0.8961266	2.167824
11466	-1234.73	-1446.748	212.0182	0.7488449	7.896295	0.8961266	2.167824
11472	-1234.463	-1447.034	212.5713	0.7963459	7.36998	0.9906201	1.768276
11478	-1229.206	-1441.547	212.3413	0.8347403	5.937027	0.9906201	2.112131
11484	-1235.846	-1447.706	211.86	0.7731917	7.432746	0.9906201	2.249505
11490	-1245.299	-1457.249	211.9497	0.7056406	4.811989	1.12997	2.548736
11496	-1248.206	-1460.915	212.7084	0.8902002	6.059962	0.7967656	1.952319
11502	-1243.819	-1456.019	212.2001	0.729312	7.017203	0.9076851	2.169378
11508	-1244.401	-1455.893	211.4924	0.7187491	7.017203	0.9637542	2.587075
11514	-1245.645	-1457.874	212.2296	0.7270553	7.272699	0.9991649	2.054447
11520	-1251.657	-1463.34	211.6829	1.005021	10.18401	1.086977	1.829268
11526	-1244.925	-1457.215	212.2903	0.8953815	8.257964	1.212607	1.628641
11532	-1242.269	-1454.809	212.5398	0.9800134	7.210734	1.069936	1.628641
11538	-1246.015	-1458.544	212.5284	1.129258	7.44569	1.069936	1.491826
11544	-1238.748	-1451.218	212.4707	1.059968	7.44569	0.9669002	1.659417
11550	-1240.665	-1452.903	212.2386	0.825435	7.858097	0.9669002	1.92672
11556	-1249.744	-1461.647	211.9031	0.8730894	6.823135	0.9669002	2.255116
11562	-1246.02	-1456.807	210.7878	0.5733846	6.500874	0.9669002	3.168281
11568	-1242.51	-1453.643	211.1329	0.6940685	5.47254	0.9669002	3.039081
11574	-1238.3	-1449.489	211.188	0.9051006	4.525771	0.9669002	3.039081
11580	-1235.018	-1446.491	211.4736	0.9400929	4.758744	0.9669002	2.8038
11586	-1233.82	-1445.613	211.7923	0.8641472	4.758744	0.9074316	2.693561
11592	-1244.91	-1455.975	211.0655	0.9238868	4.443881	1.68311	2.761624
11598	-1242.911	-1454.498	211.5872	0.7653854	5.403896	1.07397	2.667238
11604	-1244.939	-1456.285	211.3455	0.7957799	4.309059	1.402657	2.817771
11610	-1249.739	-1462.135	212.3961	0.9142858	3.72764	1.402657	2.209156
11616	-1246.388	-1458.176	211.7882	1.109122	3.92871	1.720975	2.283655
11622	-1237.096	-1448.379	211.2829	0.8642598	4.08416	1.723514	2.719017
11628	-1234.558	-1445.785	211.2276	0.7350857	4.227423	1.394397	2.945466
11634	-1227.891	-1439.144	211.253	0.7256157	4.227423	1.394397	2.935836
11640	-1233.594	-1445.776	212.1816	1.055534	3.713416	1.079299	2.43475
11646	-1233.356	-1444.888	211.5318	0.8502242	4.252541	1.626757	2.580705
11652	-1232.987	-1444.85	211.8634	0.8655479	4.983079	1.626757	2.223136
11658	-1234.542	-1446.089	211.5466	0.8688902	5.161432	1.626757	2.391704
11664	-1242.973	-1454.83	211.8571	0.9824009	5.860088	1.342499	2.138617
11670	-1244.927	-1457.793	212.8659	1.264204	4.759333	1.003823	1.666798
11676	-1238.868	-1451.805	212.9372	1.092332	4.014863	1.003823	1.898627
11682	-1246.512	-1458.795	212.2836	0.9747387	5.504412	1.411349	1.883634
11688	-1239.975	-1450.962	210.9865	0.9081304	5.504412	1.411349	2.755728
11694	-1234.864	-1446.662	211.7983	0.9081304	5.504412	1.240565	2.336299
11700	-1222.899	-1435.854	212.955	1.271874	4.450835	1.240565	1.504832
11706	-1224.121	-1436.798	212.6775	1.313798	4.617492	1.454868	1.515127
11712	-1231.931	-1444.715	212.7837	1.267905	4.617492	1.454868	1.469751
11718	-1240.167	-1453.047	212.8798	1.267905	4.091195	1.454868	1.521908
11724	-1232.417	-1445.049	212.6324	1.117218	4.370657	1.454868	1.744145
11730	-1243.479	-1455.564	212.0853	1.247454	4.279194	1.84698	1.866991
11736	-1235.655	-1447.638	211.9834	0.9418193	4.472466	1.865302	2.091651
11742	-1258.712	-1470.904	212.1919	1.01206	3.802594	1.865302	2.052709
11748	-1237.617	-1449.555	211.9375	0.9974644	3.802594	1.484167	2.392674
11754	-1231.252	-1442.158	210.9065	0.8038533	3.802594	1.484167	3.141054
11760	-1233.945	-1443.619	209.6732	0.6213949	3.538531	1.484167	4.019987
11766	-1236.688	-1448.37	211.6824	0.8428662	4.231472	1.484167	2.559195
11772	-1238.732	-1450.192	211.4593	0.8428662	5.006574	1.484167	2.553406
11778	-1222.492	-1434.708	212.2159	0.9290879	4.235533	1.506099	2.15451
11784	-1231.691	-1443.496	211.8054	0.9052582	4.235533	1.113817	2.632517
11790	-1237.293	-1448.945	211.6522	1.054203	4.248614	1.113817	2.632517
11796	-1237.017	-1449.127	212.1102	1.054203	4.248614	1.26741	2.259854
11802	-1232.03	-1443.697	211.6662	1.145607	4.249632	1.235402	2.499953
11808	-1238.757	-1450.639	211.8813	1.025505	4.839964	1.235402	2.327023
11814	-1237.58	-1450.012	212.4323	1.102003	4.839964	0.6702209	2.307648
11820	-1232.902	-1445.037	212.1352	0.9377887	6.374018	0.6702209	2.350896
11826	-1250.654	-1460.49	209.8365	0.7404336	4.345625	0.7520413	4.094769
11832	-1248.358	-1458.574	210.2156	0.810171	4.259486	0.7520413	3.853712
11838	-1243.913	-1455.129	211.2167	0.810171	5.054099	0.7406304	3.139355
11844	-1232.016	-1443.663	211.647	0.8016426	5.054099	1.247884	2.570169
11850	-1235.065	-1446.863	211.7978	0.8785637	5.187578	1.093537	2.490874
11856	-1237.626	-1449.319	211.6933	0.8785637	5.583771	1.093537	2.490874
11862	-1238.605	-1450.756	212.1514	1.016784	4.18387	1.093537	2.368675
11868	-1239.869	-1452.349	212.4803	1.208543	4.18387	1.808355	1.65666
11874	-1234.618	-1447.086	212.4678	1.251986	3.927136	1.712479	1.739389
11880	-1239.6	-1451.071	211.4715	0.9254713	4.633474	1.712479	2.461789
11886	-1232.464	-1444.164	211.7001	0.8101849	4.633474	1.547928	2.461789
11892	-1228.141	-1438.795	210.6544	0.8520388	6.488154	0.8239432	3.176022
11898	-1227.779	-1438.959	211.1806	0.729097	5.288918	0.8239432	3.111475
11904	-1232.435	-1443.718	211.2828	0.874034	4.001084	0.8239432	3.193695
11910	-1236.905	-1448.627	211.722	1.087047	3.711258	1.516927	2.477133
11916	-1231.458	-1443.342	211.8838	0.9622159	4.159294	1.562444	2.336608
11922	-1224.113	-1436.052	211.9389	0.9322543	4.160969	1.59233	2.306755
11928	-1229.06	-1440.817	211.7566	0.9178827	4.906909	1.59233	2.287339
11934	-1238.953	-1451.089	212.1365	1.081422	4.475649	0.8641082	2.426828
11940	-1243	-1454.557	211.5567	0.9278459	4.831309	1.741471	2.357832
11946	-1242.699	-1453.942	211.2429	0.8140854	4.831309	1.16938	2.890267
11952	-1239.794	-1450.93	211.1367	1.015843	4.831309	1.429112	2.702124
11958	-1230.666	-1441.512	210.8458	0.8058596	4.959918	1.186012	3.102696
11964	-1248.402	-1460.069	211.6672	0.8742614	3.726369	2.048542	2.426359
11970	-1254.81	-1466.089	211.2797	0.7903581	3.331221	2.073387	2.800316
11976	-1241.116	-1452.38	211.2643	0.8444676	4.42269	2.073387	2.543544
11982	-1246.328	-1458.059	211.7308	0.8254367	4.644816	1.311798	2.543544
11988	-1245.365	-1456.969	211.6041	0.9204943	4.644816	1.105875	2.673675
11994	-1244.239	-1455.859	211.6196	0.7495357	4.344272	1.049376	2.857335
12000	-1250.75	-1461.998	211.2487	0.8518419	4.344272	1.76112	2.681009
12006	-1248.314	-1459.342	211.0278	0.8358676	4.344272	1.308152	3.023788
12012	-1241.938	-1453.661	211.7231	1.04255	3.69025	1.610269	2.467449
12018	-1229.818	-1442.63	212.8122	1.154506	3.91567	1.236182	1.818329
12024	-1231.954	-1444.97	213.0159	1.219126	3.286415	1.335378	1.735337
12030	-1231.539	-1444.291	212.7514	1.219126	4.359074	1.369664	1.636396
12036	-1234.707	-1447.163	212.4566	1.145474	4.658818	1.757824	1.636396
12042	-1240.19	-1453.246	213.056	1.248006	4.598226	1.375279	1.325315
12048	-1239.54	-1452.354	212.8138	1.319145	3.515553	2.392264	1.240815
12054	-1238.519	-1451.45	212.9313	1.488433	3.490558	1.915145	1.230265
12060	-1225.375	-1438.235	212.8598	1.366017	3.361463	2.289308	1.256826
12066	-1232.58	-1445.513	212.9323	1.263041	3.933014	1.693789	1.397366
12072	-1234.543	-1447.963	213.4197	1.157884	4.367806	0.7603785	1.623157
12078	-1243.956	-1456.984	213.0283	1.291041	3.711926	0.8098193	1.915081
12084	-1247.221	-1461.003	213.7814	1.43785	3.711926	0.7931096	1.269397
12090	-1241.483	-1453.518	212.035	0.9505114	4.920938	0.6452281	2.658139
12096	-1236.851	-1448.982	212.1304	1.04191	5.551696	1.104781	2.105429
12102	-1227.501	-1440.282	212.781	1.065851	5.551696	1.35848	1.48501
12108	-1251.391	-1464.232	212.8412	1.294302	6.011338	0.8776506	1.517595
12114	-1247.629	-1458.985	211.356	0.6604568	7.678023	1.173822	2.499718
12120	-1254.051	-1467.349	213.2984	1.306892	5.448786	0.519989	1.622775
12126	-1250.454	-1462.896	212.4427	1.314013	5.448786	0.7967141	1.948792
12132	-1240.873	-1453.539	212.6667	1.242713	6.218468	0.8654706	1.656574
12138	-1243.839	-1455.005	211.1656	1.137368	5.886693	1.953648	2.209819
12144	-1238.057	-1450.037	211.9801	0.9563863	4.13775	1.111591	2.513337
12150	-1227.762	-1439.914	212.1528	1.105506	3.911824	1.348128	2.228867
12156	-1234.419	-1446.225	211.8059	0.9779742	4.09876	1.348128	2.490007
12162	-1239.986	-1451.87	211.8849	1.088189	3.424356	1.348128	2.521229
12168	-1236.06	-1448.477	212.4162	1.347422	2.588672	1.348128	2.246223
12174	-1240.713	-1453.358	212.6457	1.272893	3.369662	1.803186	1.700474
12180	-1239.061	-1451.353	212.2919	1.288372	3.732267	1.791627	1.847517
12186	-1244.823	-1456.445	211.6218	1.119472	3.892283	1.791627	2.361833
12192	-1250.54	-1462.371	211.8306	0.924078	4.247425	1.791627	2.278093
12198	-1247.174	-1459.894	212.7205	1.066573	4.247425	0.8953076	2.084967
12204	-1244.876	-1457.141	212.2656	1.05504	4.516039	1.209012	2.136761
12210	-1262.906	-1474.402	211.496	0.7526982	3.828641	0.9638631	3.083562
12216	-1249.971	-1460.609	210.6386	0.9334777	3.828641	1.814333	3.083562
12222	-1238.569	-1450.032	211.4627	0.9148494	3.996273	1.814333	2.558815
12228	-1253.184	-1464.435	211.251	0.9148494	3.996273	2.363824	2.495819
12234	-1246.679	-1458.558	211.8788	0.8174331	4.503243	2.142405	2.129022
12240	-1243.193	-1454.442	211.2495	0.6990671	6.581572	0.7770022	2.932225
12246	-1240.002	-1451.818	211.816	0.8422044	9.536826	0.6263186	2.264998
12252	-1230.407	-1442.854	212.4474	1.016481	7.479967	0.6263186	1.981594
12258	-1240.933	-1452.479	211.5454	0.8889391	5.2964	1.234603	2.545024
12264	-1230.036	-1442.154	212.1175	0.9641992	5.2964	1.311948	2.090871
12270	-1241.883	-1452.842	210.959	0.9306237	5.128342	1.427376	2.81245
12276	-1249.606	-1461.144	211.5385	0.7812683	4.157686	1.436221	2.722854
12282	-1243.965	-1456.09	212.1243	0.8631762	4.157686	1.436221	2.305859
12288	-1239.763	-1452.048	212.285	1.089717	3.265222	1.436221	2.263125
12294	-1242.865	-1455.217	212.3513	1.07955	3.265222	1.503108	2.194745
12300	-1239.089	-1451.423	212.334	1.07741	3.265222	1.67521	2.128775
12306	-1228.117	-1439.157	211.0402	0.6862796	4.353867	1.538294	2.998606
12312	-1235.689	-1447.944	212.2553	0.9451967	4.327761	1.538294	2.083716
12318	-1249.67	-1462.183	212.5127	1.07932	3.996893	1.73157	1.803154
12324	-1245.446	-1456.838	211.3928	0.7678324	4.114613	2.138161	2.549746
12330	-1241.821	-1452.618	210.7977	0.5864397	4.092004	1.58789	3.231724
12336	-1231.593	-1443.411	211.8183	0.8985662	4.135614	0.7115535	2.913953
12342	-1236.364	-1447.636	211.2722	0.7791662	5.352201	1.122758	2.831876
12348	-1230.912	-1442.717	211.805	0.9000111	4.927897	1.122758	2.501175
12354	-1231.327	-1443.169	211.8418	0.9243334	3.892255	1.107584	2.672188
12360	-1228.136	-1439.162	211.0263	0.6720977	4.454962	1.129127	3.193693
12366	-1232.151	-1443.998	211.8474	1.021614	4.34548	1.129127	2.503782
12372	-1232.15	-1444	211.8498	0.8621972	3.923654	1.358494	2.566331
12378	-1252.408	-1464.466	212.0583	1.118042	3.923654	1.358494	2.273614
12384	-1254.405	-1465.617	211.2117	0.8825226	3.990028	1.127869	3.047949
12390	-1252.982	-1464.345	211.3627	0.8254499	3.84587	1.543785	2.818716
12396	-1243.898	-1454.495	210.5969	0.6719034	4.278536	1.287974	3.398328
12402	-1238.332	-1449.874	211.542	0.7053941	4.696839	1.236923	2.762726
12408	-1235.603	-1447.799	212.1963	0.984754	5.935679	1.050877	2.070002
12414	-1226.539	-1438.468	211.9289	0.900699	4.272752	1.232403	2.485831
12420	-1225.675	-1436.926	211.2514	0.8006603	4.270084	0.9859857	3.099621
12426	-1235.025	-1447.444	212.4187	0.8318924	4.265597	0.9523775	2.387817
12432	-1237.801	-1449.864	212.063	0.9491472	4.716899	1.056765	2.385284
12438	-1245.929	-1456.166	210.237	0.6123755	4.716899	1.533004	3.454659
12444	-1242.798	-1454.549	211.751	0.6922419	5.014304	1.167884	2.623339
12450	-1236.784	-1448.301	211.5173	0.7200508	5.416467	0.6372567	3.036658
12456	-1244.258	-1455.503	211.2459	0.7891714	4.673665	0.9842906	3.036658
12462	-1252.334	-1464.321	211.9873	1.044332	4.337898	1.640967	2.14499
12468	-1239.679	-1451.924	212.2452	1.103299	3.847597	1.990353	1.89482
12474	-1236.436	-1448.057	211.6206	1.02424	3.809882	1.20368	2.711294
12480	-1237.78	-1450.391	212.6104	0.8475973	4.543157	0.9128586	2.226819
12486	-1235.135	-1446.825	211.6897	0.8740506	5.793295	1.276571	2.361103
12492	-1246.909	-1458.192	211.2828	1.160796	5.113476	2.045978	2.213643
12498	-1246.367	-1457.944	211.5768	1.069528	4.290362	1.687792	2.381615
12504	-1244.129	-1456.523	212.3936	0.8723103	5.253898	1.393835	1.932487
12510	-1239.36	-1451.559	212.1993	0.9639554	5.542135	1.061149	2.139856
12516	-1239.344	-1451.549	212.2049	0.956569	5.871517	1.08719	2.070501
12522	-1229.715	-1441.311	211.5957	0.7642872	6.102017	1.08719	2.546918
12528	-1237.953	-1450.159	212.2065	0.8812378	5.421697	1.727675	1.861399
12534	-1229.056	-1441.635	212.5795	0.9099029	5.421697	0.8184035	2.113933
12540	-1232.147	-1444.867	212.7199	0.9880549	5.421697	1.041793	1.808338
12546	-1229.984	-1442.224	212.2403	0.9236472	6.301675	1.209401	1.926974
12552	-1233.023	-1444.951	211.9286	0.998167	6.307211	1.739453	1.816846
12558	-1232.063	-1444.366	212.3033	1.031425	4.727998	1.739453	1.818632
12564	-1237.799	-1450.177	212.3779	1.071714	4.727998	1.623582	1.793072
12570	-1247.429	-1459.945	212.5163	1.071714	3.818276	1.623582	1.89773
12576	-1248.853	-1460.626	211.773	0.7028888	4.451979	1.10365	2.740669
12582	-1232.695	-1444.239	211.5435	0.7357544	5.127778	1.10365	2.740669
12588	-1223.262	-1434.694	211.4325	0.8101607	4.825209	1.564578	2.58616
12594	-1225.09	-1436.594	211.5046	0.8570647	4.825209	1.564578	2.512145
12600	-1231.146	-1442.319	211.1733	0.8799879	4.321832	2.019365	2.616795
12606	-1239.224	-1450.29	211.0662	0.7410864	4.321832	2.019365	2.767865
12612	-1234.21	-1445.442	211.232	0.782274	5.427129	1.159642	2.822152
12618	-1236.949	-1448.44	211.4914	0.7315705	5.427129	1.159642	2.694683
12624	-1242.137	-1453.802	211.6653	0.9639358	4.030888	2.165915	2.261724
12630	-1247.954	-1459.965	212.011	1.104042	3.055793	2.050668	2.224996
12636	-1243.937	-1456.118	212.1806	1.083245	4.367036	1.985323	1.837696
12642	-1245.568	-1457.926	212.3576	1.088557	4.494303	1.43508	1.936511
12648	-1231.478	-1443.185	211.707	0.8785015	5.304111	1.202806	2.466427
12654	-1234.489	-1446.192	211.7031	0.7882569	5.143619	1.202806	2.552329
12660	-1230.444	-1441.33	210.8861	0.7910889	5.143619	1.355227	2.972255
12666	-1234.352	-1444.577	210.2259	0.6283151	5.104772	1.17862	3.552125
12672	-1227.402	-1438.553	211.1509	0.7665893	5.075065	1.028033	3.012081
12678	-1232.837	-1443.628	210.7905	0.8272227	4.938785	1.028033	3.213431
12684	-1230.513	-1441.674	211.1602	0.7719395	6.816893	1.028033	2.745553
12690	-1240.535	-1452.45	211.9151	0.7943609	5.995656	0.9602727	2.422283
12696	-1225.513	-1437.161	211.6482	0.7451228	6.915387	0.8461682	2.56623
12702	-1223.906	-1434.742	210.8355	0.7024457	6.827136	0.8461682	3.097531
12708	-1233.208	-1444.611	211.4035	0.6905651	6.827136	0.7797788	2.809352
12714	-1251.58	-1463.051	211.4702	0.6643589	6.827136	0.7797788	2.78469
12720	-1242.465	-1452.703	210.2381	0.5743646	7.115344	0.7797788	3.534225
12726	-1252.986	-1463.766	210.78	0.8777283	5.600348	0.8022631	3.227707
12732	-1235.419	-1445.887	210.4678	0.5428036	5.14414	1.366526	3.362746
12738	-1229.95	-1441.333	211.3824	0.6798195	5.553455	1.366526	2.66665
12744	-1236.79	-1448.099	211.3084	0.8982926	5.195597	1.427026	2.606923
12750	-1238.985	-1451.419	212.4339	0.8442091	5.594798	0.9786512	2.109104
12756	-1252.054	-1463.563	211.5089	0.9902033	3.785307	1.508219	2.657249
12762	-1242.386	-1454.373	211.9865	0.8008911	5.071036	1.508219	2.223898
12768	-1238.787	-1448.31	209.5232	0.6534244	4.422052	1.474197	3.920346
12774	-1232.129	-1443.03	210.9009	0.8007977	3.876311	1.474197	3.135327
12780	-1249.117	-1461.608	212.491	0.9300681	4.3762	1.176882	2.117754
12786	-1242.4	-1454.91	212.5096	1.060181	3.725415	1.660546	1.915144
12792	-1240.505	-1452.338	211.8321	0.7515496	4.929086	1.278283	2.492084
12798	-1230.416	-1442.173	211.7571	0.7399231	5.870061	1.278283	2.390501
12804	-1240.651	-1452.57	211.9183	0.8137609	6.329736	1.199057	2.213441
12810	-1235.54	-1447.609	212.0681	0.8904082	6.329736	1.199057	2.065677
12816	-1239.518	-1452.009	212.4902	0.9393408	5.770387	0.9992367	1.9656
12822	-1236.531	-1448.652	212.121	1.0655	5.941429	0.9992367	2.098861
12828	-1254.416	-1465.808	211.3923	0.8950649	5.731448	1.20077	2.584468
12834	-1246.187	-1458.239	212.0513	0.9069967	5.784074	1.116426	2.199581
12840	-1250.957	-1462.851	211.8937	0.8297993	7.285879	1.007644	2.199581
12846	-1248.934	-1461.379	212.4442	0.9221449	7.585498	0.7162705	1.951829
12852	-1241.989	-1454.451	212.4616	1.015342	7.585498	0.7162705	1.876984
12858	-1239.837	-1451.71	211.8733	0.9310831	7.585498	0.7754551	2.272016
12864	-1232.583	-1444.515	211.9319	0.8100452	7.585498	0.8499617	2.256278
12870	-1227.1	-1438.743	211.6429	0.9037095	7.775663	1.001202	2.254643
12876	-1238.026	-1449.919	211.8928	0.7164937	8.546381	1.001202	2.120614
12882	-1241.646	-1453.557	211.9109	0.6896428	7.742507	1.167305	2.122438
12888	-1241.352	-1452.904	211.5516	0.6844587	7.742507	1.326066	2.271352
12894	-1238.83	-1450.701	211.8702	0.73056	7.516134	0.8216352	2.375794
12900	-1227.268	-1438.804	211.5357	0.6556381	6.657008	1.482321	2.36659
12906	-1225.438	-1437.167	211.7282	0.6278586	6.657008	1.145401	2.436188
12912	-1236.805	-1448.057	211.2521	0.6495869	7.002146	1.145401	2.672201
12918	-1233.011	-1443.421	210.4097	0.601011	5.61102	1.145401	3.39964
12924	-1257.548	-1468.99	211.4427	0.760406	3.493763	2.3129	2.600241
12930	-1243.279	-1454.307	211.028	0.9639901	3.57627	2.3129	2.711358
12936	-1226.877	-1438.9	212.023	1.08869	3.791468	1.566913	2.244248
12942	-1233.118	-1445.734	212.6166	1.007476	3.484873	1.49595	2.015825
12948	-1244.454	-1456.453	211.9998	0.9995242	3.484873	2.476831	2.041002
12954	-1237.668	-1449.35	211.6825	0.7228444	5.329391	1.543277	2.406613
12960	-1233.664	-1445.41	211.7455	0.7359237	5.440316	1.401813	2.406613
12966	-1237.384	-1449.548	212.1641	0.8994013	6.326974	1.259389	1.961951
12972	-1252.787	-1465.137	212.35	1.234538	4.669266	2.072099	1.506826
12978	-1237.985	-1450.286	212.3004	1.116726	4.669266	1.627089	1.825808
12984	-1238.365	-1451.032	212.6666	1.077864	4.433119	1.287771	1.825587
12990	-1245.181	-1457.575	212.3934	1.144396	3.320348	2.177261	1.825587
12996	-1242.438	-1454.381	211.943	0.9774217	4.790934	1.128129	2.387392
13002	-1249.122	-1459.929	210.8078	0.7375085	4.818281	2.13998	2.794303
13008	-1247.503	-1458.287	210.7849	0.8203886	4.461204	2.224943	2.794303
13014	-1239.071	-1450.584	211.5129	0.7999374	6.163829	1.085363	2.568206
13020	-1235.059	-1446.894	211.8349	0.736668	5.290003	1.355697	2.39766
13026	-1240.752	-1452.396	211.6437	0.9813591	4.335623	1.35574	2.537704
13032	-1243.024	-1454.943	211.9183	0.8531939	5.308391	1.02557	2.451671
13038	-1246.909	-1458.753	211.8441	0.8161566	4.58468	1.494534	2.400993
13044	-1243.077	-1455.729	212.6524	1.000379	4.264417	1.365098	1.881958
13050	-1235.683	-1448.579	212.8955	1.057176	4.531372	1.365098	1.613427
13056	-1238.884	-1451.173	212.2888	0.9249835	3.862499	1.65968	2.120224
13062	-1250.837	-1462.466	211.6291	0.7406609	5.096448	1.65968	2.417596
13068	-1254.653	-1466.157	211.5038	0.9017916	5.330161	1.470491	2.439878
13074	-1259.765	-1471.33	211.5648	0.8935595	4.430026	1.384957	2.608556
13080	-1249.722	-1462.568	212.8459	1.557415	5.987473	1.377547	0.8875917
13086	-1255.547	-1468.547	212.9992	1.557415	5.88641	1.220764	0.8875917
13092	-1254.226	-1466.752	212.526	0.9543048	3.398326	1.459711	2.149779
13098	-1236.175	-1448.403	212.228	0.9278686	4.027276	1.459711	2.21404
13104	-1241.525	-1453.378	211.8526	1.001895	4.027276	1.907893	2.213601
13110	-1233.786	-1445.816	212.0299	1.045966	4.448682	1.907893	1.979303
13116	-1245.976	-1458.169	212.1928	0.8811173	4.448682	1.724764	2.057648
13122	-1232.536	-1443.784	211.2471	0.7653246	4.983816	1.750861	2.622266
13128	-1237.408	-1448.985	211.5774	0.7653246	4.983816	1.497874	2.525838
13134	-1240.436	-1451.942	211.5063	0.7085467	4.614604	1.497874	2.671325
13140	-1232.279	-1443.494	211.215	0.6839854	4.151202	1.662118	2.881631
13146	-1237.283	-1449.45	212.1671	0.7945182	4.002252	1.437854	2.354357
13152	-1248.573	-1460.057	211.4839	0.8217024	4.802015	1.437854	2.608942
13158	-1246.817	-1458.696	211.8794	0.8430074	4.802015	1.562836	2.289312
13164	-1252.564	-1462.924	210.3604	0.6807109	3.313953	1.029488	3.862176
13170	-1251.894	-1462.437	210.5427	0.7065821	2.955424	1.309352	3.683197
13176	-1246.89	-1457.158	210.268	0.5522196	3.461375	1.608837	3.683197
13182	-1239.184	-1449.888	210.7035	0.7292199	3.461375	1.167709	3.52831
13188	-1246.006	-1457.984	211.9781	0.6988663	3.844939	1.524661	2.526735
13194	-1235.352	-1447.338	211.9862	0.8600089	4.805529	1.524661	2.226773
13200	-1245.003	-1457.187	212.1841	1.033951	4.805529	1.074074	2.226773
13206	-1244.281	-1456.602	212.3205	0.9672295	4.796841	1.14939	2.138104
13212	-1239.561	-1451.191	211.6307	0.974796	4.796841	1.811647	2.258172
13218	-1233.579	-1445.396	211.8164	0.7656172	4.358207	1.097955	2.696728
13224	-1237.214	-1449.336	212.1218	0.8895259	5.413098	1.097955	2.237551
13230	-1237.412	-1449.166	211.7538	0.754481	4.705733	1.294294	2.571039
13236	-1240.809	-1453.086	212.2772	1.080573	4.826699	0.9626296	2.203642
13242	-1237.639	-1449.439	211.7998	0.8180771	4.547676	0.9626296	2.720167
13248	-1235.187	-1447.035	211.8476	0.7789494	4.932346	0.9996841	2.622303
13254	-1233.577	-1444.941	211.3645	0.7251381	4.932346	0.9996841	2.949564
13260	-1245.153	-1455.365	210.212	0.5627424	3.897395	2.033073	3.461973
13266	-1238.563	-1450.449	211.8852	0.6898254	3.995071	1.256301	2.687507
13272	-1230.054	-1442.438	212.3839	1.109415	4.810852	1.139639	2.005753
13278	-1230.05	-1442.675	212.6248	1.12202	4.930564	0.76554	2.074162
13284	-1242.136	-1454.679	212.5427	1.076077	4.930564	0.76554	2.157977
13290	-1247.038	-1458.21	211.1721	1.076193	4.805688	1.146687	2.791026
13296	-1247.603	-1458.534	210.9315	0.8800705	3.970159	1.617728	2.988945
13302	-1233.343	-1444.471	211.1275	0.8342252	4.491944	1.370963	2.907016
13308	-1242.357	-1453.707	211.3495	0.9112276	4.402232	2.397484	2.342374
13314	-1246.974	-1457.605	210.6308	0.7404544	4.168612	1.605506	3.217213
13320	-1241.113	-1452.481	211.3686	0.796021	4.570079	1.229311	2.840129
13326	-1231.911	-1443.048	211.1367	0.6945263	4.570079	1.228121	3.041609
13332	-1234.248	-1444.791	210.5426	0.6828809	4.570079	2.110214	3.041609
13338	-1236.118	-1447.529	211.4113	0.7606197	4.774005	2.110214	2.424805
13344	-1230.627	-1442.347	211.7202	0.8802678	4.774005	1.448885	2.424805
13350	-1232.932	-1444.385	211.4527	0.8483282	5.287946	1.448885	2.522523
13356	-1233.456	-1444.24	210.7841	0.5631495	4.611386	1.244237	3.313262
13362	-1230.861	-1441.645	210.7841	0.6114832	4.260174	1.23416	3.353824
13368	-1233.721	-1443.831	210.1098	0.6230004	4.649278	1.095889	3.741592
13374	-1224.508	-1435.54	211.0318	0.531359	5.909136	1.095889	3.055548
13380	-1216.81	-1428.059	211.2488	0.6871481	5.848907	1.095889	2.839969
13386	-1228.017	-1439.501	211.4839	0.740421	5.848907	1.230753	2.58941
13392	-1235.594	-1446.885	211.2915	0.7561134	6.796559	1.130949	2.617593
13398	-1247.17	-1457.557	210.3872	0.6148456	7.044724	0.9914809	3.295694
13404	-1249.029	-1460.831	211.8018	0.7594553	6.154137	0.9373755	2.506439
13410	-1253.675	-1466.407	212.7327	1.790755	5.891718	1.513166	0.5316418
13416	-1254.122	-1467.543	213.4214	1.857921	5.084709	0.8907195	0.5553276
13422	-1237.447	-1450.789	213.3419	1.692185	5.084709	1.056633	0.729733
13428	-1242.991	-1455.973	212.982	1.692185	6.580621	1.056633	0.7115551
13434	-1236.456	-1449.174	212.7173	1.373822	7.408741	1.056633	1.158918
13440	-1227.582	-1440.601	213.0188	1.489426	6.660093	1.074894	0.8874969
13446	-1227.385	-1440.317	212.9315	1.437836	6.660093	1.001466	1.099924
13452	-1233.629	-1446.653	213.0237	1.427362	5.629932	1.001466	1.241801
13458	-1237.639	-1450.506	212.8671	1.301978	4.131458	1.597498	1.417266
13464	-1240.245	-1452.91	212.6655	1.350022	3.532722	1.959729	1.515229
13470	-1237.605	-1450.609	213.0039	1.37983	4.573349	1.343748	1.287031
13476	-1242.029	-1455.316	213.287	1.363231	3.737505	1.447239	1.226052
13482	-1246.65	-1459.635	212.9847	1.385711	5.409447	1.221534	1.185679
13488	-1235.092	-1448.149	213.0566	1.273471	5.409447	1.269182	1.185679
13494	-1238.973	-1451.853	212.8804	1.171705	5.806315	1.396898	1.248441
13500	-1238.68	-1450.89	212.2101	0.9626747	5.806315	1.501822	1.843368
13506	-1238.462	-1451.077	212.6147	1.07879	4.314651	1.367742	1.841781
13512	-1235.742	-1448.069	212.3269	1.226873	4.774882	1.367742	1.841781
13518	-1236.019	-1448.421	212.4023	1.151512	4.774882	1.367742	1.841781
13524	-1239.879	-1452.074	212.1948	0.991863	5.445288	2.092675	1.631792
13530	-1254.072	-1466.103	212.0316	0.985728	6.542196	1.067325	2.074126
13536	-1263.923	-1476.252	212.3289	0.924164	5.845439	0.6390887	2.343385
13542	-1259.346	-1471.758	212.4128	1.003635	6.075576	0.6828783	2.164351
13548	-1250.778	-1462.888	212.1103	0.8663678	6.409168	0.6828783	2.396145
13554	-1240.952	-1452.751	211.7983	1.045757	6.094206	0.6828783	2.525447
13560	-1227.923	-1439.517	211.5942	0.824191	6.094206	1.145693	2.478028
13566	-1232.749	-1444.52	211.7711	0.8595756	5.255265	1.145693	2.478028
13572	-1243.636	-1455.918	212.2812	0.9610401	5.255265	1.371559	1.959905
13578	-1244.923	-1457.122	212.199	0.9342239	4.329724	1.729869	2.040734
13584	-1238.66	-1450.819	212.1587	0.9404678	3.764591	1.729869	2.186611
13590	-1235.983	-1447.58	211.5974	0.7823698	4.10306	1.704849	2.579411
13596	-1234.909	-1446.783	211.8739	0.8402547	4.10306	1.256299	2.579411
13602	-1237.542	-1449.025	211.4826	0.7013602	4.10306	1.256299	2.903711
13608	-1240.592	-1451.346	210.7544	0.5957487	5.480178	1.376878	3.104031
13614	-1243.351	-1454.647	211.2959	0.63189	5.480178	1.266451	2.8102
13620	-1236.963	-1448.562	211.5992	0.8181406	3.959671	1.389356	2.725488
13626	-1227.379	-1439.382	212.003	0.8686439	3.548754	1.389356	2.535019
13632	-1227.485	-1439.348	211.8638	1.083187	3.895975	1.538426	2.339372
13638	-1228.662	-1440.718	212.0565	1.008724	5.16763	1.538426	2.010214
13644	-1234.263	-1446.438	212.1747	0.9432409	4.833885	1.538426	2.037349
13650	-1229.262	-1441.001	211.7389	0.8932002	4.101872	1.538426	2.494202
13656	-1249.131	-1459.914	210.7832	0.8121312	3.243384	1.780062	3.212364
13662	-1243.94	-1455.217	211.277	0.7197745	3.243384	1.484099	3.094996
13668	-1250.548	-1460.211	209.663	0.6144564	3.228693	1.484099	4.097966
13674	-1252.224	-1462.129	209.9052	0.6330971	3.665173	1.260117	3.955005
13680	-1264.769	-1475.736	210.9671	0.832011	3.477799	1.398497	3.197011
13686	-1251.953	-1462.746	210.7936	0.6589825	4.356842	1.135452	3.353372
13692	-1249.493	-1460.107	210.6136	0.6142583	4.356842	1.148467	3.478123
13698	-1256.175	-1467.196	211.0209	0.6836339	4.830143	1.134898	3.120459
13704	-1245.461	-1456.248	210.7868	0.6873276	3.201234	1.379012	3.460635
13710	-1243.151	-1454.016	210.8646	0.7007775	4.120935	0.9120298	3.460635
13716	-1250.871	-1461.97	211.0986	0.6540067	4.117114	0.9120298	3.3517
13722	-1243.386	-1454.046	210.6601	0.7397708	4.477923	0.9120298	3.491124
13728	-1246.472	-1457.717	211.245	0.7325056	4.768724	0.9842997	3.05434
13734	-1242.649	-1453.468	210.819	0.840978	4.566257	1.125805	3.198176
13740	-1241.593	-1451.682	210.0893	0.6707679	4.815949	1.22335	3.631509
13746	-1233.479	-1444.5	211.0208	0.7257533	4.30692	1.22335	3.143094
13752	-1236.596	-1447.478	210.8821	0.7338326	5.480438	1.651021	2.823648
13758	-1242.98	-1453.905	210.925	0.7615677	4.80956	1.618025	2.906012
13764	-1235.849	-1447.014	211.1646	0.8124163	3.461678	1.270167	3.156246
13770	-1247.255	-1458.886	211.6312	0.968028	4.018472	0.9981777	2.81241
13776	-1238.421	-1450.336	211.9156	0.9377768	3.26554	1.727382	2.463329
13782	-1244.603	-1455.881	211.2778	0.8488929	3.722257	1.269617	3.010054
13788	-1248.998	-1460.305	211.3076	0.8062136	4.067084	1.487386	2.843184
13794	-1252.667	-1462.304	209.6375	0.6697767	4.713976	1.293116	3.876089
13800	-1251.441	-1462.333	210.8927	0.6958109	5.268559	1.196364	3.084271
13806	-1249.944	-1460.679	210.7342	0.854282	5.268559	1.196364	3.084271
13812	-1237.406	-1447.889	210.4835	0.4910525	5.268559	1.353379	3.370174
13818	-1241.555	-1453.114	211.559	0.5558739	3.95036	1.360441	2.925003
13824	-1242.375	-1452.851	210.4756	0.6157194	3.708902	1.360441	3.579905
13830	-1244.919	-1456.793	211.8741	0.7496892	4.508782	1.221797	2.573848
13836	-1249.671	-1460.926	211.2552	0.7887719	4.634238	1.221797	2.905373
13842	-1245.989	-1457.31	211.3205	0.8639367	4.634238	1.066516	2.905373
13848	-1236.959	-1447.747	210.7885	0.8383171	3.699442	1.69772	3.123295
13854	-1233.619	-1445.565	211.9457	0.8845029	3.510063	1.205656	2.663061
13860	-1229.818	-1441.58	211.7627	0.939776	3.865115	1.205656	2.663061
13866	-1225.899	-1437.621	211.7225	0.887672	4.92086	1.205656	2.515458
13872	-1228.972	-1439.648	210.6768	0.8129194	4.220279	2.022842	2.97853
13878	-1237.398	-1449.441	212.0436	0.8805604	3.467656	2.073202	2.23416
13884	-1239.403	-1450.275	210.8716	0.8256697	3.458682	1.177175	3.369301
13890	-1235.917	-1447.297	211.3797	0.6413933	4.832112	1.177175	2.907612
13896	-1247.952	-1459.411	211.4595	0.6803797	5.385951	1.350406	2.653524
13902	-1238.792	-1451.361	212.5689	0.930425	4.193582	1.100906	2.149572
13908	-1238.82	-1450.15	211.3298	0.7483078	3.759857	1.415169	2.961263
13914	-1236.504	-1447.929	211.425	0.6530684	3.759857	1.415169	2.961263
13920	-1236.258	-1447.345	211.087	0.9795929	3.759857	1.242226	3.051825
13926	-1226.962	-1437.06	210.0976	0.6406081	4.581176	1.242226	3.674996
13932	-1232.898	-1444.161	211.2631	0.6642012	5.275994	1.242226	2.855587
13938	-1225.716	-1436.493	210.7764	0.802463	5.09482	1.242226	3.094659
13944	-1252.161	-1462.675	210.5143	0.7801361	3.973338	1.242226	3.464357
13950	-1233.747	-1445.085	211.3379	0.5337041	3.973338	1.242226	3.124111
13956	-1232.7	-1442.397	209.6968	0.6102239	3.427058	1.436024	4.057462
13962	-1232.281	-1443.629	211.3472	0.7374807	3.641789	1.581226	2.909194
13968	-1234.693	-1446.061	211.3677	0.8598192	3.193491	1.622582	2.909194
13974	-1221.581	-1433.461	211.8793	0.8598192	5.056818	1.213855	2.406129
13980	-1229.943	-1441.83	211.887	0.8157673	4.021976	1.213855	2.625507
13986	-1235.116	-1446.189	211.0726	0.7612371	3.888798	1.529839	3.02957
13992	-1249.929	-1461.892	211.9629	0.8907623	3.503577	1.63845	2.443001
13998	-1246.553	-1457.839	211.2859	0.9217933	4.779033	0.8729968	2.985173
14004	-1265.47	-1477.373	211.903	0.9207194	3.994604	1.066714	2.638912
14010	-1245.882	-1458.482	212.5996	1.120616	3.989916	1.427591	1.864368
14016	-1238.439	-1450.771	212.3325	1.241452	3.989916	1.427591	1.963351
14022	-1235.036	-1447.639	212.6024	1.140234	4.005846	1.213054	1.963351
14028	-1232.346	-1445.105	212.7592	1.140234	4.814128	1.103962	1.750532
14034	-1240.948	-1453.061	212.113	0.9629765	5.719074	1.103962	2.141112
14040	-1227.167	-1439.511	212.3434	0.9519507	4.903929	1.103962	2.140122
14046	-1242.592	-1454.901	212.3094	0.9914985	4.122933	1.569303	2.046366
14052	-1239.378	-1451.725	212.3474	1.104175	3.978032	1.298724	2.114629
14058	-1234.775	-1447.509	212.7337	1.104175	4.725711	1.017258	1.868182
14064	-1234.81	-1446.956	212.1459	1.104175	4.83745	1.710032	1.868182
14070	-1222.949	-1435.347	212.398	1.107878	4.83745	1.124861	2.001225
14076	-1234.979	-1447.648	212.6687	1.174778	4.492408	1.124861	1.842269
14082	-1235.163	-1447.718	212.555	1.140466	4.520425	1.124861	1.937074
14088	-1243.041	-1455.548	212.5063	1.09669	5.247912	0.8182056	2.06983
14094	-1245.615	-1458.174	212.5595	1.141451	5.247912	1.569444	1.535766
14100	-1227.858	-1440.122	212.264	1.072395	4.633289	1.569444	1.915719
14106	-1231.127	-1443.244	212.1168	1.043246	3.966093	1.813732	2.065834
14112	-1240.704	-1452.991	212.2872	1.099605	3.966093	1.195399	2.216204
14118	-1233.599	-1446.011	212.4112	1.047831	4.424859	1.189147	2.075741
14124	-1228.395	-1440.876	212.4814	1.065641	3.909322	1.283031	2.075741
14130	-1220.133	-1432.679	212.5464	0.9413236	3.909322	1.236707	2.140129
14136	-1242.927	-1454.972	212.0448	1.013303	4.31643	1.433599	2.229122
14142	-1246.702	-1458.923	212.2205	1.04702	4.087651	1.236386	2.244059
14148	-1238.865	-1450.545	211.6804	0.943798	4.751252	1.473655	2.402357
14154	-1242.978	-1454.123	211.1445	0.7280197	3.655327	1.436204	3.097183
14160	-1250.115	-1461.826	211.7108	0.9957379	4.486497	1.436204	2.418174
14166	-1261.165	-1473.69	212.5256	0.9607035	3.312051	1.319372	2.238379
14172	-1247.774	-1459.274	211.5	0.7838407	2.452595	1.155017	3.292076
14178	-1250.764	-1462.694	211.9294	0.8685601	2.785434	1.955983	2.535277
14184	-1248.355	-1458.909	210.5536	0.7059093	3.349657	1.894199	3.343553
14190	-1239.946	-1450.639	210.6924	0.7127518	4.455973	1.894199	3.03072
14196	-1246.939	-1457.892	210.9523	0.761332	3.542563	1.894199	3.03072
14202	-1247.023	-1459.397	212.3738	0.8656532	4.663039	1.125277	2.209191
14208	-1258.137	-1470.393	212.256	0.9539195	5.679278	1.099237	2.06271
14214	-1243.32	-1455.162	211.8423	0.9839839	5.679278	1.099237	2.311433
14220	-1241.959	-1454.563	212.6042	0.9773929	4.580388	0.8581594	2.178346
14226	-1251.894	-1464.813	212.9186	0.9773929	4.386537	0.9567385	1.939877
14232	-1243.758	-1457.18	213.422	1.332024	3.935718	0.8897558	1.487059
14238	-1249.948	-1463.293	213.3456	1.280932	3.935718	0.8897558	1.581648
14244	-1243.304	-1455.369	212.0651	1.174638	4.009791	1.721511	2.042817
14250	-1250.494	-1462.085	211.5909	1.120329	4.037731	1.611877	2.425338
14256	-1238.409	-1450.685	212.2752	0.9613091	3.955537	1.611877	2.105875
14262	-1236.525	-1448.82	212.2947	0.9455504	3.955537	1.611877	2.103442
14268	-1246.235	-1459.737	213.5015	1.405086	3.779681	1.27019	1.111652
14274	-1239.921	-1450.723	210.8024	0.7904949	5.175802	1.847448	2.809074
14280	-1249.188	-1459.353	210.1655	0.9839592	5.940953	1.847448	2.958217
14286	-1242.979	-1454.506	211.5272	0.8597369	4.915903	1.185689	2.665472
14292	-1246.184	-1457.802	211.6176	0.9041587	5.30752	1.452529	2.378848
14298	-1248.144	-1460.511	212.3675	1.335142	6.167348	1.055532	1.672666
14304	-1245.51	-1457.744	212.2343	1.161595	6.167348	0.8889335	2.000838
14310	-1232.631	-1445.281	212.65	1.031024	7.400258	0.8889335	1.617182
14316	-1235.064	-1447.543	212.4795	1.196289	6.981762	0.9763101	1.617182
14322	-1229.269	-1441.875	212.6064	0.9989108	4.540662	1.550329	1.759451
14328	-1226.521	-1439.146	212.6245	1.142886	4.247154	1.299701	1.843335
14334	-1243.978	-1456.27	212.2921	0.8440608	6.129044	1.445952	1.843335
14340	-1239.314	-1449.959	210.6449	0.8450187	4.465053	2.053195	2.92143
14346	-1224.063	-1434.887	210.8238	0.9035495	4.403882	1.973601	2.817262
14352	-1230.959	-1442.416	211.4575	0.9035495	4.403882	1.973601	2.425559
14358	-1241.243	-1452.993	211.7492	1.018433	3.987217	2.052815	2.223056
14364	-1239.231	-1450.579	211.3479	0.8856716	4.173806	1.441944	2.769678
14370	-1242.378	-1454.257	211.8794	0.9933059	4.818038	0.9313078	2.533507
14376	-1250.212	-1461.422	211.21	0.7959738	5.079345	2.022213	2.506124
14382	-1253.242	-1464.821	211.5786	1.124274	4.711116	2.022213	2.128558
14388	-1249.943	-1462.5	212.5565	1.233462	4.711116	0.9940689	1.919355
14394	-1243.72	-1455.882	212.1616	1.146249	5.759987	1.504504	1.75643
14400	-1235.99	-1448.353	212.3631	1.202513	4.806865	1.502123	1.75643
14406	-1239.662	-1451.982	212.3199	1.070441	4.806865	1.240572	2.016107
14412	-1245.521	-1457.687	212.1667	0.9881059	5.485608	1.240572	2.048911
14418	-1256.935	-1468.697	211.7616	1.030797	5.485608	1.141414	2.339975
14424	-1239.583	-1452.044	212.4607	1.12894	5.116764	0.9587252	2.000465
14430	-1239.532	-1451.46	211.9278	1.020687	5.850553	1.459126	2.008877
14436	-1246.743	-1458.829	212.0857	1.012097	5.411169	1.293737	2.069999
14442	-1257.267	-1468.286	211.0189	1.077592	6.412925	1.397157	2.501464
14448	-1264.898	-1476.25	211.3526	0.9212026	4.227638	1.397157	2.755464
14454	-1260.396	-1471.564	211.1671	0.6286626	4.661829	1.854827	2.771788
14460	-1253.235	-1465.646	212.4103	1.208274	5.04106	1.139321	1.877508
14466	-1249.199	-1461.753	212.5537	0.9841053	5.378253	0.8025384	2.101898
14472	-1228.024	-1440.468	212.4444	1.060871	4.902213	0.8025384	2.208068
14478	-1231.842	-1444.069	212.2267	1.235652	4.902213	0.8025384	2.2358
14484	-1239.132	-1450.862	211.7301	1.054272	5.20383	0.8025384	2.610252
14490	-1233.864	-1445.221	211.3571	0.711788	5.20383	1.605608	2.610252
14496	-1242.519	-1453.236	210.7178	0.6288554	4.857653	1.605608	3.106759
14502	-1233.184	-1444.689	211.5053	0.9088832	5.017163	1.867067	2.318198
14508	-1235.861	-1447.664	211.8031	0.7742664	6.31216	1.204601	2.312256
14514	-1235.361	-1447.077	211.7165	0.9551275	6.94034	1.08498	2.231542
14520	-1236.047	-1448.133	212.0862	0.9982808	6.055118	1.08498	2.09325
14526	-1235.282	-1447.316	212.0346	0.9838261	6.055118	1.08498	2.136526
14532	-1242.923	-1454.309	211.3854	1.062266	4.386108	2.204591	2.290944
14538	-1243.429	-1455.147	211.7183	0.980309	6.475155	1.128602	2.254037
14544	-1236.41	-1447.845	211.4347	0.7814611	6.475155	1.128602	2.558671
14550	-1234.247	-1445.73	211.4832	0.7008295	3.845091	1.715766	2.749226
14556	-1238.906	-1449.838	210.9316	0.7657654	3.489363	1.85267	3.067689
14562	-1238.837	-1449.696	210.8595	0.6974777	3.925289	1.084817	3.402549
14568	-1236.386	-1447.522	211.1363	0.8005466	4.099788	1.443892	2.963179
14574	-1244.674	-1455.972	211.2982	0.7737014	4.266134	1.443892	2.84899
14580	-1244.11	-1455.929	211.8191	1.076399	3.247111	1.494198	2.542909
14586	-1238.941	-1449.819	210.8787	0.6909868	3.332976	1.494198	3.322625
14592	-1252.648	-1462.232	209.5845	0.7552604	4.525999	0.8346117	4.142152
14598	-1233.33	-1444.597	211.2675	0.751776	4.423439	1.447298	2.849349
14604	-1236.561	-1448.183	211.6219	0.7462204	4.974983	1.283447	2.615336
14610	-1247.714	-1458.497	210.7826	0.8261638	4.409813	1.058417	3.294052
14616	-1248.45	-1458.418	209.9689	0.5639764	4.844089	1.696254	3.551601
14622	-1240.069	-1451.302	211.2326	0.7419538	4.012685	1.643436	2.871361
14628	-1237.086	-1447.974	210.8875	0.8289445	4.012685	1.643436	3.026772
14634	-1240.757	-1452.298	211.5409	0.8133289	4.664539	1.314518	2.663585
14640	-1256.235	-1467.595	211.36	0.9842716	4.69822	1.314518	2.663585
14646	-1233.491	-1444.744	211.2527	0.8302958	4.638352	1.451829	2.768778
14652	-1223.438	-1435.235	211.7964	0.792414	4.920341	1.777093	2.260302
14658	-1227.395	-1437.562	210.1664	0.7597443	4.105602	1.675605	3.462851
14664	-1226.786	-1438.372	211.5864	0.9973491	4.105602	1.425685	2.575585
14670	-1231.554	-1443.758	212.2047	0.9795502	4.105602	1.425685	2.19552
14676	-1237.878	-1449.013	211.1357	0.7707263	4.083992	1.425685	2.99292
14682	-1243.758	-1454.187	210.4291	0.6061324	4.083992	1.376542	3.530059
14688	-1238.535	-1449.859	211.3244	0.7465024	4.825417	1.044598	2.952679
14694	-1238.112	-1449.502	211.39	0.8935008	4.825417	1.044598	2.82412
14700	-1237.845	-1450.216	212.3703	1.06717	4.995527	1.399899	1.861046
14706	-1232.414	-1444.866	212.4528	0.9993828	4.704405	1.677227	1.770636
14712	-1242.031	-1454.748	212.7168	0.9018345	3.995867	1.470759	1.909951
14718	-1240.522	-1452.791	212.2699	0.8332004	5.982046	0.8766008	2.230399
14724	-1237.348	-1448.953	211.605	0.7547018	5.982046	0.8766008	2.697146
14730	-1236.494	-1447.608	211.1135	0.8466478	3.831262	0.7902903	3.36731
14736	-1242.47	-1454.597	212.127	0.984179	3.831262	1.046164	2.507452
14742	-1235.334	-1447.251	211.9169	0.984179	3.87482	1.054848	2.623386
14748	-1230.947	-1442.825	211.8782	0.9992246	3.87482	1.054848	2.637962
14754	-1228.926	-1440.662	211.7358	0.9246475	4.699713	1.377857	2.435166
14760	-1235.857	-1447.583	211.7262	0.9173282	4.424084	1.510323	2.435166
14766	-1244.588	-1455.812	211.2241	1.075683	5.702996	0.9863829	2.705027
14772	-1239.46	-1451.82	212.3593	1.104539	5.702996	1.272357	1.784007
14778	-1240.686	-1453.174	212.4878	1.0182	5.279864	1.290812	1.820256
14784	-1224.564	-1437.051	212.4862	0.9551782	5.782775	1.065745	1.911807
14790	-1225.707	-1437.574	211.8678	1.004396	4.410001	1.545698	2.276594
14796	-1221.136	-1433.518	212.3821	1.13375	5.082085	1.316058	1.836342
14802	-1218.491	-1430.833	212.3421	1.045001	4.731028	1.139154	2.091671
14808	-1224.013	-1436.55	212.5376	1.091271	4.372715	1.030274	2.071456
14814	-1235.683	-1446.641	210.9573	0.9116557	4.372715	1.029662	3.163417
14820	-1224.198	-1435.818	211.6198	0.8063962	5.126335	1.028926	2.69453
14826	-1220.477	-1432.28	211.8033	0.8659464	5.126335	1.182465	2.45526
14832	-1238.688	-1450.024	211.3356	0.7911591	4.769063	1.182465	2.851953
14838	-1246.022	-1456.748	210.7261	0.8127632	5.143036	1.376622	3.0452
14844	-1254.417	-1465.95	211.5337	0.7009025	6.364595	1.188777	2.52935
14850	-1253.449	-1465.631	212.1815	0.7951509	5.423832	1.187189	2.206054
14856	-1245.569	-1456.486	210.917	0.7626599	5.290599	1.028116	3.119088
14862	-1250.514	-1462.441	211.9268	0.8182919	5.587256	1.014737	2.429134
14868	-1238.953	-1449.418	210.4646	0.5689855	4.700312	1.666595	3.294593
14874	-1241.167	-1451.023	209.8569	0.6878243	4.387599	1.666595	3.63574
14880	-1239.928	-1451.749	211.8211	0.7484364	5.096591	1.666595	2.287735
14886	-1243.187	-1454.485	211.298	0.7981143	5.253899	1.666595	2.559033
14892	-1237.183	-1449.591	212.4074	0.993066	5.20988	1.207302	1.952978
14898	-1234.677	-1446.943	212.266	0.7315707	5.503646	1.332359	2.099406
14904	-1236.32	-1447.748	211.4277	0.6723316	7.286395	1.273007	2.443275
14910	-1235.356	-1446.449	211.0928	0.8721523	5.094252	1.851688	2.592903
14916	-1245.479	-1456.349	210.8698	0.8699144	4.914131	1.851688	2.762442
14922	-1244.832	-1456.007	211.176	0.9672931	4.073024	1.940894	2.63964
14928	-1244.519	-1457.401	212.8817	1.108506	3.640618	1.30245	1.830829
14934	-1237.486	-1449.82	212.3343	1.104524	3.688832	1.776965	1.960405
14940	-1259.342	-1472.125	212.7827	1.104524	3.18353	1.953582	1.709213
14946	-1249.578	-1461.767	212.1889	1.09376	5.276359	1.825143	1.709213
14952	-1247.041	-1459.931	212.8898	1.146137	4.352511	1.05448	1.784898
14958	-1250.449	-1463.573	213.124	1.119903	4.220365	1.05448	1.668148
14964	-1247.884	-1459.63	211.7464	0.9443412	5.004491	1.112487	2.502497
14970	-1243.203	-1455.71	212.507	1.091268	5.238335	1.112487	1.871253
14976	-1237.992	-1450.867	212.8754	1.110992	4.357135	1.112487	1.780355
14982	-1241.425	-1453.734	212.3097	1.153543	3.398028	1.316119	2.233476
14988	-1245.58	-1458.54	212.9598	1.484205	3.746829	1.673014	1.261072
14994	-1251.71	-1464.154	212.4441	1.337008	3.837057	2.355886	1.443869
15000	-1248.079	-1460.542	212.4634	1.337132	5.020166	1.735113	1.422427
15006	-1245.775	-1458.443	212.6682	1.271968	4.134167	1.735113	1.519523
15012	-1252.764	-1465.464	212.6992	1.245684	3.299108	1.735113	1.732392
15018	-1240.87	-1453.235	212.3643	1.099989	4.480857	1.809935	1.748608
15024	-1235.417	-1446.658	211.2417	0.9541272	4.480857	2.078831	2.475992
15030	-1237.083	-1448.475	211.3925	0.8060276	4.472235	2.078831	2.475992
15036	-1234.363	-1446.276	211.9123	0.8060276	4.922035	1.495373	2.301062
15042	-1226.536	-1438.789	212.253	0.982416	4.605115	1.225627	2.165392
15048	-1228.716	-1440.319	211.6035	0.970103	4.605115	1.485122	2.456094
15054	-1230.549	-1442.226	211.6769	1.120456	3.360821	1.485122	2.580287
15060	-1225.121	-1437.318	212.1968	1.224785	3.490269	1.441375	2.174222
15066	-1223.928	-1436.063	212.1342	1.044972	3.490269	1.698858	2.21289
15072	-1238.383	-1450.711	212.3272	0.9263864	4.529868	1.147431	2.21289
15078	-1240.558	-1453.023	212.4654	1.033678	5.640045	1.118954	1.863103
15084	-1237.682	-1449.697	212.015	0.9258225	4.25414	1.118954	2.482789
15090	-1237.609	-1449.548	211.9394	1.091344	4.976715	1.440858	2.115439
15096	-1235.676	-1447.939	212.2628	1.007627	4.630341	1.296321	2.098853
15102	-1239.928	-1451.796	211.8685	0.8691769	4.408463	1.379418	2.441288
15108	-1234.706	-1445.416	210.7101	0.7993514	4.637958	1.379418	3.147501
15114	-1229.389	-1440.598	211.2091	0.6431822	4.545268	1.271331	3.01159
15120	-1240.969	-1451.974	211.0047	0.571212	4.491456	1.398206	3.125607
15126	-1237.751	-1449.409	211.658	0.7571268	4.526409	1.443225	2.589297
15132	-1231.519	-1443.122	211.6027	0.726061	4.885506	1.378669	2.607987
15138	-1239.26	-1450.711	211.4507	0.7172894	5.475124	1.378669	2.607987
15144	-1234.939	-1447.104	212.1641	0.88894	4.927276	1.514136	2.07423
15150	-1244.888	-1457.352	212.4638	0.8680874	5.470741	1.514136	1.78619
15156	-1246.196	-1458.106	211.9103	0.8495839	5.236411	1.564724	2.186057
15162	-1239.243	-1450.92	211.6765	1.023884	4.20435	1.554124	2.423259
15168	-1248.416	-1459.948	211.5314	0.8408401	4.017963	1.430969	2.721459
15174	-1250.303	-1461.17	210.8669	0.7635158	4.490189	1.406392	3.089547
15180	-1239.068	-1450.912	211.8435	0.8278653	4.490189	1.461316	2.427669
15186	-1240.102	-1451.466	211.3642	0.7275122	4.821134	1.541325	2.690253
15192	-1239.216	-1450.589	211.3733	0.9089662	4.583998	1.303379	2.728127
15198	-1234.462	-1445.669	211.2066	0.7534277	4.583998	1.303379	2.923893
15204	-1246.04	-1456.775	210.7345	0.8551881	4.618144	1.544135	3.029486
15210	-1242.645	-1454.657	212.0121	0.8440892	4.618144	1.460129	2.286349
15216	-1250.436	-1461.904	211.4683	0.7590934	4.144089	1.73823	2.651693
15222	-1241.091	-1452.286	211.1951	0.7195668	4.144089	1.73823	2.842852
15228	-1252.655	-1463.338	210.6833	0.8135304	4.144089	1.229595	3.318661
15234	-1241.556	-1454.132	212.5766	0.9811067	4.031652	1.229595	2.07107
15240	-1245.249	-1456.534	211.2848	0.7963748	4.097049	1.26022	2.964892
15246	-1246.741	-1458.128	211.3873	0.7375609	4.641946	1.501133	2.720092
15252	-1256.97	-1468.427	211.4577	0.6635302	5.269771	1.276649	2.720853
15258	-1255.958	-1467.106	211.1481	0.7128832	4.317347	1.299289	3.034818
15264	-1255.108	-1466.698	211.5899	0.7738225	4.450767	1.322687	2.693447
15270	-1243.938	-1455.276	211.3378	0.7412525	3.908645	1.322687	2.973317
15276	-1250.144	-1461.153	211.0086	0.8117015	5.147287	1.033556	3.055156
15282	-1242.619	-1453.799	211.1799	0.7767345	5.147287	0.898256	3.056735
15288	-1250.026	-1461.436	211.4101	0.69124	6.689729	1.264675	2.526286
15294	-1241.669	-1453.434	211.7652	0.8866641	8.145919	1.264675	1.981981
15300	-1226.58	-1438.522	211.9418	0.8471503	6.023869	1.264675	2.187026
15306	-1245.933	-1457.879	211.9454	0.9513868	4.74332	1.264675	2.335496
15312	-1250.79	-1461.697	210.9072	0.6973504	3.660994	1.806916	3.102512
15318	-1241.639	-1452.211	210.5713	0.5477301	3.660994	1.525621	3.501014
15324	-1245.376	-1455.554	210.1777	0.712654	4.302294	1.354242	3.583446
15330	-1249.316	-1460.364	211.0479	0.657232	6.997301	1.180758	2.77391
15336	-1247.979	-1459.644	211.6658	1.032635	6.546095	1.273271	2.162353
15342	-1251.305	-1462.561	211.2567	0.82446	6.546095	1.273271	2.55425
15348	-1242.483	-1454.151	211.6682	0.8172851	5.00658	1.703301	2.34162
15354	-1248.258	-1460.067	211.8092	0.8296368	5.523347	1.411443	2.288162
15360	-1237.034	-1449.31	212.2758	0.851076	5.523347	0.9094857	2.265884
15366	-1238.817	-1450.538	211.7215	1.026205	4.922733	0.9816101	2.560213
15372	-1235.363	-1446.804	211.4414	0.7930396	5.284341	1.458179	2.560213
15378	-1244.032	-1455.661	211.6284	0.9503687	6.35646	1.00539	2.42222
15384	-1235.908	-1448.168	212.2596	1.041801	4.720736	1.00539	2.232018
15390	-1239.442	-1452.18	212.7382	1.190092	5.424614	0.8231916	1.815158
15396	-1243.364	-1456.151	212.7868	1.190092	5.145063	1.206039	1.56267
15402	-1237.575	-1450.233	212.6583	1.173774	4.524857	1.57478	1.588751
15408	-1243.885	-1455.905	212.0209	1.12421	4.7816	1.811122	1.905983
15414	-1243.561	-1456.132	212.5711	1.034888	4.964078	1.012977	1.981383
15420	-1232.976	-1445.465	212.4885	1.118824	4.964078	1.012977	1.980434
15426	-1239.884	-1451.973	212.089	1.013454	4.371739	1.4636	2.174539
15432	-1245.79	-1457.31	211.5198	1.020969	4.371739	2.154613	2.251739
15438	-1243.502	-1455.428	211.9265	0.8735163	4.56903	1.379474	2.370883
15444	-1240.25	-1452.347	212.0967	0.8837351	4.56903	1.159672	2.372954
15450	-1243.105	-1453.637	210.5311	0.823907	4.56903	1.159672	3.359512
15456	-1243.022	-1454.087	211.0653	0.8339337	4.56903	1.159672	3.036921
15462	-1244.018	-1454.708	210.6897	0.4998716	4.325913	1.709559	3.253019
15468	-1229.49	-1441.39	211.8992	0.8238959	4.504187	1.42261	2.410832
15474	-1229.922	-1441.638	211.7156	0.9286932	4.542034	1.572501	2.383654
15480	-1238.947	-1451.13	212.1824	0.9717981	4.730183	1.175442	2.222253
15486	-1237.762	-1449.679	211.9163	0.9717981	4.719721	1.261918	2.346889
15492	-1242.181	-1454.258	212.0772	1.137361	4.719721	1.261918	2.136752
15498	-1236.518	-1448.349	211.8307	1.084876	4.719721	1.926241	2.024296
15504	-1238.804	-1450.53	211.7262	1.006647	3.525805	2.208367	2.294681
15510	-1231.577	-1443.401	211.8235	0.8479429	3.525805	2.208367	2.333894
15516	-1234.168	-1446.276	212.1089	0.9247258	2.996463	1.861076	2.365447
15522	-1235.374	-1447.469	212.0945	0.8289962	2.996463	1.861076	2.435009
15528	-1229.284	-1441.275	211.9906	0.8328036	3.427584	1.538926	2.523736
15534	-1233.259	-1444.7	211.4407	0.7556015	3.551213	1.545192	2.877334
15540	-1240.576	-1451.714	211.1374	0.8634115	3.62311	1.773198	2.885866
15546	-1234.37	-1446.189	211.8185	0.9023413	3.62311	1.773198	2.442428
15552	-1235.788	-1447.607	211.8187	1.032815	3.649639	1.526475	2.460101
15558	-1231.364	-1442.74	211.3758	0.9088688	3.922037	1.29108	2.862055
15564	-1248.096	-1458.914	210.8182	0.6961131	3.966194	1.345099	3.287035
15570	-1236.162	-1447.638	211.476	0.6463939	4.448024	1.345099	2.830289
15576	-1237.547	-1449.502	211.9546	0.7985831	4.841416	1.345099	2.366887
15582	-1237.175	-1448.82	211.6456	0.9132865	4.841416	1.345099	2.489213
15588	-1237.44	-1448.827	211.3869	0.7326866	4.841416	1.345099	2.760596
15594	-1237.912	-1450.374	212.4617	0.6877042	4.932696	1.104256	2.229268
15600	-1233.984	-1445.27	211.2858	0.8382851	4.364467	1.505955	2.77026
15606	-1235.113	-1446.697	211.5834	0.7447213	4.055933	1.505955	2.706418
15612	-1250.04	-1462.293	212.2532	0.8537968	3.558198	0.9539601	2.628267
15618	-1235.674	-1447.955	212.2811	0.9608515	6.365926	0.9539601	2.026492
15624	-1237.116	-1448.898	211.7819	0.8906495	5.178811	0.9539601	2.580239
15630	-1245.136	-1456.6	211.4643	0.7635518	4.875336	1.453315	2.636718
15636	-1232.367	-1444.725	212.3583	1.079768	4.684029	1.230384	2.014037
15642	-1253.414	-1465.031	211.6165	0.8889244	4.476056	1.520237	2.50716
15648	-1242.655	-1454.705	212.0497	0.87504	3.615932	1.239914	2.562206
15654	-1246.485	-1458.109	211.6235	0.9268076	4.256309	1.946602	2.345479
15660	-1244.045	-1456.587	212.542	1.091794	5.16315	1.946602	1.418406
15666	-1245.383	-1457.707	212.3241	1.091794	5.640778	1.30145	1.811464
15672	-1233.587	-1446.377	212.7901	1.231734	4.987456	1.30145	1.502029
15678	-1227.112	-1440.148	213.0359	1.15637	4.132077	1.348359	1.540022
15684	-1228.071	-1441.238	213.1675	1.244462	4.393815	1.422494	1.258409
15690	-1224.729	-1437.473	212.744	1.244462	5.935986	1.422494	1.258409
15696	-1238.203	-1451.034	212.8306	1.278957	5.935986	1.14375	1.347902
15702	-1237.173	-1449.64	212.4669	1.160333	5.43363	1.359744	1.667663
15708	-1238.61	-1451.024	212.4141	1.190412	5.43363	0.7563469	2.08502
15714	-1237.668	-1449.749	212.0811	1.067967	4.249263	1.41254	2.19459
15720	-1238.832	-1449.399	210.5663	0.8970406	3.732029	1.41254	3.333856
15726	-1243.873	-1456.694	212.8211	0.980356	3.476866	1.41254	1.941116
15732	-1240.271	-1452.511	212.2392	1.170307	3.13832	1.41254	2.285214
15738	-1240.222	-1451.6	211.3784	0.9851774	3.13832	1.93762	2.716747
15744	-1241.816	-1453.744	211.9281	0.8682348	4.488609	1.179628	2.493046
15750	-1238.087	-1449.702	211.6157	0.9569993	4.488609	1.454617	2.493046
15756	-1237.381	-1449.142	211.7609	0.9318176	6.07076	1.454617	2.144337
15762	-1236.507	-1448.364	211.8571	0.800743	5.605126	1.243147	2.349308
15768	-1234.474	-1446.031	211.5573	0.803369	5.071541	1.034661	2.740494
15774	-1242.899	-1454.358	211.4591	0.6552478	5.061001	1.034661	2.892041
15780	-1257.53	-1470.818	213.2886	1.442671	5.201669	1.095947	1.008076
15786	-1248.322	-1461.458	213.1368	1.381589	5.201669	1.189592	1.128709
15792	-1243.481	-1456.211	212.7299	1.212923	5.166379	1.38795	1.472189
15798	-1254.643	-1467.416	212.7728	1.355878	5.166379	1.431382	1.300514
15804	-1252.764	-1465.365	212.6007	1.100781	5.07135	1.438626	1.640596
15810	-1232.394	-1444.227	211.8325	1.076722	4.0948	1.460462	2.357198
15816	-1230.165	-1442.065	211.8997	0.9857644	4.456157	1.791161	2.151477
15822	-1249.846	-1461.786	211.9396	0.9857644	4.196872	1.776473	2.18487
15828	-1242.91	-1454.965	212.0553	0.8579686	5.266944	1.076037	2.338325
15834	-1243.14	-1454.519	211.3795	0.8439406	4.251225	1.914659	2.563882
15840	-1242.981	-1453.708	210.7267	0.5910932	6.614201	1.159288	3.069352
15846	-1233.708	-1445.49	211.7816	0.5578918	5.536966	1.141058	2.615629
15852	-1225.795	-1436.89	211.0946	0.7104344	5.536966	1.452785	2.786022
15858	-1232.414	-1443.177	210.7627	0.594561	5.539954	1.438831	3.062039
15864	-1227.966	-1439.308	211.3411	0.7640115	5.087027	1.438831	2.682333
15870	-1226.93	-1438.164	211.2339	0.8570453	4.805098	1.09592	2.914739
15876	-1241.936	-1453.717	211.7815	0.8847999	5.172399	1.09592	2.498359
15882	-1234.371	-1446.75	212.3785	1.142811	3.924008	1.793523	1.841272
15888	-1242.869	-1454.873	212.0036	1.288063	3.705809	1.653311	2.108173
15894	-1248.852	-1460.299	211.4466	1.212768	4.180242	1.653311	2.410454
15900	-1236.299	-1448.071	211.7729	0.9830692	4.180242	1.308064	2.511015
15906	-1238.897	-1450.753	211.8563	1.00969	3.85188	1.233204	2.550017
15912	-1234.674	-1447.431	212.757	1.00969	4.40545	1.289523	1.81522
15918	-1238.843	-1450.798	211.9553	0.9877679	4.177792	1.684162	2.216669
15924	-1239.25	-1451.721	212.4707	1.068274	4.177792	1.011288	2.183075
15930	-1240.018	-1452.032	212.0142	1.155778	5.447498	1.011288	2.183075
15936	-1238.168	-1450.027	211.8585	1.075924	5.576947	1.537532	2.025619
15942	-1240.335	-1451.78	211.4445	0.9671328	5.576947	1.678925	2.301682
15948	-1241.933	-1453.995	212.0615	1.021575	5.035716	1.634198	1.977602
15954	-1241.477	-1453.556	212.079	0.9544459	6.09564	1.333523	1.977602
15960	-1241.106	-1453.055	211.9485	0.967957	4.78911	1.583401	2.157116
15966	-1241.395	-1453.049	211.6539	0.8913378	4.866002	1.310963	2.510505
15972	-1248.904	-1460.253	211.3488	0.8913378	4.667566	1.575473	2.61152
15978	-1239.076	-1450.622	211.5463	1.037536	4.762692	1.113209	2.61152
15984	-1244.586	-1455.898	211.3117	0.9712401	5.979459	1.089631	2.61152
15990	-1245.615	-1458.581	212.966	1.17049	3.67755	1.39444	1.667686
15996	-1236.118	-1448.833	212.7142	1.353353	4.244936	1.364906	1.595089
16002	-1243.504	-1456.263	212.7581	1.108949	3.819188	1.791771	1.624414
16008	-1239.746	-1450.92	211.1739	0.6868942	4.030167	1.035971	3.230297
16014	-1249.688	-1462.442	212.7537	1.301297	4.944871	1.390087	1.432325
16020	-1248.752	-1460.63	211.8777	0.8081225	4.787767	0.9388101	2.649828
16026	-1242.702	-1454.245	211.5423	0.6639239	4.787767	1.829279	2.505541
16032	-1230.792	-1442.623	211.8318	0.9193471	4.102374	1.356552	2.505541
16038	-1253.081	-1465.481	212.3996	0.9802744	4.102374	0.785186	2.456952
16044	-1254.025	-1465.826	211.8005	0.8023508	5.487947	1.513835	2.267949
16050	-1247.613	-1459.389	211.7754	0.7449304	5.487947	1.359522	2.395093
16056	-1236.733	-1448.699	211.9659	0.9018731	4.006855	1.475123	2.395093
16062	-1235.449	-1445.946	210.4977	0.6898589	4.631239	1.391209	3.333573
16068	-1226.244	-1437.606	211.3623	0.5335466	4.341777	1.440866	2.942332
16074	-1234.85	-1445.393	210.543	0.7125236	4.341777	2.194717	3.037733
16080	-1234.114	-1445.05	210.9361	0.5677729	3.684752	2.194717	3.021316
16086	-1233.842	-1444.945	211.1033	0.5701065	4.809911	1.175451	3.120834
16092	-1238.831	-1449.836	211.0043	0.7871632	4.582148	1.175451	3.090568
16098	-1243.998	-1455.198	211.1999	0.7950216	4.096223	1.175451	3.06054
16104	-1234.649	-1444.999	210.3495	0.6919165	4.096223	1.175451	3.621423
16110	-1226.708	-1437.635	210.9272	0.7210385	3.793432	1.253548	3.287484
16116	-1224.504	-1435.682	211.1782	0.6421179	4.037709	1.350122	3.08893
16122	-1236.906	-1447.705	210.7985	0.8448846	3.644554	1.539094	3.190482
16128	-1236.724	-1446.744	210.0202	0.6590999	3.821637	1.442937	3.758401
16134	-1233.453	-1443.438	209.9852	0.6763937	5.02638	1.026231	3.758401
16140	-1237.699	-1448.823	211.1236	0.6831422	5.235258	1.179335	2.967886
16146	-1238.844	-1449.711	210.8672	0.717138	5.198826	1.179335	3.106913
16152	-1236.16	-1446.961	210.8011	0.6397087	5.198826	1.350606	3.106913
16158	-1239.544	-1450.825	211.2809	0.6154183	5.771008	1.350606	2.742334
16164	-1236.933	-1448.784	211.8501	0.7454893	5.771008	1.078554	2.455177
16170	-1244.827	-1456.789	211.9618	0.9933232	6.170652	0.6673645	2.45761
16176	-1234.26	-1446.134	211.8742	0.6759387	6.170652	1.606338	2.150309
16182	-1229.246	-1440.727	211.4808	0.8320737	6.170652	1.606338	2.303286
16188	-1221.594	-1433.196	211.602	0.8179959	5.682967	1.150868	2.537103
16194	-1232.505	-1443.195	210.6902	0.5742422	4.955705	1.279595	3.285601
16200	-1232.314	-1442.519	210.2051	0.7379999	4.206922	1.279595	3.605721
16206	-1232.623	-1444.053	211.4297	0.7672948	3.337026	1.647131	2.883017
16212	-1243.214	-1455.628	212.414	1.030096	3.337026	0.8337379	2.552531
16218	-1243.286	-1454.702	211.416	1.158272	3.966004	1.570325	2.544412
16224	-1227.555	-1439.402	211.8475	0.7792725	3.966004	1.550576	2.520478
16230	-1224.938	-1435.662	210.7242	0.7930601	3.966004	1.691385	3.135698
16236	-1231.551	-1443.168	211.6174	0.7686652	3.966004	1.20746	2.834348
16242	-1222.136	-1433.66	211.5237	0.766196	5.088668	0.9808731	2.813416
16248	-1226.979	-1439.021	212.0421	0.9468929	4.2698	1.330887	2.334327
16254	-1226.179	-1438.388	212.2083	0.9494326	4.580098	1.430104	2.113289
16260	-1234.226	-1446.406	212.1803	0.8837708	4.580098	1.430104	2.174355
16266	-1236.459	-1447.861	211.4019	0.7256256	5.688835	1.430104	2.574536
16272	-1243.981	-1455.508	211.5277	0.8464802	5.73349	1.201413	2.529816
16278	-1231.373	-1442.433	211.0597	0.6305043	5.848178	1.201413	2.931212
16284	-1226.16	-1437.481	211.3212	0.7191486	6.171142	1.201413	2.670645
16290	-1225.647	-1437.261	211.6141	0.8474754	5.297713	1.073655	2.617567
16296	-1231.223	-1442.554	211.3309	0.6778492	5.297713	1.096178	2.881429
16302	-1249.704	-1461.014	211.3106	0.7991597	4.342526	1.756399	2.677594
16308	-1245.964	-1457.273	211.3091	0.6973614	4.226704	1.756399	2.763444
16314	-1256.82	-1467.954	211.1342	0.644538	3.787393	1.601162	3.053336
16320	-1248.03	-1459.567	211.5371	0.7788643	5.514488	1.137703	2.635621
16326	-1252.483	-1464.5	212.0166	0.9766777	4.112593	1.535166	2.264784
16332	-1248.053	-1458.08	210.0276	0.5391557	4.645434	1.129416	3.820089
16338	-1250.115	-1461.045	210.9301	0.6894365	5.159617	1.129416	3.118955
16344	-1253.998	-1465.707	211.7083	0.9976112	4.015092	1.274103	2.593396
16350	-1250.57	-1462.271	211.7019	1.010469	4.834746	1.702171	2.228088
16356	-1247.396	-1458.96	211.564	0.8330834	5.838725	1.169113	2.51694
16362	-1235.705	-1447.256	211.5515	0.8420279	5.838725	1.169113	2.519187
16368	-1227.149	-1439.052	211.9028	0.8082485	5.838725	1.332166	2.230729
16374	-1225.915	-1437.593	211.6779	0.8291868	5.673284	1.146144	2.486915
16380	-1239.551	-1450.875	211.3247	0.905299	5.673284	1.449626	2.503974
16386	-1237.302	-1449.114	211.8125	0.9069301	4.556156	1.449626	2.390204
16392	-1238.523	-1450.827	212.3041	0.8746924	4.334806	1.447341	2.14036
16398	-1230.077	-1441.773	211.6955	0.7707928	4.334806	1.447341	2.592442
16404	-1244.832	-1456.502	211.6699	0.6737876	4.249432	1.139536	2.83993
16410	-1246.876	-1458.109	211.2328	0.5500546	3.953944	2.088583	2.831902
16416	-1233.377	-1444.045	210.6678	0.5233862	5.139092	1.452855	3.217856
16422	-1232.816	-1443.718	210.9019	0.6299589	5.139092	1.452855	3.014956
16428	-1234.422	-1445.751	211.3297	0.7777996	4.154559	1.271673	2.931921
16434	-1226.939	-1437.742	210.8034	0.7545391	5.140583	1.738411	2.878421
16440	-1233.163	-1444.305	211.1421	0.8991039	5.697579	1.738411	2.49143
16446	-1229.521	-1442.056	212.5355	1.032654	6.436183	0.8797935	1.849115
16452	-1243.335	-1455.262	211.9272	0.9281572	6.67293	0.9229438	2.25486
16458	-1240.529	-1452.597	212.068	0.8736775	4.874514	1.056662	2.401009
16464	-1240.518	-1451.563	211.0455	0.6683893	5.023562	1.516381	2.896356
16470	-1240.44	-1451.467	211.0266	0.6801281	5.023562	1.086822	3.112928
16476	-1243.15	-1455.096	211.9458	0.6050008	5.023562	1.550351	2.36411
16482	-1234.611	-1446.481	211.8702	0.8671105	4.88034	1.550351	2.270994
16488	-1231.851	-1443.551	211.6998	0.9041712	5.241753	1.596993	2.270994
16494	-1235.642	-1447.091	211.4493	0.863106	5.241753	1.596993	2.455922
16500	-1216.055	-1427.746	211.6907	0.808821	4.809389	1.504251	2.455922
16506	-1235.983	-1447.743	211.7605	1.075995	4.903804	1.632826	2.165316
16512	-1238.273	-1450.65	212.3761	1.045396	4.903804	1.475396	1.850524
16518	-1235.512	-1447.711	212.199	0.8206515	5.211254	1.146385	2.238305
16524	-1227.925	-1440.5	212.5752	1.005389	6.122751	0.8115412	1.942706
16530	-1237.973	-1450.459	212.4861	1.026659	6.122751	1.805705	1.39036
16536	-1244.962	-1457.695	212.7327	1.061009	6.157013	1.066927	1.600978
16542	-1240.474	-1453.168	212.6942	1.102573	4.886769	1.444696	1.60599
16548	-1245.033	-1457.918	212.8849	1.085743	3.801387	1.444696	1.726726
16554	-1242.636	-1454.308	211.6725	0.8876636	4.958846	1.871356	2.233503
16560	-1241.733	-1453.078	211.3453	0.7994214	4.958846	1.871356	2.496981
16566	-1244.603	-1456.216	211.6136	1.002169	4.376407	1.047604	2.701869
16572	-1232.248	-1443.914	211.666	0.9227099	5.219581	0.9859474	2.605039
16578	-1232.499	-1444.309	211.8096	0.7440597	6.04603	1.179232	2.381241
16584	-1241.739	-1452.79	211.0518	0.7027654	6.62582	0.9422683	2.931458
16590	-1237.988	-1449.402	211.4143	0.7754082	6.236644	1.390485	2.47187
16596	-1225.617	-1436.608	210.9917	0.7307493	6.236644	1.470361	2.723558
16602	-1229.592	-1441.037	211.4446	0.974327	6.236644	1.734062	2.169465
16608	-1238.406	-1450.798	212.3919	1.103562	6.236644	0.9028414	1.912851
16614	-1240.205	-1452.656	212.4516	1.066698	7.425806	0.6771726	1.905373
16620	-1243.685	-1454.394	210.7086	0.7558032	4.448651	0.8976867	3.467748
16626	-1257.483	-1469.118	211.6356	0.9556952	5.238772	1.080846	2.542713
16632	-1242.195	-1453.467	211.2715	0.8366131	4.011724	1.232716	2.979782
16638	-1246.81	-1457.726	210.9155	0.7492059	4.79302	1.484233	2.979782
16644	-1242.857	-1454.666	211.8088	0.7460517	4.452947	1.484233	2.497259
16650	-1236.276	-1448.086	211.8107	0.9637684	4.883247	0.797214	2.675268
16656	-1239.784	-1451.058	211.2745	0.9141469	4.883247	0.797214	3.030568
16662	-1233.219	-1444.991	211.7715	0.9199534	4.15722	0.8417529	2.829835
16668	-1242.925	-1455.688	212.7632	0.9199534	4.56197	1.629271	1.660719
16674	-1244.939	-1457.369	212.4294	1.055795	4.667298	1.629271	1.77807
16680	-1230.094	-1442.822	212.7275	0.9681153	4.884543	1.018148	1.932907
16686	-1229.114	-1441.56	212.4455	0.9681153	4.884543	1.018148	2.120114
16692	-1231.025	-1443.365	212.3401	0.9713067	4.22554	1.157264	2.231297
16698	-1227.743	-1440.316	212.573	1.048209	4.386743	1.381429	1.868424
16704	-1244.871	-1456.703	211.8321	1.156723	5.268172	1.881118	1.890085
16710	-1239.291	-1451.132	211.8418	0.9919059	5.055557	0.8413193	2.577141
16716	-1249.729	-1461.855	212.1257	1.049801	5.082156	1.154451	2.155601
16722	-1242.671	-1454.952	212.2806	1.035048	4.271546	1.545588	2.015899
16728	-1241.91	-1454.118	212.2082	1.291804	4.007745	1.413529	2.015899
16734	-1246.394	-1459.218	212.8233	1.17406	3.482863	1.725437	1.649411
16740	-1258.232	-1470.422	212.1897	1.084505	4.887148	0.9150041	2.278364
16746	-1256.374	-1468.837	212.4626	1.059971	5.122867	1.374538	1.791709
16752	-1252.655	-1465.567	212.9126	1.118546	3.845124	1.374538	1.711435
16758	-1246.997	-1458.199	211.2015	0.7904661	4.615283	1.267317	2.916938
16764	-1251.87	-1462.519	210.6485	0.7637139	4.652963	1.895263	2.990345
16770	-1239.376	-1450.997	211.621	0.7452856	4.190731	1.276702	2.765277
16776	-1241.342	-1453.094	211.7512	0.810396	3.271497	1.276702	2.846387
16782	-1245.529	-1457.681	212.1524	0.9132796	3.713549	1.326577	2.406943
16788	-1237.15	-1449.3	212.1499	0.8435431	3.713549	1.395422	2.418145
16794	-1226.952	-1438.605	211.6529	0.8260011	4.909155	1.395422	2.502309
16800	-1230.932	-1441.994	211.0621	0.5919871	5.560812	1.575919	2.819506
16806	-1227.276	-1438.875	211.5987	0.8070111	4.145432	1.145323	2.819506
16812	-1228.014	-1439.383	211.3689	0.824401	4.838262	1.145323	2.819506
16818	-1228.741	-1440.106	211.3652	0.8202178	4.522723	1.261775	2.819506
16824	-1232.789	-1444.682	211.893	0.9702331	4.268496	1.474441	2.343975
16830	-1228.894	-1440.919	212.0244	0.9703432	4.268496	1.213744	2.392866
16836	-1225.806	-1437.52	211.714	0.729978	4.206773	1.24318	2.731799
16842	-1233.182	-1444.323	211.1406	0.8544864	4.59479	1.678853	2.731799
16848	-1241.418	-1451.524	210.1066	0.6270428	3.684058	1.681899	3.656824
16854	-1239.899	-1450.172	210.2726	0.6206772	4.299449	1.149695	3.68246
16860	-1237.224	-1447.499	210.2755	0.7690459	4.299449	1.510397	3.424712
16866	-1239.341	-1450.073	210.7319	0.7488235	3.414028	1.510397	3.349519
16872	-1234.716	-1444.585	209.8691	0.4898945	3.413177	1.96706	3.827126
16878	-1228.484	-1439.153	210.6691	0.6478696	3.515454	1.29394	3.52102
16884	-1231.955	-1442.98	211.0249	0.769427	3.515454	1.256569	3.259239
16890	-1239.905	-1450.281	210.376	0.7969731	4.305053	1.256569	3.464774
16896	-1234.091	-1445.845	211.7539	0.8479243	4.305053	1.256569	2.60842
16902	-1232.192	-1443.509	211.3169	0.7237664	5.558923	0.9819469	2.88789
16908	-1243.141	-1454.926	211.7856	0.7193819	5.949742	0.9751516	2.547677
16914	-1241.751	-1452.32	210.5688	0.5477823	5.740097	1.385586	3.199347
16920	-1234.196	-1445.056	210.8599	0.6510932	5.740097	1.385586	2.963949
16926	-1231.825	-1443.322	211.4971	0.9059238	5.041201	1.385586	2.531248
16932	-1228.851	-1439.927	211.0761	0.7711049	5.080515	1.385586	2.865754
16938	-1240.339	-1451.155	210.8161	0.7794699	4.172449	1.385586	3.179589
16944	-1234.01	-1445.375	211.365	0.9477793	4.222888	1.385586	2.738068
16950	-1231.807	-1443.883	212.0759	0.8157346	3.755708	1.3837	2.478394
16956	-1236.272	-1447.964	211.6918	0.8435576	4.95633	1.355197	2.478394
16962	-1239.448	-1451.391	211.9432	0.7522231	4.95633	1.355197	2.377626
16968	-1250.337	-1461.877	211.5401	0.7690323	4.588663	2.502039	2.241493
16974	-1251.116	-1461.014	209.8983	0.5478955	4.588663	2.07289	3.51071
16980	-1235.462	-1447.099	211.6367	0.9188466	5.418165	1.130695	2.506446
16986	-1237.945	-1448.784	210.8395	0.7050383	5.30882	1.130695	3.138923
16992	-1225.291	-1436.24	210.9485	0.7395474	4.165963	1.357706	3.138923
16998	-1226.943	-1438.519	211.5758	0.779823	4.857922	1.357706	2.606446
17004	-1241.571	-1453.245	211.6741	0.9551121	5.034573	1.039923	2.578353
17010	-1245.81	-1457.275	211.4658	0.8443155	5.249128	0.9373026	2.801791
17016	-1250.935	-1463.053	212.1182	1.045365	4.82132	0.9373026	2.345962
17022	-1236.946	-1448.488	211.5429	0.8467544	4.809986	1.335177	2.605094
17028	-1241.308	-1452.198	210.8903	0.8781132	4.32419	1.335177	3.071501
17034	-1235.974	-1447.03	211.0562	0.6265741	5.249995	1.073607	3.097581
17040	-1240.468	-1451.89	211.4222	0.6403124	4.962546	1.412567	2.74205
17046	-1239.864	-1450.842	210.9786	0.7359311	5.878134	1.329463	2.847206
17052	-1252.107	-1463.482	211.3746	0.8054649	4.881014	1.115524	2.836543
17058	-1246.963	-1458.706	211.7435	0.7218163	5.145279	1.115524	2.616583
17064	-1228.65	-1439.958	211.3084	0.7668477	4.808989	0.8419085	3.080113
17070	-1228.465	-1439.955	211.4902	0.7899257	4.808989	1.480738	2.603539
17076	-1238.524	-1449.585	211.0605	0.7975736	5.392599	1.276759	2.861175
17082	-1248.936	-1460.219	211.2828	0.5867677	4.842461	1.276759	2.945729
17088	-1240.78	-1451.951	211.171	0.6103547	5.157026	1.276759	2.945729
17094	-1239.338	-1450.403	211.0646	0.7128029	4.937167	1.276759	2.9849
17100	-1237.776	-1449.188	211.4126	0.7113825	4.371867	0.9247558	3.075303
17106	-1236.748	-1447.072	210.3233	0.8433788	3.792666	1.284337	3.554617
17112	-1245.974	-1456.4	210.4259	0.6707027	3.605416	1.527118	3.525219
17118	-1235.92	-1446.202	210.2812	0.5897042	4.513279	1.658659	3.426285
17124	-1254.297	-1466.436	212.1388	1.000731	4.198106	1.132704	2.361007
17130	-1244.741	-1456.077	211.3361	0.7853425	4.198106	1.132704	2.987774
17136	-1223.393	-1435.357	211.9635	1.088676	4.198106	1.098999	2.435837
17142	-1226.332	-1437.803	211.471	0.8195445	5.635933	1.098999	2.654033
17148	-1228.267	-1439.945	211.6788	0.8128299	5.064875	1.098999	2.623468
17154	-1235.106	-1446.453	211.3468	0.7774242	5.185636	1.470203	2.639369
17160	-1234.218	-1445.906	211.6883	0.7153038	6.017546	1.470203	2.331277
17166	-1240.499	-1452.047	211.5477	0.7103587	6.017546	1.358493	2.477309
17172	-1234.538	-1446.364	211.8259	0.6407484	6.891337	1.121298	2.347857
17178	-1240.727	-1452.616	211.8891	0.7002245	6.891337	0.6724795	2.580344
17184	-1243.704	-1456.909	213.205	1.40242	5.755968	1.181792	0.9050543
17190	-1249.324	-1460.095	210.7706	0.5115182	5.483398	1.138594	3.26294
17196	-1249.897	-1460.848	210.9505	0.7220813	5.582157	1.716805	2.746202
17202	-1234.122	-1445.678	211.5568	0.7937772	5.191337	1.127172	2.672979
17208	-1244.454	-1456.121	211.6671	0.9310708	4.989799	1.127172	2.554362
17214	-1237.39	-1448.753	211.3629	0.9532653	5.408692	1.797774	2.340779
17220	-1233.754	-1446.342	212.5879	1.032737	6.074785	1.005768	1.780139
17226	-1228.707	-1441.04	212.3322	1.032737	5.606053	1.478683	1.757
17232	-1245.278	-1457.859	212.5812	1.080008	6.206719	0.6935119	1.973228
17238	-1234.761	-1446.415	211.6532	0.743072	6.032365	0.8852757	2.6613
17244	-1228.508	-1439.93	211.4213	0.6614217	5.471545	1.378464	2.6613
17250	-1228.287	-1440.016	211.7296	0.6799346	6.712498	1.378464	2.270155
17256	-1236.952	-1448.939	211.9873	0.7162246	3.650385	1.327142	2.646621
17262	-1242.142	-1453.461	211.319	0.6921211	4.061897	1.080567	3.109417
17268	-1240.167	-1451.171	211.0044	0.9604173	5.17042	1.843328	2.58323
17274	-1229.502	-1440.324	210.8227	0.7653553	4.89333	1.868207	2.852028
17280	-1229.023	-1440.802	211.7781	0.7742998	4.321871	1.663286	2.444945
17286	-1230.912	-1442.575	211.6626	0.7836627	5.215596	1.196176	2.571742
17292	-1235.235	-1445.982	210.7471	0.4594413	4.845341	1.169783	3.39357
17298	-1245.096	-1456.146	211.0501	0.7549077	4.193845	1.435061	3.027884
17304	-1245.864	-1457.012	211.1479	0.7160546	4.193845	1.435061	2.992545
17310	-1224.95	-1436.332	211.3817	0.7628438	4.193845	1.353248	2.86167
17316	-1235.543	-1446.093	210.5494	0.676686	4.193845	1.48038	3.351021
17322	-1242.718	-1454.053	211.3352	0.4961536	3.972897	1.532544	3.012679
17328	-1241.879	-1454.232	212.3533	0.8731768	3.609334	1.532544	2.228273
17334	-1232.182	-1443.301	211.1186	0.8359573	3.609334	1.8779	2.876927
17340	-1230.188	-1442.375	212.1869	0.7292685	4.612575	1.238698	2.361709
17346	-1243.566	-1454.786	211.22	0.645304	3.96423	1.238698	3.131466
17352	-1240.215	-1452.018	211.803	0.7772402	4.404371	1.205633	2.629362
17358	-1231.062	-1442.79	211.7285	0.7547511	4.725231	1.205633	2.629362
17364	-1231.425	-1442.609	211.1844	0.7574107	4.184247	1.395172	2.96601
17370	-1221.798	-1433.717	211.9186	0.7909604	4.248415	1.395172	2.482932
17376	-1231.924	-1443.791	211.8672	0.8441055	4.917391	1.395172	2.354598
17382	-1227.596	-1439.208	211.6119	0.6708191	5.610554	1.395172	2.506976
17388	-1224.49	-1436.544	212.0544	0.8492003	5.183907	0.8479273	2.506976
17394	-1234.965	-1447.057	212.0915	0.8172185	5.655513	1.255166	2.173507
17400	-1237.826	-1450.123	212.2968	0.9843588	5.005025	1.034945	2.173507
17406	-1233.929	-1445.732	211.8035	0.7501483	5.608071	1.034945	2.533236
17412	-1240.5	-1452.101	211.6012	0.8128939	5.608071	1.17555	2.538895
17418	-1246.569	-1458.935	212.366	1.085834	4.989352	0.7619236	2.258039
17424	-1240.898	-1453.085	212.1864	0.9955295	5.148621	1.074313	2.187556
17430	-1235.099	-1446.835	211.7361	0.8654241	4.27353	1.074313	2.714825
17436	-1236.84	-1448.349	211.5093	0.7079173	4.759617	1.346263	2.714825
17442	-1248.13	-1459.248	211.1182	0.6806924	5.019367	1.346263	2.924017
17448	-1246.063	-1457.037	210.9742	0.6735384	6.188711	1.169996	2.924017
17454	-1246.137	-1457.677	211.5396	0.8254087	4.40248	1.169996	2.78091
17460	-1236.452	-1448.982	212.5304	0.9215459	3.572025	1.403092	2.153742
17466	-1240.848	-1452.382	211.5345	0.8433932	3.807782	1.403092	2.775126
17472	-1241.88	-1453.04	211.1605	0.6345723	4.463386	1.223568	3.084988
17478	-1242.891	-1454.126	211.2345	0.7386081	3.515866	1.398652	3.084988
17484	-1251.665	-1461.731	210.0655	0.6604651	3.943626	1.398652	3.72673
17490	-1246.104	-1456.486	210.3824	0.6942944	3.758383	1.682912	3.44131
17496	-1240.525	-1451.226	210.7009	0.7886411	3.758383	1.682912	3.198268
17502	-1240.676	-1451.163	210.487	0.7923542	3.525746	2.784064	3.015993
17508	-1243.754	-1454.642	210.8874	0.8628124	3.033701	2.223602	3.015993
17514	-1245.387	-1455.765	210.3779	0.8391491	3.033701	1.670563	3.527311
17520	-1245.393	-1456.716	211.3229	0.7429566	3.500338	1.670563	2.914916
17526	-1238.922	-1450.221	211.299	0.8416506	4.128514	1.457873	2.827952
17532	-1256.302	-1467.589	211.2872	0.868711	5.05169	1.457873	2.648283
17538	-1243.244	-1454.67	211.4264	0.6667747	6.431562	1.419575	2.490106
17544	-1238.697	-1450.294	211.5965	0.7139663	6.431562	1.064003	2.543678
17550	-1232.816	-1444.275	211.4598	0.714522	6.431562	1.064003	2.628042
17556	-1241.343	-1452.58	211.2368	0.7165572	4.934717	1.291621	2.871823
17562	-1235.316	-1447.412	212.0966	0.98991	4.934717	1.291621	2.163698
17568	-1230.194	-1441.637	211.4429	0.7980757	5.573625	1.291621	2.590368
17574	-1245.028	-1456.869	211.841	0.769329	5.44539	1.207708	2.424691
17580	-1252.792	-1464.985	212.1934	1.088701	5.004833	1.337581	1.997288
17586	-1246.125	-1458.626	212.5006	1.289006	5.019532	1.640413	1.479316
17592	-1244.913	-1456.959	212.0454	1.289006	4.999511	1.569752	1.844747
17598	-1242.776	-1455.007	212.2319	1.166898	4.999511	1.480914	1.844747
17604	-1256.725	-1468.173	211.4471	0.8149682	5.538758	1.605194	2.434689
17610	-1250.735	-1462.651	211.9161	0.910708	6.208042	0.9245463	2.339639
17616	-1253.918	-1465.581	211.6627	0.8840066	6.154397	0.9245463	2.523892
17622	-1248.806	-1461.751	212.9445	1.345657	4.275272	1.628327	1.266586
17628	-1250.424	-1463.149	212.7245	1.284213	4.238328	1.455531	1.588623
17634	-1247.504	-1460.265	212.761	1.173095	5.154018	1.211705	1.588623
17640	-1243.131	-1456.031	212.8993	1.026557	5.988657	0.9617506	1.609868
17646	-1246.209	-1459.112	212.9036	1.278067	7.232517	0.640299	1.498364
17652	-1235.766	-1449.014	213.2479	1.504676	6.128178	0.640299	1.240607
17658	-1225.766	-1439.344	213.5777	1.469449	5.010754	0.640299	1.234646
17664	-1230.842	-1444.538	213.6962	1.535317	5.482962	0.6352418	0.9526675
17670	-1223.093	-1436.126	213.033	1.361701	7.71073	0.9114024	0.9526675
17676	-1231.166	-1444.078	212.912	1.348381	8.342777	0.7491161	1.145431
17682	-1247.769	-1460.244	212.4755	1.158358	8.196381	1.008729	1.444701
17688	-1235.497	-1447.708	212.2107	1.02106	7.788702	0.7545353	1.983109
17694	-1243.635	-1456.137	212.5019	0.97014	6.470904	0.8833119	1.906574
17700	-1229.844	-1442.043	212.1987	0.9215907	7.3205	0.8833119	2.019929
17706	-1237.961	-1450.448	212.4868	0.9204214	7.3205	1.006442	1.736637
17712	-1223.888	-1435.609	211.7205	0.8023369	7.509566	1.006442	2.300173
17718	-1231.831	-1444.237	212.4054	0.9255049	6.004129	1.006442	1.988485
17724	-1241.563	-1453.935	212.3716	1.09108	5.486061	1.197161	1.867161
17730	-1245.529	-1457.975	212.446	0.9954285	5.486061	1.197161	1.88164
17736	-1240.057	-1452.405	212.3489	1.213941	5.141803	1.233704	1.839834
17742	-1226.603	-1439.561	212.9573	1.204093	5.141803	1.233704	1.406179
17748	-1218.702	-1431.224	212.5229	1.15283	5.141803	1.233704	1.761703
17754	-1230.662	-1443.154	212.4919	1.085982	5.498213	1.237051	1.761703
17760	-1227.986	-1440.143	212.1571	0.9521607	5.498213	1.218735	2.089076
17766	-1225.523	-1437.168	211.6451	0.9314622	5.498213	1.186323	2.449005
17772	-1230.256	-1442.021	211.765	0.9239896	5.352634	1.099559	2.451682
17778	-1237.687	-1449.194	211.5064	0.773935	7.089006	1.099559	2.451682
17784	-1237.356	-1448.388	211.0321	0.6426828	6.378402	0.9589616	3.002659
17790	-1234.176	-1445.565	211.3895	0.7573795	6.150175	1.139271	2.64209
17796	-1235	-1446.64	211.6397	0.7707387	5.552925	1.139271	2.570153
17802	-1234.014	-1445.578	211.5641	0.7868632	6.426206	1.139271	2.475436
17808	-1242.704	-1453.848	211.1446	0.7131044	6.426206	1.139271	2.780091
17814	-1230.55	-1442.207	211.657	0.745732	5.411654	0.9301032	2.72352
17820	-1232.407	-1443.966	211.5592	0.6165765	4.973215	1.48625	2.636516
17826	-1223.774	-1435.583	211.8098	0.9222268	5.267245	1.575937	2.193581
17832	-1230.52	-1442.687	212.1665	0.9223886	5.208978	1.147057	2.193581
17838	-1250.924	-1462.629	211.7047	1.009187	5.860882	1.432117	2.174794
17844	-1245.792	-1457.6	211.8082	0.9213367	4.669173	0.7386279	2.784618
17850	-1234.635	-1446.417	211.7818	0.9213367	5.456366	1.172709	2.383617
17856	-1228.529	-1440.407	211.8773	0.7962112	5.651179	0.8987645	2.538865
17862	-1229.462	-1441.511	212.049	1.00844	4.282821	1.682788	2.120994
17868	-1231.029	-1443.267	212.2382	0.8094706	4.836508	0.9299601	2.421455
17874	-1225.106	-1436.402	211.2955	0.7322572	5.470183	1.18321	2.794389
17880	-1233.677	-1445.224	211.5473	0.8397273	6.393712	1.1916	2.428186
17886	-1231.78	-1443.51	211.7297	0.8958662	5.361596	1.1916	2.437824
17892	-1232.053	-1443.993	211.9401	0.9569398	5.556731	1.444203	2.09914
17898	-1240.469	-1451.578	211.1092	0.7722217	6.052477	1.053012	2.867694
17904	-1230.131	-1442.061	211.9298	0.9478739	4.550001	0.9554022	2.564098
17910	-1244.343	-1455.506	211.1623	1.06317	4.203097	2.33469	2.425037
17916	-1240.213	-1451.6	211.3866	0.8964272	4.143433	1.246992	2.840449
17922	-1239.387	-1451.496	212.1086	1.002946	5.079171	1.128848	2.212607
17928	-1236.503	-1448.699	212.1959	0.9176135	5.261591	1.073298	2.212607
17934	-1246.626	-1459.075	212.4484	1.137844	5.261591	1.273243	1.778179
17940	-1245.73	-1458.054	212.3245	1.067031	5.763095	1.596716	1.649943
17946	-1243.918	-1456.029	212.1108	0.9681507	5.763095	1.602711	1.865586
17952	-1239.058	-1451.79	212.7327	1.253662	4.235872	1.602711	1.527249
17958	-1236.717	-1449.862	213.1452	1.333198	3.752834	1.586181	1.28024
17964	-1236.129	-1449.132	213.0033	1.333198	4.171076	1.586181	1.28024
17970	-1231.048	-1443.757	212.7097	1.085446	4.364521	1.586181	1.645511
17976	-1244.217	-1455.878	211.6612	1.231263	4.943563	2.004098	1.96568
17982	-1228.512	-1440.823	212.3111	0.900978	4.943563	1.158739	2.154539
17988	-1237.825	-1449.787	211.9619	0.812241	4.207794	1.458324	2.420299
17994	-1243.005	-1454.967	211.9619	0.812241	4.207794	1.458324	2.420299
18000	-1239.785	-1451.271	211.4866	0.8919143	4.207794	1.32054	2.732472
18006	-1250.877	-1461.79	210.9129	0.8961856	4.207794	1.35222	3.061287
18012	-1244.757	-1455.068	210.3111	0.7843474	4.098385	1.606559	3.392837
18018	-1239.005	-1450.706	211.7011	0.9696271	4.656301	0.728554	2.830399
18024	-1247.528	-1459.292	211.7643	0.9064359	4.656301	0.728554	2.830399
18030	-1238.829	-1449.736	210.9074	0.919921	4.00367	0.728554	3.454919
18036	-1234.671	-1446.243	211.5723	1.027764	4.00367	0.9827399	2.824396
18042	-1237.222	-1448.127	210.9054	0.9399111	3.599558	2.351635	2.783453
18048	-1252.291	-1463.333	211.0424	0.9337637	3.896068	2.553821	2.57622
18054	-1238.629	-1449.1	210.4709	0.7212363	3.438276	1.72894	3.424603
18060	-1233.19	-1443.834	210.6438	0.4822016	4.63645	1.415233	3.357933
18066	-1234.757	-1445.695	210.938	0.8636935	4.253999	1.415233	3.027316
18072	-1233.724	-1445.038	211.3134	0.659836	3.76434	1.415233	3.02322
18078	-1224.879	-1436.287	211.4074	0.7492064	4.37827	1.268882	2.860436
18084	-1234.633	-1446.87	212.2372	0.7585159	4.37827	1.359989	2.293394
18090	-1226.578	-1438.844	212.2658	1.001764	4.184718	1.359989	2.157835
18096	-1232.698	-1444.14	211.4419	0.776055	4.051388	1.848331	2.632985
18102	-1243.599	-1455.265	211.6656	0.8974271	4.051388	1.36088	2.630747
18108	-1232.166	-1443.761	211.5956	0.8583422	4.051388	1.919827	2.458748
18114	-1223.904	-1436.083	212.1786	0.9237005	4.051388	0.9972852	2.496208
18120	-1228.815	-1440.635	211.8201	0.9872819	4.253447	1.644954	2.305144
18126	-1231.651	-1443.863	212.212	0.9131683	4.253447	1.644954	2.099564
18132	-1239.218	-1449.326	210.1075	0.77055	3.733259	1.644954	3.577309
18138	-1239.041	-1448.843	209.8014	0.6455827	3.2936	1.644954	3.921038
18144	-1231.416	-1442.065	210.6484	0.6850569	3.2936	1.473099	3.479316
18150	-1235.85	-1447.389	211.5383	1.011029	2.667916	1.4021	2.949699
18156	-1235.247	-1446.672	211.4248	1.029963	2.667916	1.4912	2.966094
18162	-1228.632	-1440.885	212.2529	0.98339	2.491252	2.149829	2.275702
18168	-1234.442	-1446.12	211.678	1.064001	4.004021	2.614991	2.044779
18174	-1228.937	-1441.045	212.1081	1.010382	3.821464	1.689474	2.178493
18180	-1240.404	-1453.263	212.8593	1.007066	4.3814	0.927715	1.981185
18186	-1246.496	-1457.904	211.4084	0.7915101	3.383231	2.144376	2.684136
18192	-1248.167	-1458.446	210.2786	0.8606323	3.827128	2.032513	3.26237
18198	-1248.672	-1459.225	210.5525	0.6539669	3.638267	2.032513	3.26237
18204	-1248.167	-1458.857	210.6899	0.6520102	3.638267	2.032513	3.182206
18210	-1244.833	-1455.611	210.7782	0.7670176	2.925328	1.875982	3.284467
18216	-1240.718	-1451.835	211.1167	0.8452008	4.165342	1.875982	2.756611
18222	-1237.646	-1449.925	212.2789	0.9122623	4.078326	1.596494	2.115672
18228	-1235.985	-1447.966	211.9816	0.9689385	4.079233	2.023092	2.095183
18234	-1235.551	-1447.144	211.5932	0.7558057	4.079233	1.366481	2.753725
18240	-1241.779	-1453.257	211.4785	0.8698434	4.065741	1.557607	2.669036
18246	-1250.853	-1462.719	211.8657	0.6813103	4.980629	0.9853876	2.671821
18252	-1245.915	-1456.956	211.0404	0.5830328	4.398337	1.625746	3.015112
18258	-1243.567	-1455.363	211.7966	0.9012693	3.708277	1.698407	2.468281
18264	-1235.78	-1447.29	211.5094	0.8547268	5.599728	1.373625	2.468281
18270	-1234.216	-1446.204	211.9883	0.8197244	5.095413	1.020222	2.468281
18276	-1232.487	-1444.815	212.3283	1.163375	5.713201	0.8165868	2.064638
18282	-1245.559	-1458.049	212.49	1.110569	3.855854	0.8165868	2.346851
18288	-1240.003	-1452.465	212.4623	1.106557	3.855854	1.177875	2.132506
18294	-1237.227	-1449.218	211.9917	0.9613067	3.87038	1.791866	2.231215
18300	-1243.807	-1456.278	212.4711	0.9770251	3.981191	1.591554	1.969325
18306	-1235.703	-1448.387	212.6833	1.069151	3.981191	1.387697	1.865322
18312	-1230.895	-1443.326	212.4317	1.056546	4.345561	1.478651	1.917184
18318	-1242.791	-1455.34	212.5483	1.255716	5.286863	1.54776	1.462162
18324	-1236.417	-1448.547	212.1307	0.917082	5.781858	0.5130345	2.600474
18330	-1247.662	-1460.003	212.3406	1.066875	3.376705	1.604541	2.134423
18336	-1250.452	-1462.401	211.9492	0.7953592	3.232814	1.135716	2.818994
18342	-1239.824	-1453.033	213.2088	1.51938	4.781787	1.146964	1.079379
18348	-1246.374	-1459.707	213.3333	1.50981	4.781787	1.146964	0.9668838
18354	-1226.013	-1437.719	211.7062	0.8567216	4.67832	1.237805	2.571463
18360	-1233.281	-1445.204	211.923	1.065898	4.67832	1.237805	2.30346
18366	-1232.579	-1444.925	212.3463	1.03303	4.728357	1.237805	2.040157
18372	-1226.924	-1439.058	212.1341	0.9409354	4.952141	1.011111	2.330613
18378	-1223.13	-1435.393	212.2625	0.9974646	4.305667	1.011111	2.335977
18384	-1241.68	-1454.303	212.6225	1.026647	4.34351	1.011111	2.076587
18390	-1248.064	-1460.306	212.2423	0.9936565	3.508409	1.320954	2.349546
18396	-1249.28	-1461.929	212.6488	1.070204	3.508409	1.742307	1.830289
18402	-1245.804	-1458.421	212.6171	1.143632	4.782955	0.8560569	2.022945
18408	-1247.308	-1459.825	212.5164	1.143632	4.782955	0.8560569	2.089478
18414	-1249.619	-1461.053	211.4341	0.9363569	3.837639	1.963727	2.539946
18420	-1247.532	-1460.084	212.5519	1.129677	4.020447	1.978196	1.625809
18426	-1248.68	-1460.542	211.8624	1.261903	4.559777	1.42603	2.141184
18432	-1246.254	-1457.599	211.3459	0.7866369	3.70423	1.009885	3.151291
18438	-1247.858	-1459.095	211.2372	0.7920687	4.292405	1.284413	2.945897
18444	-1236.742	-1447.822	211.0798	0.7093311	4.223362	1.279461	3.105473
18450	-1239.023	-1450.994	211.9711	0.8892716	4.223362	1.121921	2.53753
18456	-1231.656	-1443.202	211.5454	0.7299914	5.608393	1.121921	2.654648
18462	-1232.136	-1443.756	211.6205	0.7491155	5.150033	1.012416	2.73519
18468	-1235.264	-1446.48	211.2161	0.7539782	5.150033	1.373308	2.785319
18474	-1232.359	-1444	211.6412	0.634935	5.030074	1.373308	2.617862
18480	-1232.309	-1443.731	211.4226	0.7469894	5.576469	1.373308	2.593405
18486	-1218.168	-1429.565	211.3973	0.704118	5.004006	1.373308	2.729818
18492	-1220.289	-1432.119	211.8306	0.9570388	4.4562	0.8182671	2.729818
18498	-1225.661	-1437.697	212.0355	0.9318092	4.4562	1.134352	2.417423
18504	-1235.814	-1447.774	211.9603	1.167863	4.530236	0.7496591	2.556547
18510	-1224.26	-1435.747	211.4873	0.9339634	3.652638	1.25753	2.853705
18516	-1233.548	-1446.203	212.6552	0.9022029	3.363834	1.14016	2.278345
18522	-1244.221	-1455.612	211.3904	0.8645264	4.651716	1.764518	2.525904
18528	-1254.16	-1465.698	211.5386	0.7693927	3.936354	2.050867	2.525904
18534	-1244.96	-1456.324	211.3642	0.7008991	5.006425	1.300201	2.787371
18540	-1256.547	-1468.478	211.9305	0.9482193	5.391059	1.915889	1.928105
18546	-1253.929	-1466.379	212.4498	0.9673748	5.230736	1.450229	1.804056
18552	-1264.436	-1476.824	212.3881	1.045963	3.852819	1.226448	2.193407
18558	-1251.666	-1463.114	211.4478	0.824233	5.12926	1.226448	2.677732
18564	-1250.884	-1464.181	213.2965	1.533693	4.116795	1.268781	1.077406
18570	-1250.603	-1463.693	213.0907	1.485584	4.116795	1.758331	0.97475
18576	-1238.782	-1451.707	212.9246	1.475752	4.116795	1.758331	1.14184
18582	-1236.039	-1449.066	213.0272	1.4832	4.186834	1.398415	1.24666
18588	-1246.311	-1459.483	213.1722	1.523437	4.469596	1.398415	0.9983668
18594	-1246.842	-1459.669	212.827	1.366323	4.677173	1.601264	1.260046
18600	-1240.037	-1453.431	213.3947	1.333076	4.533254	1.126266	1.163429
18606	-1252.034	-1464.913	212.8794	1.139513	3.948703	1.933076	1.41237
18612	-1251.771	-1462.57	210.7988	0.797968	4.433385	1.832254	2.942919
18618	-1250.32	-1461.667	211.3472	0.5958824	4.433385	1.832254	2.732711
18624	-1238.197	-1449.134	210.9365	0.6381586	5.58693	1.544566	2.877158
18630	-1241.866	-1454.377	212.511	0.9932989	4.034785	1.267491	2.084431
18636	-1236.545	-1449.03	212.4855	1.144734	4.272403	1.041148	2.084431
18642	-1231.387	-1442.881	211.4938	0.8954436	4.390651	1.215306	2.744169
18648	-1241.859	-1452.847	210.9881	0.9553197	4.881151	1.337038	2.864739
18654	-1251.59	-1463.783	212.1929	0.9537542	4.881151	1.337038	2.110269
18660	-1234.177	-1445.766	211.5893	0.9788387	4.621754	1.164229	2.618337
18666	-1230.955	-1442.998	212.043	1.024425	4.621754	1.164229	2.30499
18672	-1234.539	-1446.743	212.2042	1.020991	4.621754	1.726863	1.920557
18678	-1238.831	-1451.064	212.2335	0.9121377	4.893988	1.726863	1.920557
18684	-1238.228	-1450.292	212.064	1.017686	4.455687	1.726863	2.050174
18690	-1251.171	-1463.466	212.295	0.7168744	4.479633	1.441179	2.222469
18696	-1238.146	-1450.05	211.9035	0.9534107	3.924779	1.441179	2.435527
18702	-1233.477	-1445.532	212.0548	1.033936	3.924779	1.441179	2.288454
18708	-1239.87	-1451.443	211.5721	0.940238	3.924779	1.441179	2.649984
18714	-1237.562	-1448.984	211.4223	0.8538711	4.595025	1.441179	2.663261
18720	-1223.302	-1435.765	212.4627	0.9571718	4.027071	1.265056	2.142802
18726	-1225.651	-1438.3	212.6484	1.104539	4.817036	1.006836	1.914886
18732	-1236.578	-1449.811	213.2332	1.123668	4.295419	1.006836	1.603003
18738	-1232.429	-1444.355	211.9257	1.086636	4.963442	1.552801	2.075924
18744	-1233.936	-1445.681	211.7454	0.9955841	4.963442	1.552801	2.252403
18750	-1235.031	-1446.755	211.7244	0.9164701	5.676347	1.126196	2.413729
18756	-1236.777	-1448.319	211.542	0.7221887	5.685225	0.9329178	2.763336
18762	-1236.124	-1447.677	211.5532	0.853133	5.95175	0.8300867	2.705145
18768	-1232.311	-1443.277	210.9665	0.8517543	5.95175	0.8300867	3.060997
18774	-1239.656	-1450.232	210.5766	0.8512103	4.340077	1.642238	3.136031
18780	-1234.149	-1444.869	210.7202	0.8268378	4.815157	1.063142	3.256071
18786	-1235.548	-1447.667	212.1189	1.000126	4.640475	1.18302	2.257671
18792	-1238.398	-1449.714	211.3157	0.84413	5.502564	1.217434	2.690245
18798	-1240.988	-1453.456	212.4677	0.7803027	6.451494	1.101179	1.912519
18804	-1240.374	-1452.124	211.7493	0.9405956	6.442029	1.193294	2.227307
18810	-1233.101	-1445.125	212.0246	0.9411296	5.320312	1.193294	2.227307
18816	-1250.083	-1462.288	212.2049	0.9735814	5.855639	1.193294	1.998103
18822	-1238.667	-1451.13	212.4632	1.0075	5.447513	0.8149271	2.124409
18828	-1229.501	-1441.838	212.3371	1.09818	5.505433	1.493547	1.718085
18834	-1236.208	-1448.734	212.5255	1.083906	4.091733	1.416645	1.922232
18840	-1234.902	-1447.851	212.9497	1.142562	4.587951	1.012816	1.723316
18846	-1234.129	-1446.94	212.8117	1.091943	4.009569	1.012816	1.978593
18852	-1228.402	-1441.105	212.7028	1.166053	5.579684	1.087316	1.635419
18858	-1246.559	-1457.38	210.8216	0.7904404	6.43763	1.644109	2.686762
18864	-1234.942	-1445.227	210.2856	0.6788563	4.720477	1.312149	3.485663
18870	-1243.151	-1454.495	211.3442	0.7388462	4.635859	1.312149	2.835705
18876	-1248.865	-1459.932	211.0667	0.6792484	6.181052	1.018984	2.95104
18882	-1245.608	-1456.854	211.246	0.8170767	4.872396	1.193294	2.866685
18888	-1240.889	-1452.348	211.4592	0.8897774	5.629912	1.193294	2.566189
18894	-1252.796	-1464.318	211.5224	0.8546885	5.130243	1.31662	2.566189
18900	-1243.074	-1454.692	211.6176	0.7182967	6.904604	0.9570029	2.52884
18906	-1254.449	-1466.449	212.0004	0.9509928	6.904604	0.7554757	2.283517
18912	-1237.163	-1449.86	212.6971	1.334649	4.03468	1.430199	1.634211
18918	-1251.05	-1462.658	211.6075	1.321228	3.37029	2.841194	2.003557
18924	-1252.947	-1465.658	212.7116	1.395109	3.429398	1.443899	1.727093
18930	-1245.308	-1457.88	212.572	1.147333	3.429398	1.443899	1.99224
18936	-1234.878	-1446.294	211.4162	0.8898826	4.082246	1.443899	2.742817
18942	-1239.665	-1450.635	210.9695	0.8192046	4.0042	1.48066	3.054622
18948	-1246.612	-1456.362	209.7498	0.6066097	4.0042	1.48066	3.891892
18954	-1250.701	-1461.725	211.0244	0.8701005	4.0042	1.453676	3.003318
18960	-1241.257	-1452.024	210.7671	0.8087157	3.490086	1.465553	3.296103
18966	-1234.184	-1446.037	211.853	0.9812095	3.490086	1.408521	2.56269
18972	-1249.299	-1461.502	212.2031	0.9980093	3.490086	2.045301	2.058518
18978	-1239.983	-1451.598	211.6146	0.8706937	4.045863	1.615843	2.56317
18984	-1235.47	-1446.441	210.9716	0.7718273	4.045863	1.615843	3.015338
18990	-1241.511	-1453.735	212.2236	0.9815292	3.763503	1.615843	2.168031
18996	-1252.579	-1464.916	212.3368	1.096117	4.115456	1.615843	1.938051
19002	-1244.439	-1456.934	212.495	1.141895	4.430707	1.673677	1.700712
19008	-1244.578	-1456.867	212.2893	0.8816572	3.999721	1.673677	2.111331
19014	-1239.276	-1451.586	212.3101	0.8601177	5.32111	1.408799	1.976903
19020	-1248.964	-1461.402	212.4375	0.9435103	5.32111	0.9234846	2.126014
19026	-1241.62	-1454.94	213.3196	1.320744	5.127534	0.9234846	1.26158
19032	-1251.927	-1465.008	213.0809	1.320744	4.341227	1.253925	1.388694
19038	-1254.657	-1466.824	212.1662	1.256725	4.341227	2.273238	1.618063
19044	-1240.457	-1453.611	213.1536	1.06071	4.09418	1.208418	1.618063
19050	-1236.707	-1449.704	212.997	1.266031	4.211009	1.111281	1.618063
19056	-1243.483	-1455.536	212.0532	0.9904132	4.211009	1.111281	2.431441
19062	-1250.037	-1462.485	212.4478	1.213631	5.158437	1.111281	1.843599
19068	-1243.65	-1456.735	213.0846	1.277792	4.169516	1.374461	1.385686
19074	-1246.063	-1459.015	212.9519	1.23385	4.169516	1.374461	1.520394
19080	-1248.879	-1461.747	212.8683	1.465548	4.122278	0.7827365	1.831199
19086	-1246.409	-1459.142	212.7333	1.284471	4.177339	0.7421174	2.065152
19092	-1234.549	-1446.825	212.2757	1.084864	4.833277	1.297723	1.999108
19098	-1240.773	-1452.477	211.7044	0.9429815	3.788591	1.624659	2.513337
19104	-1250.269	-1461.626	211.3578	0.7542083	5.644597	0.8441702	2.92074
19110	-1251.329	-1463.991	212.6617	1.081637	4.952589	0.8862704	1.979825
19116	-1254.248	-1466.97	212.7221	1.124986	4.596599	0.8862704	1.979825
19122	-1260.416	-1472.356	211.9403	0.9100411	8.030894	1.007008	2.020602
19128	-1254.696	-1467.011	212.3145	0.9897477	8.525658	0.6009281	1.979625
19134	-1244.601	-1455.892	211.2916	0.7108855	5.182068	1.646466	2.637554
19140	-1255.181	-1467.333	212.1525	0.8932932	6.777725	1.020291	2.050946
19146	-1244.515	-1456.494	211.9796	0.8934013	6.777725	1.211663	2.048533
19152	-1249.013	-1461.193	212.1795	1.067948	7.471246	1.045295	1.800071
19158	-1238.189	-1450.557	212.3676	1.039558	6.682768	1.135729	1.74548
19164	-1250.779	-1463.474	212.6956	1.137189	5.776312	1.135729	1.593208
19170	-1243.6	-1456.599	212.9998	1.22775	5.776312	1.135729	1.290434
19176	-1236.82	-1449.652	212.8314	1.22775	6.729003	1.135729	1.245779
19182	-1237.885	-1450.636	212.7502	1.172147	4.238413	1.579623	1.585721
19188	-1228.354	-1440.797	212.4428	1.066965	4.238413	1.579623	1.876049
19194	-1238.207	-1450.504	212.2965	1.033188	5.099796	1.115174	2.074836
19200	-1239.237	-1451.5	212.263	1.145935	5.113768	2.00923	1.56976
19206	-1243.384	-1456.058	212.6735	1.115611	5.350111	1.249959	1.631693
19212	-1240.187	-1452.884	212.6974	1.139024	5.350111	1.249959	1.597435
19218	-1232.825	-1445.696	212.8717	1.139024	5.350111	0.7947176	1.794772
19224	-1240.662	-1453.234	212.5723	1.289474	7.450303	1.180074	1.25079
19230	-1236.189	-1448.943	212.7537	1.289474	7.680755	1.25471	0.9860847
19236	-1239.737	-1452.396	212.6589	1.286204	7.971652	1.283543	1.003853
19242	-1226.662	-1439.663	213.0017	1.286204	5.070168	1.343132	1.24794
19248	-1238.968	-1452.109	213.1408	1.128078	5.070168	1.0375	1.475745
19254	-1235.821	-1448.621	212.8003	1.099572	5.707682	1.1083	1.575114
19260	-1223.574	-1435.864	212.2904	0.895103	7.628828	1.1083	1.779911
19266	-1218.884	-1430.702	211.8181	0.8600523	6.061181	1.113194	2.337757
19272	-1227.848	-1439.397	211.5491	0.8025868	5.415034	0.7111014	2.908806
19278	-1236.097	-1447.264	211.1669	0.6143439	5.083263	1.42835	2.885224
19284	-1246.693	-1457.702	211.0095	0.7762955	4.996829	1.42835	2.89708
19290	-1251.318	-1463.393	212.075	0.849251	5.861281	0.7808192	2.433188
19296	-1247.617	-1459.155	211.5376	0.8034424	4.974985	1.137352	2.709929
19302	-1244.396	-1454.915	210.519	0.8572853	4.974985	1.137352	3.28917
19308	-1255.29	-1466.798	211.5076	0.8062947	4.345352	1.400343	2.706481
19314	-1256.9	-1469.957	213.0567	1.258723	3.979252	1.53243	1.378771
19320	-1243.228	-1455.603	212.3754	1.258723	4.607034	2.401032	1.346688
19326	-1248.244	-1461.213	212.9693	1.344155	3.176362	2.024956	1.363579
19332	-1240.699	-1454.115	213.4154	1.267174	3.352116	1.155001	1.50353
19338	-1237.694	-1450.682	212.9881	1.342666	3.454749	1.595757	1.47679
19344	-1236.722	-1450.198	213.4762	1.446976	3.454749	1.302771	1.178458
19350	-1238.889	-1451.612	212.7232	1.446976	3.12459	2.078506	1.466894
19356	-1254.724	-1468.283	213.5587	1.523194	4.23934	1.065985	0.9689469
19362	-1256.947	-1470.191	213.2438	1.607482	4.331908	1.436734	0.8423474
19368	-1245.996	-1458.985	212.9886	1.511711	7.219439	1.096754	0.7090927
19374	-1248.299	-1461.009	212.7104	1.431057	9.082058	1.009642	0.8409639
19380	-1261.362	-1473.968	212.6067	1.3753	9.942545	0.8221349	1.07136
19386	-1247.153	-1460.177	213.0242	1.3753	8.120709	0.8471969	0.9391581
19392	-1240.956	-1453.819	212.8633	1.393312	6.357292	1.214966	1.084313
19398	-1250.113	-1462.936	212.8228	1.49231	6.052052	1.290617	1.036321
19404	-1254.657	-1467.309	212.6521	1.259962	7.119775	0.9845541	1.41276
19410	-1238.259	-1450.455	212.1956	1.090546	7.124263	0.8528147	1.958932
19416	-1234.299	-1446.229	211.93	0.928042	6.019345	1.323551	2.111164
19422	-1240.173	-1452.372	212.1993	1.009768	4.812383	1.954488	1.795589
19428	-1243.794	-1456.97	213.1759	1.240539	4.812383	1.270309	1.251228
19434	-1247.198	-1459.364	212.1653	1.087118	4.812383	1.270309	2.08965
19440	-1247.03	-1459.577	212.5472	1.021638	4.956885	1.621205	1.663942
19446	-1250.252	-1461.802	211.5499	1.005162	4.638087	1.935913	2.271252
19452	-1246.949	-1458.465	211.5159	0.953117	5.741897	1.284782	2.42483
19458	-1244.342	-1456.623	212.2812	0.953117	6.327758	1.284782	1.831435
19464	-1239.87	-1451.265	211.3954	0.8436275	4.887104	1.516706	2.598736
19470	-1239.941	-1451.854	211.9137	0.8386428	4.453484	1.044855	2.60462
19476	-1252.056	-1463.811	211.7546	0.9235124	4.699473	1.044855	2.60462
19482	-1247.27	-1459.174	211.9037	1.035538	4.699473	1.044855	2.441743
19488	-1239.86	-1452.01	212.1497	0.9064735	6.007402	1.119623	2.098218
19494	-1238.537	-1450.486	211.9494	0.9583149	5.032156	1.626075	2.098218
19500	-1240.247	-1452.294	212.047	0.9583149	4.972	1.626075	2.044991
19506	-1240.289	-1452.583	212.2939	0.9583149	4.972	1.297293	2.044991
19512	-1240.561	-1453.015	212.4543	1.081546	4.045581	1.297293	2.044991
19518	-1239.266	-1450.801	211.5359	0.776989	4.295985	2.205463	2.394366
19524	-1238.901	-1449.972	211.071	0.7683115	4.935484	1.291309	2.940691
19530	-1238.468	-1449.327	210.8589	0.7831562	5.67297	1.291309	2.940691
19536	-1234.559	-1445.32	210.7613	0.8867741	3.993285	1.637843	3.073853
19542	-1258.082	-1469.669	211.5861	0.8505682	4.752292	1.201642	2.655322
19548	-1245.632	-1456.868	211.2357	0.8456244	4.752292	1.201642	2.87224
19554	-1240.048	-1452.379	212.3315	0.8110885	4.512166	1.267357	2.220899
19560	-1245.801	-1456.599	210.7978	0.6244954	5.217611	1.267357	3.155268
19566	-1226.561	-1437.961	211.4003	0.757687	5.118482	1.267357	2.728248
19572	-1238.736	-1449.702	210.9657	0.7493684	3.734559	1.288681	3.243038
19578	-1245.763	-1457.086	211.3226	0.6983913	3.987119	1.713053	2.820022
19584	-1241.691	-1453.705	212.0133	0.9207353	3.703564	1.570518	2.375902
19590	-1245.719	-1457.737	212.0183	0.8748308	3.819285	1.570518	2.375902
19596	-1239.408	-1451.166	211.7576	0.9430602	3.819285	1.570518	2.496987
19602	-1249.449	-1461.693	212.2441	0.8892884	3.41038	2.034889	2.126842
19608	-1251.948	-1462.236	210.2876	0.81819	3.41038	2.034889	3.37092
19614	-1251.273	-1462.012	210.7391	0.804746	3.438433	2.034889	3.105562
19620	-1249.246	-1461.171	211.9246	0.9408435	3.653972	1.502949	2.461138
19626	-1244.99	-1456.993	212.0038	0.9494092	3.653972	1.425331	2.442451
19632	-1250.044	-1461.357	211.3139	0.8718476	4.756869	1.221406	2.797675
19638	-1252.144	-1463.118	210.9739	0.7551359	3.874085	1.170145	3.265832
19644	-1245.066	-1457.04	211.9749	0.6875355	4.564451	1.41783	2.439816
19650	-1226.945	-1438.811	211.8656	0.6804699	4.564451	1.459861	2.492831
19656	-1231.62	-1443.15	211.5305	0.8827584	4.564451	0.9619008	2.842237
19662	-1244.9	-1455.229	210.3285	0.7217393	5.318069	0.9619008	3.524452
19668	-1246.381	-1456.272	209.8914	0.4282556	4.687596	0.9619008	4.04738
19674	-1251.145	-1461.401	210.2565	0.5403777	4.687596	1.393372	3.551297
19680	-1249.173	-1460.246	211.0729	0.5885748	4.687596	1.138701	3.168794
19686	-1245.609	-1456.461	210.8519	0.6831562	5.648599	1.283977	3.012388
19692	-1233.971	-1444.547	210.5761	0.7365616	5.648599	1.283977	3.145098
19698	-1236.122	-1448.206	212.0839	0.6405869	5.178323	1.223813	2.388823
19704	-1220.76	-1431.618	210.8581	0.6405869	5.178323	1.087472	3.210744
19710	-1223.764	-1434.845	211.0814	0.5948198	5.178323	1.206075	3.041372
19716	-1222.8	-1434.426	211.6258	0.9090682	4.454245	1.206075	2.647586
19722	-1231.155	-1443.545	212.3901	1.132375	3.596921	1.007111	2.325123
19728	-1226.206	-1438.251	212.0443	1.055898	3.596921	2.070075	2.089508
19734	-1248.099	-1459.553	211.4534	0.8662801	4.703233	2.070075	2.358892
19740	-1252.801	-1464.768	211.9667	0.9274341	5.471183	1.006727	2.358892
19746	-1252.375	-1464.26	211.8853	1.134912	5.050357	0.9938811	2.358892
19752	-1248.108	-1459.575	211.4672	0.734856	4.328288	1.218678	2.868189
19758	-1235.368	-1446.09	210.722	0.734856	3.618882	1.42055	3.358014
19764	-1235.456	-1446.702	211.2464	0.7570627	4.199109	1.786369	2.758921
19770	-1239.505	-1449.836	210.3311	0.9438221	4.593552	1.786369	3.1238
19776	-1239.531	-1450.788	211.2565	0.8973654	4.593552	1.693129	2.628495
19782	-1236.105	-1447.257	211.1519	0.9194097	5.125595	1.693129	2.584997
19788	-1241.07	-1452.469	211.3984	0.7640268	5.669114	1.693129	2.438728
19794	-1233.103	-1444.577	211.4745	0.6721154	6.200275	1.491679	2.456149
19800	-1238.257	-1449.788	211.5303	0.8543799	4.584556	1.491679	2.574807
19806	-1235.479	-1446.824	211.3446	0.8217292	6.360889	0.7178088	2.875229
19812	-1235.371	-1446.931	211.5598	0.7270616	5.854354	0.7178088	2.875229
19818	-1248.303	-1459.282	210.9791	0.6921684	5.854354	1.175357	2.955471
19824	-1241.8	-1454.001	212.2006	0.9925498	4.420862	1.150071	2.271825
19830	-1241.295	-1453.536	212.2416	1.127632	4.420862	1.150071	2.158104
19836	-1244.293	-1457.154	212.8612	1.127632	4.403674	1.140971	1.75036
19842	-1245.349	-1457.524	212.1749	1.010369	5.002353	1.245672	2.111847
19848	-1251.096	-1462.213	211.1178	0.7531057	6.288746	1.245672	2.734459
19854	-1239.527	-1450.781	211.254	0.7756732	5.570231	1.245672	2.744516
19860	-1249.627	-1461.248	211.6204	0.9014836	4.831515	1.245672	2.564981
19866	-1254.855	-1467.429	212.5742	1.104334	4.628084	0.9717249	2.025634
19872	-1249.098	-1461.809	212.7109	1.104334	4.271407	1.143985	1.896815
19878	-1242.191	-1454.805	212.6141	1.104334	4.552307	1.425529	1.742339
19884	-1236.871	-1448.927	212.0565	0.9578942	4.552307	1.425529	2.214203
19890	-1240.874	-1452.565	211.6902	0.8946911	4.00502	1.344393	2.634918
19896	-1225.209	-1436.784	211.5751	0.7093148	5.046694	1.322506	2.634918
19902	-1233.637	-1444.688	211.0501	0.7532511	4.769515	1.006556	3.144709
19908	-1236.262	-1448.047	211.7847	0.7004243	5.601732	1.092682	2.542617
19914	-1237.726	-1449.651	211.9242	0.9123437	5.601732	1.092682	2.321379
19920	-1235.102	-1447.25	212.1475	0.9123437	5.662553	1.092682	2.167728
19926	-1230.322	-1442.26	211.9383	0.8336032	5.547061	1.474338	2.167728
19932	-1221.588	-1432.939	211.3501	0.8288325	5.445782	1.199336	2.697199
19938	-1230.91	-1443.134	212.2234	0.9274889	3.972046	1.585723	2.170049
19944	-1238.851	-1450.828	211.9767	0.9247432	4.375426	1.585723	2.246443
19950	-1234.017	-1445.737	211.7197	0.7805338	5.730451	1.788601	2.17323
19956	-1238.022	-1450.306	212.2844	0.8878767	6.626401	0.720703	2.20855
19962	-1240.047	-1452.26	212.2126	0.8352745	8.469157	0.720703	2.048744
19968	-1232.534	-1444.766	212.2326	0.8377183	8.469157	0.7032009	2.048744
19974	-1238.081	-1450.153	212.0724	0.8252188	5.849744	1.066995	2.257986
19980	-1241.799	-1452.516	210.7172	0.685322	5.562176	1.066995	3.219046
19986	-1231.305	-1442.047	210.7425	0.554853	4.340393	1.290227	3.368943
19992	-1223.242	-1434.133	210.8909	0.7002502	4.959561	1.149878	3.157895
19998	-1234.484	-1446.108	211.6236	0.784722	5.918815	1.149878	2.508392
20004	-1232.801	-1443.165	210.3637	0.6767326	4.225525	2.053766	3.234644
20010	-1234.606	-1445.963	211.3573	0.7024309	4.826535	1.46564	2.742913
20016	-1233.005	-1443.586	210.5809	0.6118895	5.458742	1.46564	3.160504
20022	-1234.625	-1446.107	211.4811	0.6553471	5.497368	1.009496	2.822696
20028	-1241.412	-1452.669	211.2569	0.8953966	4.328906	1.009496	3.014425
20034	-1248.088	-1459.234	211.1457	0.8030143	4.183337	1.286331	3.014425
20040	-1245.127	-1456.396	211.2692	0.5750603	4.183337	1.417493	3.014425
20046	-1241.98	-1453.943	211.963	0.7889301	4.877855	1.417493	2.325003
20052	-1235.504	-1447.259	211.7553	0.8418451	4.877855	1.417493	2.423079
20058	-1226.881	-1438.629	211.7488	0.8418451	4.713623	1.417493	2.457145
20064	-1231.216	-1443.1	211.8845	0.6981053	5.050068	1.417493	2.401577
20070	-1234.029	-1445.457	211.4279	0.7040935	5.050068	1.266281	2.756268
20076	-1231.805	-1444.406	212.6012	0.8954179	4.473871	1.453202	1.89739
20082	-1226.361	-1438.863	212.5019	1.110912	4.703716	1.453202	1.76991
20088	-1224.699	-1437.367	212.6682	1.090051	4.703716	1.481048	1.652462
20094	-1233.2	-1445.555	212.3544	1.156985	4.233793	1.263755	2.03881
20100	-1231.805	-1444.174	212.3698	0.9851017	4.744062	1.263755	2.03881
20106	-1233.287	-1445.447	212.1606	1.00893	4.45765	1.621215	2.03881
20112	-1236.227	-1448.36	212.1332	1.096257	5.098011	1.621215	1.873137
20118	-1239.116	-1451.714	212.5978	1.239943	5.098011	1.092532	1.744971
20124	-1247.265	-1460.414	213.1493	1.239943	5.40221	1.044263	1.306496
20130	-1242.111	-1454.622	212.5107	1.112846	5.409015	1.110032	1.824307
20136	-1239.31	-1451.958	212.6484	0.9700213	5.90127	1.078356	1.76182
20142	-1234.006	-1446.517	212.5116	1.091916	6.244385	1.374767	1.53053
20148	-1230.494	-1443.282	212.7874	1.129793	5.045129	1.374767	1.524266
20154	-1238.782	-1451.159	212.3767	0.9365978	5.420939	1.697945	1.718682
20160	-1234.23	-1446.594	212.3641	1.033909	4.593018	1.376013	1.979389
20166	-1237.81	-1448.551	210.7419	0.7579316	5.103344	1.671962	2.946353
20172	-1230.501	-1441.997	211.4962	0.7579316	5.599366	1.130673	2.664204
20178	-1235.67	-1447.634	211.9643	0.9023744	6.296515	0.769808	2.412404
20184	-1230.15	-1442.317	212.1674	0.7605898	5.493291	0.8813466	2.416723
20190	-1234.611	-1447.256	212.645	0.9694807	5.248621	0.8813466	2.014893
20196	-1233.287	-1445.807	212.5198	0.9664347	4.818429	1.291099	1.921248
20202	-1228.452	-1440.476	212.0233	0.947751	4.364519	1.542424	2.223663
20208	-1226.287	-1438.088	211.8019	0.9575617	4.946887	1.787761	2.140559
20214	-1231.348	-1443.829	212.4804	1.079992	7.636986	1.171419	1.466104
20220	-1224.519	-1436.973	212.4543	1.033146	7.636986	0.7979792	1.793757
20226	-1225.673	-1438.21	212.5368	0.9921177	8.699282	0.6436246	1.763873
20232	-1230.61	-1442.492	211.8819	0.8978927	8.699282	0.7088806	2.206929
20238	-1237.644	-1449.753	212.109	0.8986584	7.156515	0.8426135	2.146229
20244	-1244.604	-1456.464	211.8595	0.7684464	5.655702	1.072852	2.456405
20250	-1236.036	-1447.927	211.8912	0.699436	5.683536	1.139558	2.436577
20256	-1249.177	-1461.043	211.8663	0.8414153	6.644623	1.139558	2.217351
20262	-1242.662	-1454.584	211.9219	0.8414153	5.920265	1.565327	2.068872
20268	-1234.182	-1446.64	212.4579	1.215116	5.779869	1.481091	1.501685
20274	-1248.548	-1460.99	212.4421	1.132759	5.779869	1.801356	1.408979
20280	-1242.382	-1455.275	212.8929	1.18709	5.925082	1.094154	1.408979
20286	-1246.743	-1459.104	212.3613	0.8062455	4.624766	1.094154	2.281275
20292	-1235.722	-1448.025	212.3032	0.865687	4.624766	1.094154	2.280444
20298	-1229.14	-1440.845	211.7057	1.004823	4.291749	1.941558	2.237727
20304	-1234.998	-1447.172	212.1737	1.004823	3.928643	1.667106	2.125088
20310	-1235.074	-1447.934	212.8601	1.105921	5.181719	1.445114	1.417726
20316	-1234.317	-1446.757	212.4393	1.105921	6.13566	1.47196	1.537584
20322	-1237.156	-1449.642	212.4856	1.151931	5.287998	1.47196	1.626092
20328	-1242.904	-1455.022	212.1179	1.151931	4.765011	1.370516	2.033682
20334	-1226.437	-1438.691	212.2531	1.114694	4.765011	1.370516	1.968382
20340	-1231.357	-1443.537	212.1801	0.8423729	4.896054	1.370516	2.171125
20346	-1234.913	-1446.979	212.0658	0.987789	4.893026	1.916783	1.901804
20352	-1240.629	-1452.317	211.6876	0.9600293	4.893026	1.516855	2.341375
20358	-1230.195	-1441.877	211.6815	0.8477601	4.893026	1.406992	2.468089
20364	-1239.213	-1451.131	211.918	0.9789999	3.909787	1.406992	2.429985
20370	-1236.469	-1448.042	211.5729	0.7643541	5.846437	1.406992	2.429985
20376	-1232.236	-1443.546	211.3101	0.8644426	6.178237	1.103945	2.640913
20382	-1232.68	-1443.939	211.2587	0.7588178	5.888265	1.364355	2.643431
20388	-1225.743	-1437.582	211.8385	1.053254	4.592597	1.364355	2.315558
20394	-1226.961	-1439.11	212.1489	1.053254	4.547323	1.139291	2.247369
20400	-1220.374	-1432.23	211.8556	0.9375379	4.895802	0.7761949	2.677056
20406	-1230.65	-1442.732	212.082	0.9375379	4.907743	0.7761949	2.534842
20412	-1232.791	-1444.274	211.4835	0.7872514	5.156168	1.354155	2.608999
20418	-1231.191	-1442.289	211.0978	0.7444267	5.208964	0.9577776	3.077462
20424	-1231.87	-1442.838	210.968	0.7881273	4.458287	1.528882	2.96532
20430	-1230.556	-1441.347	210.7911	0.7598792	4.260532	1.078288	3.344614
20436	-1231.005	-1442.29	211.2854	0.9741068	5.435088	0.9241733	2.810951
20442	-1230.42	-1441.895	211.475	0.8449995	5.203293	1.016712	2.754037
20448	-1233.278	-1443.977	210.6992	0.8107299	6.302963	1.690968	2.748842
20454	-1241.098	-1453.159	212.061	0.9230878	6.930951	1.202232	1.957885
20460	-1234.207	-1446.297	212.0904	0.9146905	8.102854	0.7924896	2.063324
20466	-1232.492	-1444.699	212.2067	0.7983083	8.102854	0.7924896	2.063324
20472	-1232.118	-1444.706	212.5877	1.152286	6.204761	0.8903298	1.759243
20478	-1236.839	-1448.757	211.9184	1.049837	5.50855	2.095374	1.773699
20484	-1246.145	-1458.06	211.9149	1.029684	6.343054	2.090263	1.648526
20490	-1241.301	-1453.124	211.823	1.022503	6.343054	1.211621	2.130713
20496	-1236.294	-1447.509	211.2146	0.9058314	6.009838	0.9416985	2.796541
20502	-1247.838	-1459.136	211.298	0.907974	5.429082	1.968997	2.340458
20508	-1239.267	-1451.366	212.0987	0.9599449	4.797922	1.647255	2.032983
20514	-1235.182	-1447.398	212.2162	1.078032	5.565981	1.365228	1.87284
20520	-1228.088	-1440.177	212.0892	0.8548208	5.987517	1.550985	1.944423
20526	-1229.774	-1442.172	212.3972	0.997912	5.987517	1.354939	1.736079
20532	-1224.885	-1436.954	212.0681	0.8944213	6.10302	1.354939	2.012373
20538	-1230.983	-1442.848	211.8656	0.9949053	5.949773	1.538606	2.012373
20544	-1234.821	-1447.359	212.5375	1.091475	5.271895	1.373225	1.689401
20550	-1243.784	-1456.286	212.5024	1.23098	5.271895	1.441918	1.575899
20556	-1231.358	-1443.983	212.6247	1.182945	4.534123	1.107279	1.869194
20562	-1248.107	-1460.174	212.0669	1.195468	3.383922	1.559041	2.247453
20568	-1237.807	-1450.586	212.7783	1.402129	4.944299	1.629764	1.188842
20574	-1234.149	-1447.227	213.0775	1.304988	4.351635	1.390149	1.313759
20580	-1230.632	-1443.445	212.8134	1.12706	5.353097	0.9278396	1.739359
20586	-1237.051	-1449.72	212.6695	1.195039	5.353097	0.8220382	1.872733
20592	-1238.395	-1451.344	212.9489	0.9990925	6.762969	0.8220382	1.575185
20598	-1222.756	-1434.717	211.9601	0.7889423	7.251751	1.087066	2.13769
20604	-1246.381	-1457.593	211.2118	0.8656921	7.251751	0.8001424	2.749928
20610	-1245.066	-1456.89	211.824	0.959847	5.103234	0.8001424	2.629302
20616	-1242.045	-1453.503	211.4582	0.7728077	5.578017	0.9459745	2.791814
20622	-1240.8	-1452.284	211.484	0.7573805	7.194292	0.6285339	2.791814
20628	-1235.02	-1445.624	210.6041	0.6145123	7.363651	1.066046	3.084737
20634	-1226.309	-1438.787	212.4776	1.025481	6.380504	1.026761	1.797648
20640	-1237.099	-1449.471	212.372	1.015415	5.052977	1.026761	2.100627
20646	-1253.178	-1465.267	212.0893	1.088628	7.172609	1.109554	1.848193
20652	-1248.108	-1459.208	211.1008	0.8763503	7.330218	1.205662	2.550324
20658	-1246.334	-1457.95	211.6158	0.9316414	5.949776	1.205662	2.38527
20664	-1238.667	-1450.331	211.6638	1.001292	5.285889	1.329635	2.352294
20670	-1239.278	-1451.197	211.9189	0.9984708	5.285889	1.244054	2.236244
20676	-1235.054	-1447.258	212.204	1.007866	5.581338	1.282271	1.971195
20682	-1233.102	-1445.152	212.0502	1.145717	7.10569	1.792212	1.47208
20688	-1225.42	-1438.229	212.8088	1.233504	6.595257	1.003444	1.384842
20694	-1236.965	-1449.991	213.0257	1.271673	6.595257	1.049643	1.135332
20700	-1238.752	-1451.813	213.0609	1.355143	6.306145	0.9340893	1.190876
20706	-1235.677	-1448.731	213.0535	1.430006	6.306145	0.9340893	1.131683
20712	-1240.248	-1453.207	212.9594	1.594096	6.306145	0.9340893	1.067469
20718	-1236.863	-1450.101	213.2376	1.6558	5.97858	0.9340893	0.7783564
20724	-1240.924	-1454.092	213.1678	1.6558	5.512619	1.197528	0.6724145
20730	-1232.879	-1446.001	213.1222	1.570176	5.529377	1.197528	0.8573328
20736	-1229.846	-1442.819	212.9731	1.487739	6.23773	1.197528	0.9232039
20742	-1241.173	-1453.864	212.6916	1.228797	6.715736	1.077646	1.402859
20748	-1233.329	-1446.227	212.8977	1.197823	7.584899	1.023616	1.15219
20754	-1235.928	-1448.433	212.5042	1.179019	7.540506	1.139031	1.408867
20760	-1227.384	-1440.126	212.7424	1.32951	6.478134	0.9696424	1.408867
20766	-1216.835	-1429.313	212.4779	1.027116	6.478134	0.7394371	1.996501
20772	-1226.069	-1438.669	212.6003	1.119863	4.365559	0.7394371	2.222276
20778	-1231.678	-1443.764	212.0861	1.044528	4.689825	0.7394371	2.53317
20784	-1240.219	-1451.565	211.3456	0.8008639	5.258212	1.422497	2.635797
20790	-1235.402	-1445.448	210.0461	0.9705619	4.768997	1.21286	3.495476
20796	-1235.284	-1445.043	209.7596	0.5900277	4.768997	1.765439	3.644235
20802	-1239.718	-1450.904	211.1863	0.6837657	4.768997	1.106771	3.04767
20808	-1234.222	-1445.396	211.1741	0.7582165	6.148896	1.048249	2.825693
20814	-1238.768	-1450.236	211.4675	0.8532169	6.350038	0.9776234	2.601709
20820	-1235.32	-1447.263	211.9426	0.760527	6.540103	1.515033	2.036661
20826	-1230.511	-1442.609	212.0977	0.9646335	5.204422	1.474271	2.036661
20832	-1227.676	-1439.891	212.2156	1.011336	5.226728	1.514616	1.90238
20838	-1226.933	-1438.498	211.5655	0.9392483	6.144716	1.356079	2.303342
20844	-1239.761	-1451.959	212.1979	0.9392483	6.144716	1.142109	2.009457
20850	-1239.201	-1451.279	212.078	0.880234	7.221249	1.078299	2.009457
20856	-1242.443	-1454.593	212.1504	0.8460492	6.049026	1.363481	1.993795
20862	-1249.122	-1461.224	212.102	0.9452498	6.049026	0.9683046	2.193108
20868	-1227.747	-1439.512	211.7658	0.9973561	5.374389	0.9683046	2.481869
20874	-1228.41	-1440.093	211.6828	0.7742036	5.765424	0.9683046	2.609921
20880	-1233.994	-1445.368	211.374	0.9073228	6.292917	0.8002742	2.753359
20886	-1231.806	-1443.026	211.2197	0.904629	6.142895	0.9720979	2.755629
20892	-1231.562	-1443.291	211.7293	0.7218121	6.142895	0.8609777	2.62786
20898	-1229.837	-1441.14	211.3032	0.5750962	6.197658	0.8609777	2.968806
20904	-1227.005	-1439.027	212.0212	0.8946641	6.56802	0.8609777	2.274264
20910	-1231.699	-1442.873	211.174	0.9607733	6.56802	1.382122	2.462851
20916	-1229.538	-1441.295	211.7561	0.9330377	6.56802	1.557566	2.02145
20922	-1223.749	-1435.43	211.6812	1.067442	4.649912	1.557566	2.303467
20928	-1216.74	-1428.092	211.352	0.8969852	4.608695	1.57426	2.617411
20934	-1218.501	-1430.889	212.3882	1.049529	5.264652	1.133116	1.962247
20940	-1226.357	-1438.631	212.2738	1.00257	5.075431	1.155237	2.090382
20946	-1231.8	-1443.771	211.9709	1.085755	5.075431	1.227087	2.192649
20952	-1221.625	-1433.526	211.9002	0.8520723	5.075431	1.227087	2.38739
20958	-1224.102	-1435.184	211.0819	0.7482066	5.075431	1.14305	2.99958
20964	-1235.314	-1446.392	211.078	0.8047942	6.523707	1.14305	2.749217
20970	-1233.22	-1445.095	211.8752	0.8207249	5.52202	1.14305	2.394208
20976	-1241.519	-1453.018	211.4989	0.9064889	5.52202	1.12295	2.587431
20982	-1236.126	-1448.042	211.9155	0.9011902	7.246113	1.12295	2.072259
20988	-1231.061	-1442.798	211.737	0.9375468	7.246113	1.187454	2.127584
20994	-1229.832	-1440.884	211.0525	0.7274186	4.991521	0.9967062	3.126731
21000	-1238.927	-1451.17	212.2427	0.9295688	4.640253	1.100346	2.271563
21006	-1238.601	-1450.624	212.0232	1.014129	7.648324	1.080104	1.897121
21012	-1243.189	-1455.194	212.0049	0.9365393	7.648324	0.7466144	2.198477
21018	-1233.155	-1445.122	211.9678	0.9496222	7.648324	0.8606305	2.12677
21024	-1229.406	-1441.217	211.8108	0.9268862	7.648324	0.8606305	2.243337
21030	-1241.375	-1453.279	211.9045	0.8767841	8.223075	0.795632	2.192479
21036	-1248.224	-1460.273	212.049	0.8767841	8.175662	0.8161473	2.088207
21042	-1257.817	-1469.474	211.6571	0.817144	7.537041	1.103542	2.268057
21048	-1256.683	-1468.716	212.033	0.9253469	7.537041	0.8218914	2.143219
21054	-1263.134	-1474.941	211.8071	0.8668945	4.440062	1.859786	2.263381
21060	-1259.755	-1471.987	212.232	0.874013	7.153657	0.7279261	2.171955
21066	-1248.19	-1460.386	212.1967	1.017795	4.548135	0.9071192	2.3853
21072	-1244.341	-1455.904	211.563	0.9248107	8.228222	0.9710659	2.256781
21078	-1245.872	-1457.744	211.8729	0.859582	4.621189	1.862952	2.188895
21084	-1241.491	-1452.945	211.4536	1.139625	4.621189	1.69991	2.345448
21090	-1232.412	-1443.881	211.4691	1.124194	4.621189	1.69991	2.345448
21096	-1248.162	-1459.991	211.8289	0.9868899	4.220757	1.705117	2.280578
21102	-1252.347	-1464.188	211.8412	1.083171	4.180857	1.743161	2.20287
21108	-1254.136	-1467.05	212.914	1.269796	4.180857	1.606957	1.388214
21114	-1227.485	-1440.651	213.1653	1.431619	4.805399	1.304188	1.069549
21120	-1230.282	-1443.255	212.9728	1.356869	4.805399	1.304188	1.301251
21126	-1234.56	-1446.979	212.4186	1.233284	5.481421	1.428058	1.602689
21132	-1238.009	-1450.831	212.8216	1.037769	4.364348	1.428058	1.682352
21138	-1229.24	-1441.891	212.6513	1.051199	5.10658	1.294963	1.7137
21144	-1225.551	-1436.591	211.0395	0.981368	6.191135	1.244803	2.656838
21150	-1234.888	-1445.667	210.7787	0.6890781	3.988529	1.884518	3.086911
21156	-1229.849	-1440.361	210.5127	0.5690235	3.041177	1.687816	3.597425
21162	-1227.572	-1438.318	210.7459	0.6689762	2.863845	1.687816	3.447814
21168	-1238.025	-1448.831	210.8058	0.6820277	3.285653	1.321548	3.459663
21174	-1238.245	-1449.056	210.8105	0.801649	3.454365	2.205649	3.003884
21180	-1234.124	-1445.216	211.0912	0.7737824	3.454365	1.777158	3.003884
21186	-1226.459	-1437.699	211.2398	1.027844	3.33208	1.97167	2.715561
21192	-1235.95	-1447.904	211.9544	0.9605215	3.895673	2.271402	2.068721
21198	-1234.86	-1446.87	212.0108	0.853319	3.895673	1.222373	2.547544
21204	-1233.876	-1445.329	211.453	1.053702	3.49414	1.923279	2.547544
21210	-1234.873	-1446.341	211.4683	0.9948439	4.175101	1.539646	2.583947
21216	-1222.685	-1434.9	212.215	0.9660295	5.013705	1.217443	2.128304
21222	-1232.687	-1445.043	212.3562	1.07	3.679903	1.665736	2.019942
21228	-1244.732	-1456.728	211.9962	0.9737175	5.220225	1.632726	2.019942
21234	-1230.628	-1443.356	212.7276	1.158067	3.617142	1.426059	1.841427
21240	-1234.296	-1447.178	212.8818	1.23333	3.617142	1.426059	1.681176
21246	-1239.901	-1452.782	212.8812	1.205037	3.617142	1.021013	1.942883
21252	-1235.948	-1447.833	211.8854	1.177111	3.617142	2.431362	1.981434
21258	-1237.175	-1449.774	212.5993	1.177111	4.143526	1.51844	1.74333
21264	-1238.363	-1450.964	212.601	1.167343	3.590749	1.51844	1.881209
21270	-1234.753	-1446.879	212.1265	1.131894	4.699125	1.729499	1.881209
21276	-1229.037	-1441.973	212.9364	1.131894	3.678122	1.343474	1.744143
21282	-1233.713	-1446.095	212.3821	1.029206	4.053237	1.639501	1.955507
21288	-1239.95	-1452.099	212.1492	1.043504	3.395688	1.689084	2.231552
21294	-1239.341	-1451.352	212.0105	0.8704681	3.150994	1.689084	2.490868
21300	-1224.938	-1437.032	212.0931	0.8541765	3.531379	0.9696073	2.722655
21306	-1219.584	-1431.266	211.6819	0.9133567	4.050902	1.951681	2.357585
21312	-1219.834	-1431.277	211.4427	0.8964766	5.531436	1.295333	2.534199
21318	-1220.587	-1432.173	211.5858	0.9221497	5.297419	0.8543712	2.728106
21324	-1219.755	-1431.848	212.0929	0.9211807	5.001338	1.494229	2.095673
21330	-1225.822	-1438.14	212.3175	0.9938416	5.503345	0.9893152	2.095673
21336	-1222.695	-1435.279	212.5835	1.022179	7.926814	0.9893152	1.519068
21342	-1221.327	-1433.734	212.4073	1.031537	9.010756	0.7403758	1.699646
21348	-1217.558	-1430.006	212.4471	1.032414	9.352864	0.7403758	1.629204
21354	-1224.492	-1436.335	211.8425	0.8949282	7.404443	0.8214672	2.303299
21360	-1235.326	-1446.759	211.4334	0.7572655	4.918394	1.187949	2.784041
21366	-1228.254	-1439.821	211.567	0.8225285	4.918394	1.478921	2.516939
21372	-1235.102	-1446.68	211.5788	1.114463	4.529908	1.930122	2.205494
21378	-1224.982	-1436.894	211.9114	1.124697	4.896355	1.930122	1.90759
21384	-1230.595	-1442.92	212.3257	0.872062	4.896355	1.676348	1.90759
21390	-1236.98	-1449.157	212.1775	0.9154966	6.254537	1.342218	1.90759
21396	-1238.599	-1450.554	211.9546	0.9057335	6.649654	1.342218	2.003602
21402	-1254.361	-1465.475	211.1146	0.7708347	3.88781	1.157697	3.177016
21408	-1256.27	-1468.115	211.8451	0.9469548	5.033416	1.11259	2.43385
21414	-1244.309	-1456.64	212.331	0.9936256	5.266428	1.11259	2.049769
21420	-1239.923	-1451.959	212.0353	1.100225	4.476985	0.9800954	2.400696
21426	-1242.084	-1454.154	212.0694	1.102384	5.243413	0.9800954	2.237104
21432	-1239.388	-1452.162	212.7746	1.308953	4.441506	1.033632	1.746445
21438	-1245.444	-1457.79	212.3455	1.287375	5.09294	1.379126	1.71785
21444	-1250.929	-1462.94	212.0111	1.058042	5.449514	0.8199169	2.378523
21450	-1246.634	-1458.594	211.96	0.7712007	5.8837	1.271096	2.242824
21456	-1241.641	-1453.161	211.52	0.7712007	3.84659	1.271096	2.883911
21462	-1233.321	-1446.062	212.7418	0.9493953	4.244675	1.238202	1.930658
21468	-1229.178	-1440.546	211.3678	1.047044	4.244675	1.637783	2.557171
21474	-1243.702	-1455.032	211.3293	1.085565	4.244675	1.637783	2.557171
21480	-1230.344	-1441.868	211.5242	0.8906324	4.244675	1.637783	2.557171
21486	-1239.314	-1450.73	211.4157	0.7870019	5.994788	1.637783	2.38616
21492	-1234.984	-1447.095	212.1103	0.9700954	5.606088	1.637783	1.875065
21498	-1227.097	-1439.703	212.606	1.103092	5.02162	0.817846	2.041063
21504	-1228.677	-1440.323	211.6466	1.006333	5.02162	1.259203	2.442279
21510	-1236.9	-1449.103	212.2036	1.069861	5.29526	1.255056	1.995292
21516	-1231.405	-1443.168	211.7627	1.069861	6.306153	1.495269	1.995688
21522	-1235.229	-1446.679	211.4508	0.7876799	6.138698	1.394238	2.453906
21528	-1234.921	-1446.631	211.7096	0.8200429	5.977711	1.394238	2.29386
21534	-1248.393	-1460.481	212.0875	1.09456	6.52246	1.466536	1.7377
21540	-1232.143	-1444.621	212.4781	1.09456	5.070421	1.465971	1.717874
21546	-1238.271	-1450.487	212.2153	1.097056	4.96884	1.579244	1.861108
21552	-1226.908	-1438.168	211.2598	0.857306	5.646994	1.41201	2.596139
21558	-1242.843	-1455.173	212.3305	0.9551524	5.646994	1.085411	2.026581
21564	-1238.646	-1450.239	211.5934	0.9343981	6.289486	0.8304056	2.580555
21570	-1244.461	-1455.458	210.996	0.6785269	6.289486	0.8304056	3.098658
21576	-1242.503	-1453.747	211.2441	0.7427911	7.611685	1.222648	2.499756
21582	-1233.244	-1445.14	211.8959	0.9365992	4.825305	1.005357	2.509921
21588	-1235.247	-1447.051	211.8034	1.06341	4.348287	1.929279	2.129558
21594	-1234.875	-1446.711	211.8356	1.06341	4.081308	1.929279	2.164698
21600	-1250.168	-1461.235	211.0678	0.707097	4.700426	1.533117	2.908219
21606	-1238.856	-1450.096	211.2404	0.7397212	3.384079	1.482163	3.072844
21612	-1246.447	-1456.915	210.4687	0.6839839	4.088004	1.482163	3.413672
21618	-1248.581	-1458.597	210.0159	0.57917	3.22718	1.482163	3.917668
21624	-1239.696	-1449.461	209.7652	0.7348725	3.412822	1.482163	3.930452
21630	-1239.34	-1450.065	210.7252	0.6205299	3.412822	1.244127	3.551107
21636	-1233.691	-1443.931	210.2394	0.6078256	3.412822	1.244127	3.83935
21642	-1243.592	-1455.549	211.9574	0.8585909	4.873313	1.095039	2.457498
21648	-1242.803	-1454.913	212.1095	1.015349	4.873313	1.051786	2.287807
21654	-1246.738	-1459.109	212.3712	0.7626271	5.679327	1.051786	2.142075
21660	-1238.781	-1451.706	212.9245	1.162665	5.679327	1.378868	1.257348
21666	-1239.882	-1452.305	212.4234	1.117894	5.679327	1.197405	1.778739
21672	-1240.313	-1452.788	212.4752	0.9832815	5.454742	1.094626	1.93829
21678	-1234.543	-1446.753	212.2105	0.9419592	4.858939	1.69211	1.93829
21684	-1237.948	-1449.133	211.1849	0.9214652	4.973177	1.508809	2.669057
21690	-1238.82	-1450.802	211.9816	1.059193	4.484738	1.508809	2.170166
21696	-1242.785	-1454.793	212.0084	0.9104222	4.320391	1.508809	2.281824
21702	-1238.221	-1448.992	210.7707	0.7807623	3.305273	1.68613	3.26029
21708	-1245.638	-1457.324	211.6861	0.8573259	3.339601	2.130191	2.486576
21714	-1241.652	-1453.515	211.8627	0.9514048	3.962676	1.348824	2.499232
21720	-1239.774	-1451.932	212.1575	1.080319	6.839842	1.217194	1.789335
21726	-1247.214	-1459.661	212.4467	1.08347	5.912981	1.217194	1.733965
21732	-1255.864	-1467.876	212.0119	0.8230624	4.923453	1.835585	2.075586
21738	-1246.456	-1457.955	211.4993	0.8100368	5.723623	1.44627	2.447896
21744	-1244.906	-1456.376	211.4697	0.6592396	4.90275	1.774126	2.554951
21750	-1235.648	-1447.515	211.8666	0.8078631	4.993441	1.465011	2.330592
21756	-1240.324	-1451.164	210.8401	0.8223936	5.830206	1.676464	2.730648
21762	-1238.937	-1449.391	210.4534	0.5956679	6.18629	0.9110189	3.429501
21768	-1236.046	-1447.107	211.0611	0.6034065	6.724599	0.9198106	2.986773
21774	-1246.908	-1457.596	210.6876	0.6306168	6.279172	1.595269	2.908453
21780	-1236.579	-1447.953	211.374	0.7134419	5.961119	1.565387	2.495577
21786	-1228.939	-1440.886	211.9472	0.8419678	5.066457	1.565387	2.19691
21792	-1235.85	-1447.649	211.7992	0.9240229	4.688525	1.327373	2.422979
21798	-1241.24	-1453.597	212.3566	0.9635042	4.450005	0.7875809	2.422979
21804	-1237.087	-1449.524	212.4365	1.183629	4.450005	0.7875809	2.23192
21810	-1234.845	-1447.752	212.9071	1.317719	3.924386	1.170382	1.675488
21816	-1233.243	-1446.287	213.0445	1.334396	4.526008	1.170382	1.418035
21822	-1232.433	-1445.649	213.2165	1.243516	4.415646	1.170382	1.38133
21828	-1227.604	-1440.021	212.4173	1.156875	4.61137	1.696019	1.695501
21834	-1231.062	-1443.243	212.1813	1.364313	4.61137	2.245183	1.477198
21840	-1243.199	-1455.365	212.1657	1.002927	4.61137	2.245183	1.750547
21846	-1240.274	-1452.64	212.3656	1.185506	4.445595	1.918922	1.646852
21852	-1248.149	-1460.771	212.6226	1.252225	3.157058	1.918922	1.740185
21858	-1256.653	-1468.938	212.2842	1.269988	4.74321	1.918922	1.579773
21864	-1240.381	-1453.486	213.1049	1.314404	4.016658	1.268149	1.447277
21870	-1249.876	-1462.849	212.9733	1.288404	4.373471	1.076027	1.605541
21876	-1247.25	-1459.251	212.0009	0.9125597	4.689855	1.553598	2.191704
21882	-1238.668	-1451.395	212.7271	0.9359042	3.562883	1.553598	1.942294
21888	-1243.992	-1455.635	211.6424	0.8105787	3.562883	1.356284	2.805375
21894	-1239.742	-1450.499	210.7577	1.009908	3.562883	1.563611	3.124096
21900	-1235.379	-1447.659	212.2799	0.9916624	4.470369	1.336799	2.108377
21906	-1246.066	-1459.249	213.1827	1.167491	4.262199	1.102996	1.547955
21912	-1249.623	-1462.208	212.5852	1.158933	4.262199	1.944615	1.536838
21918	-1243.401	-1455.936	212.5342	1.098927	4.262199	1.944615	1.618113
21924	-1242.183	-1455.044	212.8613	1.204618	3.189973	2.527197	1.34395
21930	-1242.052	-1454.59	212.5371	1.092624	3.189973	1.787626	1.955252
21936	-1242.744	-1454.133	211.3888	0.7274201	4.806451	1.787626	2.574664
21942	-1255.096	-1466.426	211.3303	0.9042059	4.808269	1.548519	2.601331
21948	-1246.839	-1458.275	211.4353	0.9157952	3.751558	2.012435	2.553003
21954	-1246.546	-1458.382	211.8363	0.876503	3.791898	2.012435	2.316382
21960	-1244.836	-1456.171	211.3352	0.9562687	3.84833	1.441544	2.801203
21966	-1247.115	-1458.823	211.7075	0.9181164	3.134407	1.441544	2.761545
21972	-1259.041	-1469.693	210.6513	0.8123428	3.082293	1.441544	3.467048
21978	-1253.51	-1464.829	211.3185	0.9097833	3.466824	1.268741	3.005815
21984	-1251.504	-1462.714	211.2108	0.8163015	4.765027	1.567334	2.728478
21990	-1243.524	-1454.212	210.6886	0.7027042	4.498249	1.280999	3.289361
21996	-1243.707	-1454.573	210.866	0.7715997	4.277173	1.080292	3.289361
22002	-1252.672	-1464.294	211.6217	0.5551336	5.716077	1.080292	2.72222
22008	-1250.707	-1461.726	211.0188	0.7322364	5.716077	1.080292	2.980403
22014	-1252.129	-1464.08	211.951	0.6819858	4.93178	1.252888	2.473996
22020	-1242.854	-1454.792	211.9378	0.8092915	5.350908	0.8196337	2.596555
22026	-1248.693	-1460.278	211.5845	0.7712586	5.792465	0.9616421	2.672447
22032	-1241.936	-1452.364	210.4281	0.6530669	3.797142	1.35969	3.567979
22038	-1232.12	-1442.783	210.6636	0.5413674	3.797142	1.210066	3.567979
22044	-1238.179	-1448.869	210.69	0.7276602	3.83864	0.8687178	3.629712
22050	-1249.5	-1460.244	210.7442	0.54625	4.25625	0.9383047	3.57908
22056	-1241.755	-1451.895	210.1404	0.5665679	4.716671	1.158205	3.712072
22062	-1237.19	-1447.584	210.3935	0.7311741	3.82221	1.669892	3.405203
22068	-1242.401	-1453.192	210.7903	0.7219876	3.773425	1.176426	3.410678
22074	-1241.401	-1452.794	211.3925	0.7355273	3.773425	1.267997	2.999203
22080	-1243.505	-1454.475	210.9701	0.7548571	3.773425	1.267997	3.239232
22086	-1244.494	-1454.116	209.6224	0.5773096	4.213185	1.267997	4.037862
22092	-1244.522	-1454.749	210.2267	0.6521203	3.715862	1.220108	3.768463
22098	-1243.451	-1454.203	210.7513	0.8169633	3.607399	1.220108	3.390502
22104	-1245.036	-1455.511	210.4752	0.7374251	4.090329	1.279311	3.471139
22110	-1232.977	-1444.799	211.8228	0.7067511	4.090329	1.130102	2.763517
22116	-1236.591	-1447.928	211.3363	0.7423571	4.58147	1.302097	2.853265
22122	-1241.03	-1452.36	211.3296	0.7767972	4.460905	1.271715	2.87389
22128	-1243.52	-1454.755	211.2353	0.6888697	4.571608	1.383745	2.908988
22134	-1237.581	-1449.036	211.4547	0.8052477	3.945771	1.383745	2.827059
22140	-1242.015	-1453.222	211.2069	0.7559368	3.675682	1.383745	3.062963
22146	-1239.918	-1450.352	210.4333	0.805456	3.778147	2.076178	3.198836
22152	-1251.16	-1462.016	210.8566	0.6309554	4.074831	1.528773	3.198836
22158	-1254.352	-1466.444	212.0922	1.061326	3.492018	1.528773	2.304745
22164	-1262.601	-1474.957	212.3556	0.9017476	6.803628	1.167141	1.811612
22170	-1234.848	-1446.165	211.317	0.8414549	6.206402	1.536043	2.427455
22176	-1237.804	-1449.586	211.7817	0.8077372	6.538604	1.205966	2.270767
22182	-1225.31	-1437.419	212.1096	1.022376	5.108747	1.063315	2.233623
22188	-1237.339	-1449.457	212.1183	0.9154064	6.357278	1.3295	1.938523
22194	-1244.613	-1456.642	212.0295	0.9644097	6.487422	1.57112	1.82117
22200	-1240.314	-1451.542	211.2282	1.01092	5.85208	1.57112	2.414535
22206	-1246.348	-1457.639	211.2902	0.7800954	5.237885	1.604728	2.604087
22212	-1233.798	-1445.586	211.788	0.8848939	5.237885	1.420046	2.310332
22218	-1226.449	-1438.486	212.037	0.8878573	5.237885	1.605166	2.059285
22224	-1232.188	-1443.954	211.7657	0.8392315	5.237885	1.387101	2.369799
22230	-1225.982	-1438.017	212.0348	0.9606212	4.732309	1.387101	2.210974
22236	-1235.429	-1446.883	211.4539	0.994706	4.488159	1.491719	2.553269
22242	-1232.462	-1444.215	211.753	0.9652376	4.488159	0.8878803	2.718334
22248	-1234.427	-1445.985	211.5583	0.8339573	5.465751	0.7802632	2.824103
22254	-1237.363	-1448.889	211.5256	0.7932579	6.55216	1.363207	2.358357
22260	-1234.322	-1445.691	211.369	0.7624335	6.563309	1.089007	2.621547
22266	-1232.577	-1444.112	211.5353	0.7570998	4.682551	1.474859	2.621547
22272	-1246.486	-1458.109	211.623	0.8550962	4.088588	1.474859	2.621547
22278	-1238.432	-1450.033	211.6014	0.9524691	4.088588	1.375721	2.621547
22284	-1245.037	-1456.768	211.7306	1.006024	5.376712	1.965354	2.00597
22290	-1242.015	-1453.767	211.7522	0.9745982	5.376712	0.9936772	2.488131
22296	-1251.011	-1462.919	211.9083	0.8753767	5.428061	0.9254172	2.488131
22302	-1243.214	-1455.161	211.9473	1.076704	5.428061	1.427626	2.045823
22308	-1236.834	-1448.228	211.3936	0.6901795	6.725493	1.427626	2.450889
22314	-1241.983	-1453.498	211.5154	0.7125076	5.985745	1.437723	2.462542
22320	-1238.841	-1449.979	211.1382	0.7064578	5.985745	1.310371	2.761488
22326	-1249.072	-1460.636	211.5641	0.7415115	5.869956	1.310371	2.494246
22332	-1244.557	-1455.769	211.2126	0.5972179	6.16409	1.310371	2.756757
22338	-1231.383	-1442.793	211.4101	0.6012737	7.347892	1.087404	2.593061
22344	-1245.481	-1456.446	210.965	0.7544698	7.334733	1.050948	2.795209
22350	-1236.088	-1448.098	212.0104	0.8280938	6.102915	1.01582	2.288415
22356	-1243.81	-1456.323	212.5133	0.9462664	5.526689	1.01582	1.975892
22362	-1242.611	-1454.587	211.9761	0.9334512	7.777832	1.064946	1.975892
22368	-1242.497	-1454.698	212.2012	0.9511584	5.020379	0.8241298	2.39611
22374	-1248.107	-1460.1	211.9924	0.9349498	5.020379	1.224093	2.287362
22380	-1255.508	-1467.186	211.6779	0.9946088	3.092583	1.349601	2.787014
22386	-1264.308	-1476.366	212.0577	1.072154	4.64228	1.403147	2.132852
22392	-1245.04	-1457.541	212.5006	1.131239	3.790879	1.637998	1.867637
22398	-1236.926	-1448.736	211.8096	1.131239	3.915448	2.096338	2.110182
22404	-1241.524	-1453.608	212.0832	1.040741	3.915448	1.708115	2.145737
22410	-1237.566	-1449.559	211.9926	0.857869	5.097264	1.2857	2.289742
22416	-1234.98	-1447.593	212.6129	0.9082227	4.441318	1.313955	1.961042
22422	-1247.268	-1459.591	212.3221	0.9948762	4.948385	1.3888	1.957519
22428	-1247.076	-1458.407	211.3311	0.8060898	4.948385	1.3888	2.710082
22434	-1242.589	-1454.538	211.9494	0.8474006	5.099231	1.348821	2.290957
22440	-1248.394	-1460.643	212.2492	0.8250238	4.871532	1.348821	2.153228
22446	-1234.973	-1446.911	211.9377	0.8887386	5.066411	1.348821	2.277767
22452	-1233	-1445.233	212.2324	0.9493434	5.066411	1.348821	2.046628
22458	-1231.431	-1443.797	212.3661	0.9435531	4.578137	1.348821	2.055354
22464	-1226.619	-1438.952	212.3324	0.9901058	5.225429	1.348821	1.923375
22470	-1235.743	-1448.716	212.9733	1.182249	4.010696	1.348821	1.596271
22476	-1238.971	-1452.139	213.1675	1.49897	4.216124	1.358008	1.13113
22482	-1239.445	-1452.26	212.8151	1.34974	4.603386	1.358008	1.443698
22488	-1236.19	-1449.219	213.0293	1.790128	3.905333	1.744127	0.7852052
22494	-1243.036	-1455.946	212.91	1.841122	4.64524	1.663959	0.5484184
22500	-1237.943	-1450.837	212.8933	1.901532	4.033787	1.899516	0.5324809
22506	-1247.077	-1460.768	213.6909	1.901532	4.38424	0.7969897	0.5501823
22512	-1249.352	-1462.169	212.8169	2.010672	4.664877	1.532588	0.4210831
22518	-1244.793	-1457.292	212.4991	1.874423	6.427891	1.532588	0.4290704
22524	-1239.45	-1452.799	213.3489	1.937892	4.615377	0.9963529	0.6147383
22530	-1255.19	-1465.836	210.6464	0.6212257	4.871676	1.14229	3.367764
22536	-1243.349	-1454.965	211.6152	0.8187488	3.607136	0.9341249	3.03865
22542	-1245.156	-1456.894	211.7377	1.060927	3.607136	0.8839213	2.851492
22548	-1242.709	-1455.468	212.7587	1.0973	4.630571	0.8839213	1.968768
22554	-1247.556	-1459.862	212.3064	1.05651	4.630571	0.8730826	2.298762
22560	-1249.938	-1461.731	211.793	0.9234599	4.630571	0.8618599	2.710631
22566	-1244.552	-1455.561	211.0097	0.8829951	4.630571	1.714452	2.773297
22572	-1238.861	-1450.418	211.5567	0.8883145	4.03236	1.714452	2.549512
22578	-1234.574	-1445.632	211.0581	0.6887268	4.03236	1.500594	3.065178
22584	-1235.633	-1446.907	211.2735	0.738476	4.03236	1.240008	3.029575
22590	-1236.429	-1447.122	210.6923	0.8372107	4.236171	1.240008	3.276564
22596	-1240.869	-1452.966	212.0976	0.8442441	4.757329	0.9892037	2.463965
22602	-1234.956	-1446.235	211.2786	0.8591067	4.456631	1.517635	2.739259
22608	-1245.149	-1456.519	211.37	0.8575594	6.643117	1.096237	2.546741
22614	-1230.641	-1441.807	211.1661	0.5994623	6.999216	1.096237	2.783585
22620	-1229.406	-1440.892	211.4859	0.730044	4.954618	1.096237	2.812902
22626	-1225.811	-1437.774	211.9633	0.9804841	4.536965	1.151364	2.406983
22632	-1225.793	-1437.433	211.6398	0.8795503	4.536965	1.703087	2.406983
22638	-1226.153	-1438.347	212.1939	0.9462725	5.644567	1.145127	2.086761
22644	-1229.895	-1442.021	212.1261	0.9462725	4.782272	1.037291	2.346946
22650	-1222.844	-1434.943	212.0993	0.8060715	5.712663	1.037291	2.293196
22656	-1224.631	-1436.753	212.1217	0.9360236	7.005819	1.037075	1.999531
22662	-1231.694	-1444.198	212.5036	1.092476	5.179673	1.16501	1.851079
22668	-1240.893	-1453.377	212.4835	1.14328	4.571766	1.303066	1.868644
22674	-1239.428	-1452.022	212.5937	1.181238	4.571766	1.431809	1.69498
22680	-1238.461	-1451.612	213.1516	1.180319	4.48844	1.034573	1.557266
22686	-1246.865	-1460.051	213.1863	1.211302	4.172903	1.034573	1.582137
22692	-1254.26	-1466.325	212.0648	1.18576	5.103648	2.036912	1.674578
22698	-1258.955	-1471.364	212.4091	1.132559	5.067222	1.616633	1.663517
22704	-1246.74	-1459.743	213.003	1.234487	4.851664	1.120888	1.486543
22710	-1272.974	-1485.395	212.4211	1.152673	4.208983	0.9598688	2.187645
22716	-1255.509	-1468.103	212.5945	1.154491	4.208983	1.193264	1.925617
22722	-1253.964	-1467.654	213.6902	1.431893	4.078842	0.9242176	1.117614
22728	-1257.066	-1469.778	212.7123	1.257399	5.123593	1.769153	1.246385
22734	-1253.815	-1464.881	211.0663	1.11686	3.409127	1.960946	2.752919
22740	-1254.005	-1467.007	213.002	1.442468	4.527704	1.645335	1.050993
22746	-1249.567	-1462.412	212.8453	1.237022	4.527704	1.645335	1.361452
22752	-1249.011	-1461.89	212.8796	1.237022	4.167832	1.667312	1.411518
22758	-1256.187	-1469.273	213.0854	1.377656	4.255057	1.592831	1.145371
22764	-1258.925	-1472.674	213.7492	1.488547	4.182412	1.019348	0.8676014
22770	-1242.453	-1455.308	212.855	1.292844	3.423489	2.031832	1.413877
22776	-1237.596	-1450.613	213.0173	1.159613	4.336182	1.270547	1.549773
22782	-1235.686	-1448.425	212.7392	0.9234446	6.241098	1.270547	1.549773
22788	-1233.959	-1446.789	212.8296	0.8389967	4.74972	1.270547	1.82209
22794	-1235.178	-1447.376	212.1983	0.7602535	5.942166	1.270547	2.085974
22800	-1226.051	-1437.77	211.7186	0.7554287	5.234418	1.242391	2.526543
22806	-1227.096	-1438.782	211.686	0.7586033	4.790751	1.280508	2.602168
22812	-1227.615	-1438.341	210.7266	0.7242106	4.790751	1.288913	3.198754
22818	-1232.17	-1442.352	210.1816	0.6441152	4.038224	1.288913	3.701359
22824	-1235.456	-1446.176	210.7199	0.8014591	4.91965	1.296393	3.131238
22830	-1237.533	-1448.124	210.5902	0.6778186	4.189118	1.029624	3.550928
22836	-1242.964	-1452.581	209.6166	0.6064528	3.978739	1.951314	3.793756
22842	-1253.162	-1464.273	211.1113	0.5883786	5.894518	1.278526	2.879003
22848	-1246.813	-1458.093	211.2796	0.6349436	5.894518	1.278526	2.748363
22854	-1250.657	-1462.016	211.3582	0.5067066	5.403646	1.278526	2.854411
22860	-1252.495	-1463.603	211.1084	0.7536533	5.34312	1.316974	2.846709
22866	-1260.634	-1471.649	211.015	0.7277307	3.78221	1.316974	3.202981
22872	-1250.746	-1463.945	213.1994	1.57971	4.702972	0.7856881	1.37216
22878	-1238.694	-1451.575	212.8802	1.374523	4.702972	1.275423	1.403243
22884	-1240.47	-1452.981	212.511	1.121824	4.702972	1.505457	1.728894
22890	-1240.877	-1452.985	212.1084	1.065491	4.439515	1.505457	2.093934
22896	-1248.836	-1460.878	212.042	1.065491	4.148443	1.505457	2.197479
22902	-1258.12	-1470.31	212.1903	0.9740275	4.484641	1.17831	2.261529
22908	-1251.388	-1463.2	211.8119	1.027415	5.203248	1.940968	1.978194
22914	-1238.103	-1449.455	211.3513	0.8984272	4.780689	1.105405	2.817539
22920	-1239.629	-1451.599	211.9698	1.05262	4.780689	1.209843	2.278157
22926	-1242.598	-1454.545	211.9466	1.040363	4.780689	1.784438	2.023644
22932	-1234.32	-1446.259	211.9399	0.9567703	3.821939	1.47278	2.417947
22938	-1233.337	-1444.27	210.9321	0.9195798	4.280935	1.47278	2.96605
22944	-1229.883	-1441.52	211.6377	0.9195798	4.508187	1.47278	2.49043
22950	-1232.747	-1444.278	211.5306	0.8500716	4.508187	1.672235	2.512496
22956	-1232.989	-1444.448	211.4592	0.9208942	4.813783	1.317766	2.619036
22962	-1236.455	-1447.415	210.9598	0.6609127	4.564397	1.317766	3.123684
22968	-1226.804	-1438.296	211.4916	0.7718552	4.306621	1.317766	2.784771
22974	-1237.15	-1447.6	210.45	0.6094233	4.72814	1.140223	3.514993
22980	-1242.783	-1452.252	209.4693	0.6227779	4.545589	1.140223	4.103287
22986	-1239.029	-1449.693	210.6639	0.706459	4.674608	1.06318	3.384279
22992	-1234.891	-1446.638	211.7465	0.9573637	4.361988	0.9275194	2.724973
22998	-1228.723	-1439.442	210.7196	0.9087629	3.902107	1.696476	3.080494
23004	-1234.563	-1445.751	211.1877	0.8717517	4.014456	1.312581	2.968488
23010	-1235.395	-1446.899	211.5038	0.9681883	4.014456	2.007537	2.422358
23016	-1249.558	-1461.194	211.6367	0.8855956	4.014456	1.922974	2.422358
23022	-1248.895	-1460.725	211.8301	0.9140817	3.52065	1.851634	2.420215
23028	-1252.424	-1464.345	211.9209	1.031426	4.022152	1.309183	2.419982
23034	-1240.009	-1452.796	212.7864	1.054738	4.022152	1.039573	2.000009
23040	-1236.154	-1447.466	211.3122	0.8238484	4.400227	1.190911	2.909067
23046	-1235.215	-1446.424	211.2091	0.6697203	4.401477	1.190911	3.063296
23052	-1247.092	-1457.889	210.7969	0.8849825	5.072356	1.190911	3.063296
23058	-1233.233	-1443.616	210.3834	0.6344396	5.072356	1.120675	3.492344
23064	-1233.273	-1443.962	210.6884	0.5914614	4.063743	1.447914	3.358794
23070	-1242.197	-1453.024	210.8276	0.5432727	4.22555	1.28246	3.351035
23076	-1249.658	-1459.761	210.1033	0.5717844	4.747127	0.9668383	3.830889
23082	-1236.671	-1447.348	210.6772	0.7109066	4.275704	1.624386	3.179029
23088	-1222.983	-1433.814	210.8313	0.8687781	4.076667	1.053935	3.305782
23094	-1240.073	-1451.887	211.8148	1.045052	5.080203	1.160033	2.355542
23100	-1233.973	-1446.19	212.2167	1.025333	4.900609	1.451406	1.984668
23106	-1244.045	-1455.653	211.6087	0.9922392	4.078583	1.613769	2.485181
23112	-1244.12	-1455.878	211.7578	1.064414	5.041664	0.9938702	2.485181
23118	-1239.632	-1450.845	211.2127	0.6677465	7.247666	0.9938702	2.74216
23124	-1238.388	-1449.547	211.1588	0.7216211	7.247666	0.9938702	2.74216
23130	-1235.752	-1446.408	210.6558	0.5656624	7.132991	0.8785601	3.225335
23136	-1243.277	-1453.412	210.1347	0.7185152	8.303471	0.9045818	3.290536
23142	-1242.764	-1455.738	212.9735	1.04481	3.925703	1.392829	1.690698
23148	-1238.637	-1449.917	211.2803	0.9601823	3.846525	2.153129	2.551272
23154	-1245.667	-1456.542	210.8753	0.6661641	3.842689	1.326045	3.305033
23160	-1227.911	-1438.553	210.6418	0.6946264	3.842689	1.599415	3.305033
23166	-1241.884	-1451.856	209.9713	0.6794978	3.842689	1.087258	3.942336
23172	-1232.67	-1442.501	209.8316	0.4490057	3.894516	1.514813	3.942336
23178	-1239.307	-1449.722	210.4148	0.4882508	3.894516	1.318522	3.670788
23184	-1241.588	-1452.143	210.5554	0.6143554	3.96319	1.711361	3.333922
23190	-1239.307	-1449.611	210.3044	0.6994618	4.248952	1.190647	3.606644
23196	-1244.267	-1455.106	210.839	0.7464499	4.627356	1.397261	3.095874
23202	-1247.384	-1459.362	211.9781	0.7032781	4.627356	1.385559	2.431703
23208	-1239.69	-1452.309	212.6197	1.012587	3.867232	0.8650826	2.288893
23214	-1239.495	-1452.458	212.9631	1.121325	4.005551	0.8650826	1.962249
23220	-1232.963	-1445.433	212.4702	0.9316821	4.786553	0.8650826	2.250006
23226	-1231.193	-1443.291	212.0983	1.088785	5.769954	0.9247166	2.176147
23232	-1226.874	-1438.828	211.954	0.8363815	5.416259	1.378871	2.225015
23238	-1234.766	-1447.18	212.4147	0.9512207	5.919907	1.107285	1.9136
23244	-1241.055	-1453.234	212.1795	0.9613576	5.77026	1.107285	2.088214
23250	-1236.149	-1448.47	212.3202	1.148785	4.684118	1.525152	1.836622
23256	-1233.177	-1443.859	210.6822	0.8172831	3.813941	1.525152	3.245898
23262	-1242.719	-1454.159	211.4399	0.7001074	4.558251	1.855959	2.578714
23268	-1245.477	-1455.792	210.3147	0.618593	5.115367	1.02309	3.588609
23274	-1239.98	-1451.075	211.0949	0.88599	5.32298	1.373858	2.749946
23280	-1225.205	-1435.849	210.6439	0.8372403	4.586965	1.654857	3.053757
23286	-1229.478	-1441.751	212.2729	1.022531	3.602304	1.645229	2.133825
23292	-1232.945	-1443.381	210.4356	0.744613	4.847584	1.410424	3.291755
23298	-1241.347	-1452.286	210.9389	0.9308899	3.835424	2.007571	2.832212
23304	-1239.022	-1450.992	211.9699	1.089429	4.121233	1.728699	2.133992
23310	-1243.085	-1455.39	212.3054	1.042666	5.748349	1.098091	1.959909
23316	-1237.035	-1449.535	212.4999	1.071447	5.479301	0.9061544	1.984955
23322	-1261.28	-1471.968	210.6883	0.6315404	3.556319	1.874884	3.268837
23328	-1246.173	-1456.836	210.6627	0.6315404	3.630242	1.874884	3.267912
23334	-1252.298	-1465.148	212.8497	1.128675	3.079622	1.449806	1.908691
23340	-1258.797	-1471.086	212.2887	1.040973	4.002016	1.099695	2.300499
23346	-1238.576	-1450.517	211.9407	1.076508	4.002016	1.476467	2.300499
23352	-1247.675	-1459.637	211.9611	0.9489996	3.348081	1.775672	2.387353
23358	-1249.11	-1460.881	211.7712	0.9958226	3.348081	1.195185	2.74532
23364	-1244.545	-1456.408	211.863	0.9656867	4.525266	1.33357	2.384182
23370	-1232.666	-1443.352	210.6863	0.7390347	3.755054	2.003289	3.117869
23376	-1224.338	-1434.78	210.442	0.6477849	3.755054	1.648052	3.448113
23382	-1237.259	-1448.275	211.0162	0.8104674	4.68336	1.104681	3.089764
23388	-1233.628	-1444.472	210.8447	0.690638	4.344622	1.211289	3.267349
23394	-1235.811	-1447.308	211.4968	0.8283062	3.736578	1.211289	2.917433
23400	-1230.097	-1441.466	211.3691	0.8335752	4.094008	1.211289	2.917433
23406	-1233.382	-1446.028	212.6462	1.065004	4.739891	0.874765	2.050306
23412	-1242.215	-1454.084	211.869	0.9887637	4.175698	1.686075	2.271149
23418	-1252.659	-1465.205	212.5453	0.9938593	3.933856	1.150434	2.150372
23424	-1242.949	-1454.354	211.4055	1.002009	4.019389	2.078299	2.436226
23430	-1237.69	-1450.25	212.5604	0.9859919	4.029993	1.334054	2.021661
23436	-1247.797	-1459.987	212.1904	1.029424	3.792457	1.193262	2.3626
23442	-1240.315	-1452.225	211.9103	0.9001184	3.792457	1.193262	2.618759
23448	-1234.978	-1446.915	211.9368	0.9129132	3.728992	1.717609	2.359819
23454	-1232.712	-1444.588	211.8765	0.9732114	3.728992	1.717609	2.359819
23460	-1230.887	-1442.668	211.7811	0.9065455	5.484604	1.674958	2.140683
23466	-1233.651	-1445.455	211.8033	0.8590396	4.880567	1.279754	2.45064
23472	-1232.363	-1443.88	211.5165	0.6868227	4.880567	1.279754	2.735076
23478	-1235.304	-1446.308	211.0037	0.617126	4.808791	1.279754	3.099104
23484	-1247.386	-1458.414	211.028	0.5928149	4.808791	1.279754	3.099104
23490	-1245.373	-1456.491	211.1173	0.7774399	4.874526	1.059581	3.041265
23496	-1245.139	-1457.058	211.9187	0.9860568	4.693	1.504954	2.219459
23502	-1228.364	-1440.158	211.7943	0.8940932	4.693	1.504954	2.357937
23508	-1244.136	-1455.718	211.5826	0.8940932	6.276408	1.438965	2.260418
23514	-1232.945	-1444.937	211.9917	0.7872681	5.625733	1.28991	2.243503
23520	-1225.154	-1436.701	211.5468	0.9838942	5.164451	1.156498	2.549736
23526	-1246.936	-1458.991	212.0553	0.8789886	5.667321	1.107503	2.239271
23532	-1242.324	-1455	212.676	1.18436	5.667321	1.143882	1.587643
23538	-1231.253	-1444.151	212.8987	1.319637	5.667321	1.166003	1.298051
23544	-1240.475	-1452.981	212.5067	1.131414	7.416244	0.8827446	1.650638
23550	-1253.067	-1465.914	212.8468	1.106614	7.416244	0.8236766	1.467358
23556	-1244.648	-1457.233	212.5849	1.106614	7.416244	1.074699	1.467358
23562	-1231.68	-1443.605	211.9242	0.869077	9.37011	1.074699	1.854706
23568	-1235.081	-1446.954	211.8736	0.8023489	7.577864	1.074699	2.149911
23574	-1241.9	-1454.46	212.5599	0.9395385	6.154189	1.10554	1.784643
23580	-1243.897	-1456.349	212.4517	1.021463	6.266218	1.10554	1.784643
23586	-1247.387	-1459.25	211.8628	0.9478424	7.916647	0.9466504	2.101757
23592	-1243.441	-1455.894	212.4524	1.054076	7.916647	1.061563	1.541534
23598	-1242.065	-1454.658	212.593	1.109095	7.916647	1.132613	1.340831
23604	-1234.556	-1447.409	212.8532	1.156093	5.82656	1.132613	1.454651
23610	-1237.66	-1450.79	213.1303	1.255022	4.949472	0.8600638	1.552091
23616	-1248.309	-1461.524	213.2151	1.163293	4.491197	0.8978736	1.625163
23622	-1252.576	-1465.722	213.1461	1.347133	4.840173	1.18964	1.23804
23628	-1255.087	-1467.61	212.5232	1.351753	4.747379	2.202463	1.199998
23634	-1258.15	-1470.737	212.5868	1.33055	4.443982	2.346264	1.176254
23640	-1249.476	-1460.941	211.4647	0.8359475	3.517881	1.77013	2.728286
23646	-1256.593	-1467.716	211.123	0.7887796	3.553704	2.146928	2.819981
23652	-1255.515	-1468.016	212.5009	1.065334	4.639564	1.410808	1.837572
23658	-1256.926	-1469.356	212.43	1.037107	4.804649	1.669608	1.743351
23664	-1245.678	-1457.654	211.9755	1.005674	4.726323	0.899752	2.503491
23670	-1242.111	-1453.819	211.7082	0.8375111	6.313901	1.3009	2.280341
23676	-1249.537	-1461.283	211.7459	0.9826103	6.158397	1.131248	2.280341
23682	-1247.077	-1459.322	212.2446	0.9826103	6.158397	1.11831	1.961599
23688	-1239.542	-1451.5	211.9579	1.091544	4.521637	1.482299	2.169885
23694	-1247.296	-1458.021	210.725	0.7562217	5.814885	1.482299	2.926337
23700	-1263.043	-1475.852	212.8097	1.032691	5.178645	0.8165428	1.923929
23706	-1243.474	-1456.008	212.5339	0.871053	5.199784	0.8165428	2.208833
23712	-1237.795	-1450.01	212.2145	1.013582	4.347592	1.183115	2.2452
23718	-1242.825	-1455.379	212.5544	0.866167	4.347592	1.183115	2.120344
23724	-1249.445	-1461.919	212.4734	0.9870974	4.273239	1.142771	2.133161
23730	-1235.003	-1447.288	212.2847	0.9870974	4.826426	1.166049	2.133161
23736	-1245.535	-1458.736	213.2009	1.1695	4.375177	0.8996791	1.655334
23742	-1245.243	-1458.23	212.9868	1.316197	4.202851	0.7634881	1.850343
23748	-1247.966	-1460.555	212.5886	1.099556	3.813549	2.112018	1.616497
23754	-1251.392	-1463.988	212.5961	1.095591	4.300819	1.617042	1.718068
23760	-1239.77	-1451.405	211.6357	0.7818668	4.552703	1.700416	2.469108
23766	-1243.087	-1455.965	212.8783	0.9168597	4.552703	0.8546888	2.046495
23772	-1229.462	-1441.255	211.7923	0.9185799	6.13793	0.9903592	2.38049
23778	-1227.712	-1438.355	210.6431	0.8845257	4.983997	1.574734	2.989985
23784	-1229.93	-1440.797	210.8667	0.6552593	4.983997	1.582877	2.989985
23790	-1244.241	-1455.754	211.5137	0.8577137	4.983997	1.885366	2.344197
23796	-1250.704	-1462.27	211.5662	0.7636235	3.82224	1.264335	2.869059
23802	-1237.316	-1448.225	210.9091	0.701477	4.145356	1.15669	3.28902
23808	-1247.579	-1458.689	211.1107	0.9409442	4.145356	2.542954	2.480391
23814	-1241.064	-1451.942	210.8785	0.6819566	3.8507	1.363038	3.274764
23820	-1235.6	-1446.332	210.7323	0.7677951	3.8507	1.441147	3.274764
23826	-1242.243	-1453.029	210.7853	0.7147553	3.8507	1.441147	3.274764
23832	-1234.474	-1445.963	211.4896	0.720022	5.922234	1.632296	2.395345
23838	-1238.18	-1449.478	211.2974	0.6288995	5.114035	1.189205	2.91054
23844	-1250.412	-1461.983	211.5711	0.7065564	5.005939	1.080834	2.775341
23850	-1243.266	-1454.599	211.3328	0.7359868	5.41307	1.235436	2.750894
23856	-1235.572	-1447.437	211.8655	0.8284855	5.199757	1.30285	2.362504
23862	-1230.376	-1442.22	211.8442	0.8101266	5.199757	1.460211	2.3094
23868	-1236.852	-1448.575	211.7227	0.765866	5.65378	1.320541	2.408016
23874	-1245.802	-1457.239	211.4369	0.7067504	5.97926	1.320541	2.573414
23880	-1238.191	-1449.719	211.528	0.7211503	5.555987	1.320541	2.573414
23886	-1243.277	-1454.917	211.6397	0.7178542	5.147345	1.320541	2.573414
23892	-1240.556	-1452.814	212.2579	0.9985404	3.817395	1.432045	2.208986
23898	-1252.381	-1464.79	212.409	0.9835305	3.817395	1.432045	2.120467
23904	-1235.149	-1447.497	212.3477	1.022966	4.622983	1.432045	1.962627
23910	-1239.194	-1451.12	211.9268	1.018681	4.262848	1.432045	2.313049
23916	-1230.979	-1442.436	211.4572	0.9765242	3.394808	1.813434	2.658166
23922	-1244.919	-1456.724	211.8042	0.7771971	3.394808	1.62554	2.643683
23928	-1233.684	-1445.004	211.3197	0.8162073	3.566896	1.62554	2.876163
23934	-1238.799	-1450.13	211.3312	0.8046824	3.566896	1.62554	2.876163
23940	-1247.617	-1459.927	212.3101	0.9236671	3.566896	1.417644	2.288512
23946	-1236.866	-1449.224	212.3586	0.9301176	3.831265	1.00174	2.423503
23952	-1240.336	-1452.185	211.8484	0.9124305	3.719948	1.137211	2.695879
23958	-1241.162	-1452.885	211.7224	0.8808943	3.867328	1.258284	2.695879
23964	-1239.715	-1451.616	211.9012	0.819966	5.147698	1.014932	2.516934
23970	-1246.614	-1457.856	211.2423	0.6998666	6.510652	1.014932	2.788672
23976	-1240.038	-1451.115	211.0777	0.8338557	6.061627	1.014932	2.870593
23982	-1239.352	-1451.449	212.0965	0.7871743	6.240491	1.014932	2.239196
23988	-1231.841	-1443.495	211.6534	0.7073456	3.885695	1.162785	2.890155
23994	-1237.533	-1448.147	210.6138	0.5884123	6.092053	1.162785	3.207786
24000	-1226.425	-1437.358	210.9333	0.7202475	6.064236	1.042637	3.009326
24006	-1226.447	-1438.386	211.9389	0.9183815	5.193812	1.042637	2.40656
24012	-1235.248	-1446.966	211.7184	0.7809582	4.260892	1.48058	2.571086
24018	-1248.889	-1460.076	211.187	0.6799971	4.19344	1.693611	2.87988
24024	-1235.644	-1446.675	211.0315	0.8125179	4.19344	1.728211	2.87988
24030	-1238.647	-1450.704	212.0563	1.068282	4.277566	0.8831009	2.511027
24036	-1238.379	-1450.362	211.9831	1.153021	4.334733	0.8831009	2.492448
24042	-1245.255	-1458.252	212.9976	1.140515	3.642539	1.135888	1.827353
24048	-1240.806	-1453.685	212.8782	1.155078	3.940449	1.135888	1.827353
24054	-1249.146	-1462.305	213.1595	1.41509	3.940449	1.271993	1.34386
24060	-1232.701	-1445.325	212.6244	1.364848	4.466945	2.233999	1.158995
24066	-1236.237	-1449.06	212.8237	1.407725	3.984277	1.716668	1.343251
24072	-1225.838	-1438.578	212.7401	1.360345	5.48548	1.318452	1.326334
24078	-1240.133	-1452.66	212.5276	1.173136	4.848985	1.318452	1.752463
24084	-1242.078	-1454.604	212.5258	1.173136	4.848985	1.461283	1.67517
24090	-1245.88	-1458.335	212.4556	1.260989	4.848985	1.49266	1.645822
24096	-1247.324	-1460.08	212.7564	1.251506	4.850977	1.154	1.633557
24102	-1251.879	-1462.768	210.8887	0.8495466	6.178224	1.175928	2.867628
24108	-1257.515	-1468.791	211.2764	0.8425122	5.125371	1.041057	2.874747
24114	-1239.002	-1450.561	211.5583	0.7531798	6.469714	1.041057	2.55136
24120	-1254.296	-1465.283	210.987	0.8278172	4.755221	1.357061	2.954717
24126	-1249.15	-1461.071	211.9211	0.9699822	4.755221	1.356101	2.289426
24132	-1240.063	-1451.281	211.2181	0.628128	4.462307	1.121157	3.108846
24138	-1249.861	-1460.896	211.0351	0.811103	4.462307	1.121157	3.108846
24144	-1260.789	-1471.483	210.6941	0.8969513	3.456465	2.175466	3.025908
24150	-1249.826	-1461.227	211.4003	0.8410636	6.114188	1.333229	2.485934
24156	-1234.271	-1445.048	210.7764	0.8290186	5.449521	1.195478	3.045984
24162	-1251.423	-1462.972	211.5486	0.8724085	7.073342	0.9785335	2.439285
24168	-1251.352	-1463.555	212.2028	0.8871083	7.347706	0.8393369	2.068914
24174	-1250.877	-1462.955	212.0776	0.8658276	7.347706	1.201519	1.92706
24180	-1242.283	-1452.972	210.6891	0.8801613	3.402919	1.584918	3.268409
24186	-1254.623	-1464.94	210.3166	0.5976813	4.326953	1.306355	3.587446
24192	-1260.316	-1471.772	211.4566	0.626371	3.942043	1.306355	2.972072
24198	-1250.658	-1461.67	211.0122	0.7978439	4.50661	1.167927	3.097105
24204	-1247.011	-1457.534	210.5223	0.596272	5.617042	1.533136	3.150916
24210	-1246.689	-1458.974	212.2854	0.9413837	5.122646	0.9690611	2.230101
24216	-1250.15	-1462.13	211.9797	0.7731328	4.844244	0.7724487	2.71364
24222	-1234.293	-1444.849	210.5554	0.7485943	4.844244	1.106398	3.370296
24228	-1243.028	-1454.508	211.4801	0.7163785	4.844244	1.106398	2.838124
24234	-1247.048	-1459.646	212.5977	1.012658	5.151181	1.070184	1.906072
24240	-1251.699	-1464.144	212.4454	1.11279	6.108727	0.9307933	1.870428
24246	-1255.054	-1468.306	213.2521	1.312917	4.478553	0.8122816	1.562093
24252	-1252.141	-1464.365	212.2241	1.339026	4.161087	2.182987	1.593502
24258	-1249.348	-1462.032	212.684	1.513841	4.331492	2.08704	1.082022
24264	-1261.444	-1474.381	212.9371	1.50314	3.714159	1.899449	1.150113
24270	-1262.525	-1472.44	209.9148	0.6014989	4.17947	1.650405	3.696976
24276	-1250.639	-1462.049	211.4101	0.5239407	4.884202	1.381113	2.848714
24282	-1231.282	-1442.114	210.8312	0.5723618	4.55779	1.31055	3.257124
24288	-1238.453	-1450.424	211.9706	0.9147086	4.398463	1.31055	2.384812
24294	-1239.844	-1451.265	211.4207	0.7911185	4.818205	1.697695	2.549693
24300	-1238.629	-1449.427	210.7972	0.775968	4.160432	2.148428	2.896988
24306	-1234.609	-1445.604	210.9948	0.6283405	4.387065	1.448231	3.093885
24312	-1238.169	-1449.199	211.0293	0.620352	4.387065	1.276223	3.159149
24318	-1244.699	-1456.383	211.6833	0.6825132	5.033743	1.276223	2.61033
24324	-1236.36	-1447.511	211.1515	0.9697421	4.354814	1.235428	2.903354
24330	-1234.918	-1446.42	211.5023	0.815598	4.354814	0.79781	3.047501
24336	-1233.706	-1443.765	210.0588	0.5629085	4.642482	1.126302	3.790583
24342	-1232.514	-1443.253	210.7396	0.4368103	5.885709	1.126302	3.27197
24348	-1236.355	-1446.601	210.2457	0.5099056	4.6584	1.126302	3.710609
24354	-1246.05	-1457.778	211.7285	0.8758425	3.729098	1.126302	2.795632
24360	-1232.948	-1444.806	211.8578	0.8428593	3.613909	1.126302	2.762238
24366	-1230.728	-1442.589	211.8612	0.8950633	4.91348	1.709812	2.181867
24372	-1226.83	-1438.916	212.0859	0.969933	4.798346	1.452573	2.126581
24378	-1230.463	-1442.159	211.6954	1.037864	4.171627	1.467508	2.449046
24384	-1224.842	-1437.563	212.7211	1.037864	5.627421	1.04368	1.734469
24390	-1233.09	-1445.212	212.1223	0.8939725	6.594322	1.401023	1.875632
24396	-1238.079	-1450.578	212.4989	1.148521	5.005244	1.55282	1.632281
24402	-1232.031	-1444.419	212.3882	1.080157	5.65519	1.215632	1.822459
24408	-1222.171	-1433.637	211.4667	0.6745045	4.99046	1.409986	2.69027
24414	-1232.576	-1443.063	210.4872	0.5576301	4.99046	1.409986	3.34775
24420	-1238.431	-1448.808	210.3769	0.6871455	4.05514	1.561931	3.438005
24426	-1243.313	-1454.808	211.4942	0.6599036	5.802258	1.222161	2.644508
24432	-1234.71	-1445.384	210.6735	0.6315255	5.269133	1.021685	3.347826
24438	-1232.349	-1443.795	211.4464	0.6472626	5.269133	1.021685	2.87784
24444	-1227.265	-1438.401	211.1361	0.6441587	6.735069	1.068906	2.824942
24450	-1225.702	-1436.805	211.1031	0.5807884	5.580524	1.068906	3.047779
24456	-1244.334	-1456.176	211.8423	0.6938445	4.151635	1.088192	2.770905
24462	-1246.865	-1458.955	212.0901	0.8240494	5.267629	0.9746931	2.400688
24468	-1251.683	-1463.58	211.897	0.9623351	5.671423	0.972264	2.370367
24474	-1240.643	-1452.609	211.9664	1.049019	4.879739	2.130632	1.845633
24480	-1253.586	-1465.707	212.1212	1.147231	3.980125	0.873635	2.488623
24486	-1242.43	-1455.373	212.9436	1.124828	4.277817	0.873635	1.906587
24492	-1244.889	-1457.926	213.0367	1.149257	4.079779	1.394055	1.530801
24498	-1242.492	-1455.732	213.2391	1.261854	4.079779	1.394055	1.286267
24504	-1244.678	-1457.599	212.9214	1.330603	4.944214	1.450608	1.237707
24510	-1241.731	-1454.294	212.563	1.325197	5.483263	1.786393	1.224784
24516	-1250.726	-1463.502	212.7756	1.295654	5.798612	1.063934	1.461473
24522	-1245.748	-1458.7	212.9516	1.029521	5.798612	1.063934	1.529133
24528	-1234.869	-1447.754	212.8855	1.197337	6.205324	0.9199767	1.48811
24534	-1232.668	-1445.721	213.0531	1.252252	6.548178	0.9199767	1.250561
24540	-1238.112	-1450.987	212.8746	1.265909	6.548178	0.9510045	1.357852
24546	-1252.879	-1465.934	213.0547	1.193984	6.548178	0.8509162	1.357852
24552	-1248.226	-1461.511	213.2849	1.605619	5.246701	0.8509162	1.084225
24558	-1262.528	-1475.998	213.4701	1.557223	3.811239	0.6109133	1.573984
24564	-1242.667	-1456.033	213.366	1.481319	2.974259	1.401125	1.33704
24570	-1241.336	-1454.659	213.323	1.635071	3.514445	1.267007	1.154061
24576	-1241.885	-1455.416	213.5308	1.635071	3.669476	1.044179	1.096013
24582	-1242.97	-1456.057	213.0871	1.466433	4.664684	1.356774	1.108653
24588	-1234.153	-1447.629	213.4751	1.67409	4.363359	1.010994	0.9122123
24594	-1244.461	-1457.618	213.157	1.628072	4.320569	1.424205	0.9332337
24600	-1243.533	-1457.021	213.4878	1.696447	3.295554	1.572097	0.7509838
24606	-1237.745	-1450.962	213.2169	1.720461	4.137181	1.572097	0.6559502
24612	-1232.826	-1446.427	213.6009	1.599481	3.881639	1.120662	0.914964
24618	-1234.935	-1448.541	213.6063	1.542002	4.494675	1.076411	0.7864602
24624	-1238.501	-1452.145	213.6436	1.707746	3.836903	1.140823	0.7142228
24630	-1241.915	-1455.563	213.6472	1.672334	4.413131	0.9062208	0.820183
24636	-1243.912	-1457.484	213.5723	1.672334	5.296388	0.8186829	0.7005934
24642	-1233.578	-1447.083	213.5056	1.738959	5.296388	0.8186829	0.7005934
24648	-1236.307	-1449.78	213.4725	1.694636	4.326048	1.097849	0.8045932
24654	-1228.275	-1439.49	211.2149	0.7756628	3.110176	2.37962	2.802131
24660	-1229.689	-1440.799	211.1105	0.6350776	3.70965	1.504625	3.130763
24666	-1236.157	-1446.649	210.4918	0.7191114	3.815734	1.504625	3.424112
24672	-1244.911	-1455.315	210.404	0.7664763	3.319208	2.30607	3.265744
24678	-1242.328	-1453.838	211.5109	1.020194	3.701013	0.7934314	3.054226
24684	-1231.334	-1443.543	212.2099	0.9066378	4.941209	1.110409	2.245234
24690	-1247.341	-1458.261	210.9208	0.962759	3.019853	2.097547	2.981231
24696	-1242.948	-1455.064	212.1155	1.077507	2.819427	2.10891	2.219241
24702	-1239.668	-1451.105	211.4369	0.9743137	3.415092	1.336975	2.873808
24708	-1239.951	-1452.218	212.2678	1.079787	3.813384	1.696876	2.02683
24714	-1234.643	-1445.384	210.7411	0.7775761	3.813384	2.293243	2.953354
24720	-1230.4	-1441.422	211.0218	0.7951281	4.100943	1.549493	2.988347
24726	-1234.841	-1445.133	210.2915	0.8680146	4.100943	2.040178	3.192782
24732	-1242.655	-1454.046	211.3916	0.8680146	4.100943	1.939693	2.562353
24738	-1233.361	-1445.302	211.9412	1.003039	4.548992	1.54311	2.203922
24744	-1237.746	-1449.787	212.041	0.8843939	4.548992	1.152976	2.415391
24750	-1255.935	-1466.96	211.0245	0.6763094	5.915496	1.334385	2.847585
24756	-1250.049	-1461.181	211.1317	0.6879498	4.947794	1.334385	2.929359
24762	-1230.301	-1441.44	211.1392	0.7852262	3.828339	1.66884	2.929359
24768	-1242.55	-1453.918	211.3674	0.9412179	3.663684	1.316324	2.890053
24774	-1243.211	-1454.913	211.7022	0.9897759	3.663684	1.62729	2.512177
24780	-1242.402	-1453.78	211.3781	0.9519023	4.357013	1.156376	2.818309
24786	-1249.64	-1460.628	210.9873	1.010473	4.357013	1.423233	2.885975
24792	-1249.945	-1460.831	210.886	0.9388985	3.96736	1.695751	2.949595
24798	-1241.394	-1453.346	211.9517	0.9326417	3.909862	1.695751	2.306814
24804	-1255.678	-1466.543	210.8645	1.020391	5.040861	1.161861	2.962268
24810	-1235.765	-1448.212	212.4469	0.9294218	5.040861	1.161861	2.026784
24816	-1235.732	-1448.355	212.6238	1.064518	5.040861	1.269117	1.751539
24822	-1230.069	-1442.758	212.6888	0.9968381	5.671704	1.175975	1.691922
24828	-1232.222	-1444.939	212.717	1.202397	4.806936	1.175975	1.691922
24834	-1224.956	-1436.546	211.5899	1.040272	3.797617	0.9628624	2.861428
24840	-1236.054	-1447.938	211.8836	0.9410088	4.966109	1.206748	2.372045
24846	-1240.852	-1452.407	211.5558	0.9410088	4.971559	2.143867	2.168915
24852	-1237.761	-1448.335	210.5736	0.7796888	4.900281	1.722057	3.048418
24858	-1234.07	-1445.233	211.1632	0.7871963	3.999989	1.722057	2.85664
24864	-1228.669	-1439.986	211.3178	0.7388582	4.468365	1.365285	2.85664
24870	-1239.779	-1450.872	211.0935	0.6030133	4.468365	1.023493	3.25154
24876	-1240.164	-1451.13	210.9661	0.6554387	4.246623	1.372713	3.1559
24882	-1254.051	-1467.2	213.149	1.317278	5.149041	0.9078651	1.409414
24888	-1250.995	-1463.782	212.7868	1.105232	5.609239	1.259044	1.500925
24894	-1249.038	-1460.849	211.8109	0.8380429	5.609239	1.259044	2.345783
24900	-1259.75	-1471.442	211.6917	0.9029701	5.012993	1.259044	2.480414
24906	-1257.531	-1469.746	212.2149	0.9029701	3.740686	1.753502	2.169975
24912	-1243.444	-1455.163	211.7195	0.8418359	4.146224	1.073884	2.76481
24918	-1237.856	-1449.869	212.0126	0.7526573	5.12934	0.9294118	2.547008
24924	-1239.555	-1451.39	211.835	0.8050504	4.750773	1.674685	2.301995
24930	-1250.098	-1461.823	211.7256	0.7769876	4.425427	1.200576	2.675867
24936	-1241.031	-1452.748	211.7177	0.7849005	4.425427	1.200576	2.675867
24942	-1235.954	-1446.719	210.7647	0.5881557	4.363324	1.200576	3.376731
24948	-1233.236	-1444.357	211.1212	0.6615608	3.868013	1.524491	3.066705
24954	-1233.084	-1444.271	211.1865	0.7830391	5.196673	0.8961577	3.042307
24960	-1257.469	-1468.114	210.6454	0.801755	3.290185	1.75384	3.298959
24966	-1248.348	-1459.132	210.784	0.8041553	3.587698	1.878258	3.101591
24972	-1247.519	-1459.884	212.3651	0.885008	3.310011	1.41663	2.340976
24978	-1241.521	-1453.478	211.9574	0.9752001	3.922664	1.542188	2.340976
24984	-1243.42	-1454.714	211.2941	0.6679238	4.975098	0.8138029	3.138586
24990	-1252.289	-1464.082	211.7923	1.051366	4.696868	2.632084	1.823604
24996	-1250.115	-1462.887	212.7723	1.267589	4.545028	1.1644	1.668707
25002	-1249.413	-1461.941	212.5277	1.05874	4.34301	1.308745	1.940613
25008	-1265.583	-1478.069	212.4863	1.154105	4.411712	1.308745	1.889592
25014	-1247.787	-1459.236	211.4493	1.119911	3.285204	1.38573	2.785125
25020	-1235.048	-1446.879	211.8315	0.9625838	4.541475	1.38573	2.376781
25026	-1239.83	-1451.263	211.4335	0.7706369	4.158217	1.38573	2.816984
25032	-1227.988	-1439.693	211.7043	0.8919767	4.158217	1.306661	2.615327
25038	-1230.761	-1443.204	212.4431	0.7853143	4.161034	1.371906	2.182166
25044	-1233.468	-1445.477	212.0089	0.7596794	3.415899	1.258774	2.694947
25050	-1226.062	-1436.761	210.6996	0.7330776	3.930416	0.9588411	3.546575
25056	-1237.678	-1447.981	210.3038	0.5396101	3.657907	1.620716	3.622834
25062	-1240.606	-1451.998	211.3922	0.9031013	3.657907	1.919149	2.642673
25068	-1235.719	-1445.754	210.0348	0.6953593	4.230178	1.919149	3.462789
25074	-1240.021	-1451.405	211.3843	0.8899721	4.21031	1.402216	2.75616
25080	-1237.989	-1449.516	211.5268	0.8571082	4.21031	1.203613	2.788563
25086	-1249.323	-1460.062	210.7393	0.6951916	4.18888	1.203613	3.359915
25092	-1235.249	-1446.052	210.8028	0.5662739	5.60818	1.224091	3.14768
25098	-1233.983	-1445.452	211.4686	0.5652961	6.119735	1.210534	2.677263
25104	-1227.515	-1440.14	212.6257	0.8726849	5.019974	1.137214	1.964025
25110	-1231.662	-1444.527	212.8657	1.216375	4.86349	1.64432	1.282453
25116	-1240.024	-1452.83	212.8057	1.11456	4.86349	1.266951	1.623603
25122	-1244.229	-1456.874	212.6449	1.11527	4.61457	1.293465	1.773195
25128	-1238.892	-1450.953	212.0609	0.9721122	4.400455	1.159077	2.372765
25134	-1234.223	-1446.661	212.4379	0.9502891	3.82659	1.144016	2.275552
25140	-1236.421	-1448.686	212.2644	0.8804132	4.577685	1.144016	2.275552
25146	-1236.071	-1447.919	211.8479	0.7409862	4.577685	1.661258	2.372976
25152	-1256.317	-1467.344	211.0264	0.6899038	5.522427	1.166024	2.983711
25158	-1248.217	-1459.449	211.2319	0.791773	5.927697	1.166024	2.73583
25164	-1236.856	-1448.058	211.202	0.7845374	4.675028	1.693216	2.716469
25170	-1232.131	-1443.424	211.2929	0.7850329	5.166117	1.658819	2.588352
25176	-1236.84	-1448.975	212.1345	0.9497721	5.939115	1.658819	1.805562
25182	-1231.698	-1444.032	212.3333	0.9577283	5.939115	1.147092	1.936419
25188	-1235.918	-1447.959	212.0417	0.9731901	5.915687	1.364195	2.002635
25194	-1245.771	-1457.741	211.9696	1.109256	5.63299	1.364195	2.006992
25200	-1252.638	-1465.255	212.6175	1.133205	5.63299	1.270656	1.593714
25206	-1243.881	-1456.238	212.3575	1.052279	8.335279	1.01905	1.585229
25212	-1237.491	-1450.155	212.6636	1.175846	6.493159	1.178043	1.432893
25218	-1236.315	-1448.89	212.5744	1.11557	6.493159	1.178043	1.545401
25224	-1251.594	-1463.872	212.2783	1.437508	5.206237	2.499647	1.090112
25230	-1240.458	-1452.625	212.1672	0.9421616	4.620579	1.461645	2.121378
25236	-1223.861	-1436.027	212.166	0.9922894	4.620579	1.461645	2.089289
25242	-1229.151	-1441.152	212.0002	0.9245158	4.620579	1.461645	2.241174
25248	-1238.661	-1451.012	212.3506	0.906379	4.620579	1.272773	2.122317
25254	-1229.103	-1439.962	210.8588	0.8050522	5.109784	1.006708	3.170248
25260	-1239.09	-1450.2	211.1096	0.554238	4.891608	1.291179	3.053581
25266	-1236.416	-1447.143	210.7269	0.614172	5.237081	1.348099	3.161273
25272	-1237.154	-1449.018	211.8642	0.8430428	6.561967	1.348099	2.114514
25278	-1239.527	-1451.034	211.5072	0.8082014	6.57276	1.348099	2.365217
25284	-1231.187	-1443.288	212.1007	1.044394	5.34709	1.487011	1.949524
25290	-1238.504	-1450.691	212.1867	1.030456	5.34709	0.8984158	2.245205
25296	-1241.718	-1454.017	212.2987	1.028734	4.944596	0.8984158	2.245205
25302	-1247.05	-1459.198	212.1474	0.997363	5.986523	0.8984158	2.18742
25308	-1241.562	-1453.382	211.8197	0.9079656	5.986523	0.7613802	2.551809
25314	-1236.855	-1449.067	212.212	0.7950841	4.809478	1.144855	2.319318
25320	-1233.858	-1445.607	211.7489	0.8327232	4.809478	1.695885	2.319318
25326	-1246.668	-1458.41	211.7418	0.7611206	5.419059	1.695885	2.262219
25332	-1232.333	-1443.938	211.6051	0.8085599	5.767979	1.695885	2.262219
25338	-1242.167	-1453.513	211.3459	0.8774434	5.146414	0.9053507	2.891999
25344	-1240.265	-1451.731	211.4654	0.8572429	5.262093	1.339091	2.566501
25350	-1242.542	-1454.041	211.4988	0.8342529	5.609195	1.339091	2.503385
25356	-1234.348	-1446	211.6525	1.019895	4.025709	2.151937	2.240046
25362	-1238.014	-1449.736	211.7217	0.9656604	3.981333	2.151937	2.240046
25368	-1230.246	-1441.783	211.5374	0.89783	3.950968	2.151937	2.407222
25374	-1236.875	-1448.628	211.7531	0.8559819	3.950968	1.57846	2.522298
25380	-1233.155	-1444.723	211.5681	0.8388361	4.362962	1.57846	2.56444
25386	-1245.373	-1456.86	211.4867	0.7854889	4.251409	1.172081	2.865216
25392	-1247.34	-1459.077	211.7374	0.7007927	5.241641	1.172081	2.585521
25398	-1233.551	-1444.489	210.9388	0.6945128	5.241641	1.574425	2.883691
25404	-1238.443	-1448.92	210.4775	0.8071614	5.241641	1.654753	3.059796
25410	-1227.966	-1438.273	210.3069	0.7346773	4.902122	1.15865	3.486345
25416	-1230.111	-1440.603	210.4916	0.6546081	4.546199	1.15865	3.486345
25422	-1229.208	-1440.724	211.5162	0.8611183	3.557988	1.891021	2.625206
25428	-1229.323	-1440.876	211.5527	0.8196211	3.557988	1.891021	2.628281
25434	-1214.482	-1425.142	210.6597	0.7742202	3.993175	1.561968	3.232671
25440	-1221.638	-1433.638	211.9998	0.8782264	4.357279	1.561968	2.275906
25446	-1226.524	-1437.64	211.1163	0.670897	5.538936	1.27795	2.880401
25452	-1227.433	-1438.413	210.9799	0.6389393	5.187489	1.453034	2.954674
25458	-1237.754	-1449.005	211.2512	0.8008714	5.129951	0.9738688	2.954674
25464	-1224.285	-1436.005	211.7205	0.6433229	5.129951	1.239918	2.61395
25470	-1222.085	-1433.942	211.8574	0.8504752	5.129951	1.239918	2.399006
25476	-1241.332	-1452.148	210.8169	0.7078398	5.37598	1.270537	3.067471
25482	-1236.531	-1448.192	211.6618	0.9402053	4.194641	1.292831	2.611518
25488	-1230.502	-1441.466	210.9642	0.7574977	4.342751	1.386839	3.071495
25494	-1225.397	-1437.111	211.714	0.970121	4.348057	1.243665	2.555709
25500	-1231.189	-1443.664	212.4753	1.092729	5.663509	1.158621	1.786712
25506	-1232.803	-1445.228	212.4257	1.037041	4.677437	1.401077	1.905664
25512	-1239.387	-1451.596	212.2092	0.9087891	4.677437	1.401077	2.134814
25518	-1248.948	-1461.55	212.6018	0.754118	4.335416	1.401077	2.047129
25524	-1246.005	-1457.868	211.8633	0.9051684	3.169801	1.675537	2.561892
25530	-1244.952	-1457.137	212.185	1.022812	3.285289	1.748074	2.224429
25536	-1234.014	-1445.769	211.7547	0.9048644	3.012519	1.514102	2.738889
25542	-1251.117	-1463.092	211.9759	1.031755	3.012519	2.091874	2.290598
25548	-1248.012	-1458.366	210.3535	0.8333188	3.012519	2.311983	3.327876
25554	-1254.348	-1465.764	211.4164	0.7229624	4.827932	1.650685	2.612532
25560	-1241.035	-1452.332	211.2967	0.8914573	4.220408	0.9519123	3.048683
25566	-1233.051	-1445.323	212.2724	0.9211327	5.079243	1.502989	1.957854
25572	-1236.643	-1449.03	212.3871	1.017045	6.580433	1.012108	1.844601
25578	-1243.99	-1455.969	211.979	1.027621	6.580433	1.21894	1.98449
25584	-1243.659	-1456.056	212.3965	1.02609	5.580621	1.21894	1.864988
25590	-1236.8	-1448.989	212.1892	1.02609	4.20881	1.21894	2.261798
25596	-1244.748	-1456.753	212.0045	0.9992339	3.775258	1.692278	2.261798
25602	-1242.89	-1453.918	211.0274	0.8712903	4.173748	1.692278	2.865104
25608	-1236.986	-1447.207	210.2216	0.6107716	3.825396	1.692278	3.56637
25614	-1250.399	-1460.572	210.1731	0.7495376	3.085666	1.692278	3.677147
25620	-1237.659	-1447.446	209.7863	0.5150705	4.331748	1.692278	3.776585
25626	-1230.958	-1441.964	211.0062	0.6728765	4.056713	1.692278	3.020594
25632	-1227.218	-1437.448	210.2301	0.6962406	4.763643	1.151272	3.580585
25638	-1243.583	-1454.595	211.0112	0.8353451	4.763643	1.151272	3.038406
25644	-1240.351	-1451.024	210.6728	0.9155542	4.788145	1.151272	3.187921
25650	-1232.391	-1443.367	210.9763	0.7837721	4.861829	1.151272	3.073109
25656	-1232.649	-1444.343	211.6935	0.6881133	4.861829	1.186906	2.67761
25662	-1236.363	-1447.541	211.1779	0.8392034	3.861714	1.236441	3.063059
25668	-1235.599	-1446.019	210.4196	0.6430265	4.29913	1.311202	3.503885
25674	-1241.144	-1452.374	211.2304	0.9074392	4.29913	1.568369	2.746997
25680	-1226.648	-1437.342	210.6937	0.7766225	4.198082	1.229758	3.323832
25686	-1232.831	-1443.639	210.8073	0.761487	4.198082	1.52178	3.129632
25692	-1223.099	-1433.488	210.3892	0.7033276	3.640678	1.334933	3.605345
25698	-1233.594	-1444.784	211.1894	0.933529	3.640678	1.161518	3.085704
25704	-1243.183	-1454.174	210.991	0.948096	3.313698	1.546473	3.085704
25710	-1239.93	-1451.369	211.44	0.916856	3.344814	1.726367	2.751705
25716	-1241.523	-1453.577	212.0535	1.083144	3.344814	1.726367	2.264303
25722	-1238.451	-1451.287	212.8364	1.226382	2.970364	1.4473	1.883994
25728	-1244.835	-1457.933	213.0978	1.503052	2.982572	1.235686	1.622346
25734	-1243.636	-1456.317	212.681	1.169184	4.0821	1.001725	2.005487
25740	-1235.205	-1447.93	212.7248	1.14099	5.142113	0.9587782	1.808429
25746	-1234.293	-1446.764	212.4715	1.12007	4.892582	1.470918	1.73718
25752	-1230.807	-1443.263	212.4562	1.162861	3.865842	1.470918	1.939559
25758	-1234.621	-1446.806	212.1854	1.115582	4.223399	0.8925372	2.404679
25764	-1240.13	-1451.786	211.6562	1.147757	4.233904	1.454715	2.397868
25770	-1236.407	-1447.028	210.6208	0.6530357	3.894746	1.84073	3.237194
25776	-1239.909	-1451.656	211.7477	0.787837	5.090992	1.389322	2.437814
25782	-1237.475	-1450.145	212.6696	1.257222	3.985642	0.6755752	2.221895
25788	-1237.078	-1449.046	211.968	1.054277	3.985642	1.222668	2.429248
25794	-1230.881	-1443.765	212.8835	1.296199	4.099371	1.285136	1.594787
25800	-1229.343	-1441.589	212.2468	1.097172	3.937735	1.13666	2.283599
25806	-1238.996	-1451.39	212.394	0.9473741	4.9308	1.134006	2.08689
25812	-1241.939	-1454.209	212.27	1.080108	4.9308	0.9732084	2.182295
25818	-1243.739	-1454.682	210.9431	0.8157424	4.9308	1.893891	2.731881
25824	-1261.17	-1472.306	211.1363	0.8113863	4.9308	1.893891	2.615778
25830	-1249.626	-1460.372	210.7468	0.786927	4.222212	1.893891	2.997919
25836	-1257.667	-1468.493	210.8263	0.7520751	4.222212	1.884801	2.974464
25842	-1264.066	-1474.912	210.8458	0.7330071	5.465163	0.7991889	3.297016
25848	-1244.186	-1454.863	210.6776	0.7345346	6.741869	0.7451445	3.254297
25854	-1241.514	-1453.473	211.9596	0.9839493	5.246913	0.7451445	2.547355
25860	-1256.778	-1467.624	210.8462	0.7606005	4.777451	0.9734662	3.279525
25866	-1247.986	-1458.505	210.5184	0.6838793	3.823414	1.662627	3.362324
25872	-1244.538	-1455.559	211.0204	0.7386833	3.975199	1.662627	3.000959
25878	-1253.719	-1464.173	210.4545	0.6788283	3.730675	1.349587	3.555985
25884	-1249.405	-1459.489	210.0847	0.624568	4.292294	1.439895	3.651807
25890	-1256.505	-1469.392	212.8863	1.162729	4.091552	1.319033	1.670888
25896	-1250.597	-1462.963	212.3661	1.00088	6.111434	1.031429	1.930448
25902	-1244.113	-1455.69	211.5766	0.7639249	4.678473	1.635687	2.521094
25908	-1244.762	-1456.634	211.8726	0.9225682	4.724568	1.635687	2.224387
25914	-1236.836	-1448.885	212.0488	1.174698	5.217903	2.0746	1.656196
25920	-1233.289	-1445.085	211.7959	1.155516	5.757512	1.500908	2.001624
25926	-1238.208	-1450.486	212.278	1.101868	4.422571	1.538559	1.944547
25932	-1240.953	-1452.709	211.756	1.025142	4.786214	1.538559	2.265757
25938	-1241.645	-1453.448	211.8031	1.011683	5.038259	1.324968	2.302469
25944	-1254.968	-1464.889	209.9215	0.534999	3.893635	1.854564	3.709917
25950	-1241.87	-1454.229	212.3592	1.011683	6.05804	1.015252	1.947094
25956	-1229.968	-1442.139	212.1712	0.8901789	4.203958	1.140698	2.404694
25962	-1232.986	-1445.328	212.3419	0.8901789	4.06923	1.007281	2.404694
25968	-1234.579	-1446.489	211.9103	0.8766396	5.3176	1.007281	2.451726
25974	-1238.717	-1450.743	212.0264	0.8438478	5.58829	1.734965	1.976067
25980	-1242.562	-1454.11	211.548	0.7692237	4.715493	1.734965	2.487237
25986	-1237.999	-1449.664	211.6655	0.9172555	4.709158	1.734965	2.32075
25992	-1237.498	-1448.312	210.8138	0.8283963	4.709158	2.323366	2.694159
25998	-1253.927	-1465.431	211.5042	0.960729	4.709158	1.864394	2.343214
26004	-1241.599	-1453.928	212.3293	1.005155	3.811514	1.66601	2.049684
26010	-1234.276	-1447.05	212.7739	1.010141	4.126666	1.223973	1.902005
26016	-1239.383	-1452.356	212.9736	1.22453	3.641473	1.223973	1.731782
26022	-1241.347	-1454.084	212.737	1.22453	4.528741	0.9878274	1.843963
26028	-1237.702	-1450.813	213.1114	1.22453	5.02602	0.9878274	1.471547
26034	-1243.634	-1455.848	212.2135	0.9347844	5.02602	0.9878274	2.285451
26040	-1250.494	-1461.836	211.3419	0.9018464	5.166313	1.550631	2.532176
26046	-1251.018	-1462.836	211.8179	0.9337469	5.105771	1.550631	2.220965
26052	-1231.036	-1441.93	210.8943	0.7929028	4.185565	2.081669	2.845663
26058	-1232.705	-1444.079	211.3743	0.849619	5.40467	2.121088	2.277123
26064	-1229.523	-1440.272	210.7492	0.7280294	4.097239	2.403416	2.885797
26070	-1256.182	-1468.614	212.4315	1.279852	4.953601	0.694587	2.15181
26076	-1253.369	-1465.806	212.4374	1.302232	6.828748	0.694587	1.823759
26082	-1247.298	-1459.319	212.0207	1.073408	5.371983	1.358186	2.044933
26088	-1246.274	-1458.371	212.0972	1.03149	4.514093	1.641947	2.044933
26094	-1243.615	-1455.261	211.6467	1.039279	3.668831	1.866227	2.416919
26100	-1260.204	-1472.323	212.1189	0.7440442	4.816424	1.406854	2.270569
26106	-1254.731	-1466.66	211.9295	0.970585	5.168447	1.439332	2.166773
26112	-1246.548	-1457.723	211.1742	0.874809	4.251683	1.439332	2.867777
26118	-1237.996	-1449.53	211.5341	0.8166848	4.251683	1.132137	2.839272
26124	-1235.02	-1447.033	212.0132	0.9925032	4.473248	1.929425	2.012319
26130	-1224.201	-1436.187	211.9867	0.9309929	4.473248	2.088507	2.008985
26136	-1229.728	-1442.106	212.3781	1.095668	4.447023	1.797069	1.754956
26142	-1233.943	-1445.84	211.8967	0.917164	4.41172	1.797069	2.204396
26148	-1245.412	-1456.635	211.2227	0.7385165	3.39646	1.575565	3.04094
26154	-1243.671	-1455.511	211.8397	0.7623111	3.759649	1.225756	2.736723
26160	-1244.754	-1456.15	211.3966	0.7557447	3.98277	1.485577	2.837749
26166	-1235.287	-1446.528	211.241	0.7917751	3.287033	1.485577	3.062539
26172	-1247.844	-1459.332	211.4879	0.9634347	3.66378	1.485577	2.723429
26178	-1249.481	-1462.011	212.5306	1.166987	3.641477	1.066348	2.164903
26184	-1237.73	-1450.25	212.5198	0.9560882	5.442419	1.130536	1.906295
26190	-1229.286	-1441.573	212.2871	0.9189375	6.385033	1.253082	1.859941
26196	-1241.955	-1453.898	211.943	0.9038467	6.249681	1.253082	2.120843
26202	-1238.101	-1450.646	212.5448	0.9797105	6.249681	0.8704551	1.915123
26208	-1237.714	-1449.948	212.2333	1.061617	6.298862	0.8589898	2.069294
26214	-1249.998	-1462.356	212.3582	1.00095	7.721883	1.198928	1.585362
26220	-1236.409	-1448.522	212.1137	1.095407	8.111153	1.287853	1.585362
26226	-1241.114	-1453.716	212.6018	1.187041	8.111153	0.9813172	1.357975
26232	-1225.606	-1438.028	212.4218	1.152638	6.138797	1.444587	1.530628
26238	-1234.749	-1446.594	211.8451	1.149314	6.138797	1.72012	1.806193
26244	-1237.114	-1449.425	212.3114	1.306465	4.467839	1.924089	1.591339
26250	-1242.531	-1455.618	213.0877	1.357739	4.289057	1.862661	0.9839473
26256	-1240.574	-1453.968	213.3941	1.301104	3.809073	1.497973	1.132262
26262	-1246.864	-1459.187	212.3227	0.9180529	4.295764	1.595955	2.036785
26268	-1257.092	-1467.521	210.4293	0.583368	4.295764	1.595955	3.408233
26274	-1242.564	-1454.426	211.8618	0.9485806	5.481203	1.067427	2.372851
26280	-1256.833	-1467.969	211.1358	0.6945746	5.231752	1.203947	2.941217
26286	-1248.484	-1459.995	211.5111	0.7803563	5.231752	1.298142	2.6115
26292	-1249.752	-1461.985	212.2334	1.027344	5.106267	1.461653	1.928261
26298	-1254.81	-1466.619	211.8087	1.082419	4.915108	1.726962	2.086086
26304	-1245.155	-1457.295	212.1391	0.9415947	7.598611	1.496448	1.632455
26310	-1237.596	-1449.758	212.1621	1.004384	6.051758	1.868816	1.632455
26316	-1231.694	-1444.22	212.5262	1.004384	5.760224	1.360725	1.676502
26322	-1237.287	-1449.948	212.6601	1.091059	5.760224	0.9958823	1.749503
26328	-1238.101	-1449.806	211.7052	0.9347609	5.760224	1.369811	2.269684
26334	-1252.388	-1464.699	212.3115	0.9955842	5.717142	1.066248	2.012618
26340	-1236.405	-1448.467	212.0624	0.8842364	4.871596	1.065721	2.3929
26346	-1235.383	-1448.048	212.6648	1.133318	4.871596	1.065721	1.834211
26352	-1235.021	-1447.208	212.1868	1.189936	4.621381	1.753241	1.805228
26358	-1228.474	-1440.891	212.4172	0.9757063	3.919928	0.9687161	2.359362
26364	-1227.496	-1438.914	211.4179	0.6913599	4.407329	1.534715	2.758395
26370	-1242.06	-1453.418	211.3578	0.7760045	4.329047	1.534715	2.758395
26376	-1260.031	-1471.007	210.9757	0.7602863	3.420858	1.589208	3.163894
26382	-1237.362	-1448.807	211.4451	0.8078018	3.420858	1.589208	2.853838
26388	-1240.698	-1452.137	211.4391	0.8138132	3.420858	1.589208	2.853838
26394	-1234.202	-1445.42	211.2182	0.855166	3.232447	1.589208	3.006515
26400	-1236.362	-1447.631	211.2692	0.702972	4.057216	1.324488	3.006515
26406	-1233.748	-1445.081	211.3328	0.8816913	4.057216	1.224392	2.910838
26412	-1246.47	-1458.397	211.9263	0.8217963	4.057216	1.433394	2.479482
26418	-1249.814	-1461.591	211.7765	0.7907385	4.332866	1.202016	2.653123
26424	-1252.528	-1463.747	211.2182	0.8223071	3.633317	1.192468	3.120087
26430	-1238.707	-1449.922	211.2149	1.101713	3.680765	1.329069	2.875264
26436	-1244.186	-1456.296	212.1098	1.053826	4.438178	1.532479	2.087987
26442	-1234.399	-1446.305	211.9057	0.967543	3.511516	1.360804	2.556585
26448	-1238.394	-1449.735	211.3409	0.8331054	5.139175	1.358111	2.669638
26454	-1228.762	-1440.955	212.1928	0.9035268	4.087888	1.358111	2.289664
26460	-1235.681	-1447.404	211.723	0.9173318	4.087888	1.358111	2.576765
26466	-1240.999	-1453.009	212.0094	0.8592536	4.087888	1.358111	2.434125
26472	-1227.917	-1439.663	211.7461	0.8211048	4.100179	1.1444	2.730626
26478	-1237.277	-1447.881	210.6038	0.911507	4.100179	1.270666	3.295861
26484	-1241.218	-1453.477	212.2586	1.392562	4.182583	1.815821	1.680491
26490	-1234.926	-1446.787	211.8613	1.130297	4.523527	1.815821	2.058047
26496	-1243.406	-1455.669	212.263	1.174222	4.225	1.815821	1.820637
26502	-1237.537	-1449.15	211.6125	1.010208	4.225	1.087314	2.703876
26508	-1241.81	-1453.987	212.1778	1.056321	4.903494	1.20147	2.122952
26514	-1231.347	-1443.566	212.2186	1.133948	3.627092	1.947739	1.96213
26520	-1240.947	-1453.302	212.355	0.9498481	3.627092	1.947739	1.994084
26526	-1236.186	-1447.899	211.7128	0.8365912	3.748783	1.234881	2.766468
26532	-1245.37	-1455.939	210.5681	0.7630796	4.670288	2.113965	2.958894
26538	-1242.072	-1453.084	211.012	0.5165565	4.670288	1.637205	3.017676
26544	-1242.709	-1453.037	210.3274	0.6249426	4.670288	1.641527	3.357686
26550	-1237.789	-1448.577	210.7886	0.6233114	4.670288	1.984899	2.955032
26556	-1244.954	-1455.631	210.6775	0.5363366	4.670288	1.984899	3.073779
26562	-1243.094	-1453.407	210.3127	0.6505365	4.015778	1.418407	3.56629
26568	-1238.055	-1448.462	210.4064	0.5794149	3.962936	1.412243	3.56629
26574	-1245.475	-1456.779	211.3039	0.6370039	4.210163	1.38815	2.964817
26580	-1237.864	-1449.094	211.2305	0.8226683	3.255002	1.219155	3.184327
26586	-1237.448	-1449.976	212.5278	0.9813396	4.290924	1.219155	2.053215
26592	-1237.505	-1449.589	212.0835	0.9804148	3.664635	1.863646	2.1773
26598	-1236.928	-1448.904	211.9755	1.049248	4.420535	1.95705	1.999435
26604	-1243.267	-1455.55	212.2834	1.12248	4.382277	1.82525	1.803727
26610	-1239.369	-1451.803	212.4338	0.9901365	4.382277	1.357337	2.015005
26616	-1245.026	-1456.951	211.9245	0.9705526	5.367975	1.695859	2.015005
26622	-1251.081	-1463.353	212.2712	1.021375	4.431131	1.780147	1.890691
26628	-1243.1	-1455.38	212.2801	1.00236	4.475365	1.322594	2.107685
26634	-1245.852	-1458.167	212.315	1.226017	4.081502	1.178347	2.100415
26640	-1247.773	-1460.503	212.7305	1.026227	4.081502	1.19918	1.944979
26646	-1243.096	-1454.845	211.7494	0.9725554	5.723382	1.376827	2.219303
26652	-1245.739	-1457.108	211.3689	0.7790027	5.509027	1.079796	2.772455
26658	-1237.297	-1449.024	211.7272	0.7332465	5.509027	1.28415	2.467774
26664	-1240.772	-1452.362	211.59	0.6712117	5.509027	1.28415	2.591961
26670	-1241.853	-1453.119	211.266	0.6811892	3.983535	1.28415	3.056019
26676	-1255.39	-1465.904	210.5133	0.6811535	4.716318	1.408831	3.30661
26682	-1249.608	-1461.11	211.502	0.8327489	5.893003	0.9822193	2.657182
26688	-1251.975	-1463.689	211.7145	0.6304465	4.927403	1.246212	2.657182
26694	-1244.672	-1454.963	210.2909	0.6601552	4.927403	1.417042	3.410073
26700	-1249.783	-1460.826	211.0437	0.6601552	4.061537	1.499868	3.085367
26706	-1243.848	-1454.537	210.6894	0.6851737	4.061537	2.003463	3.085367
26712	-1251.52	-1463.309	211.7893	0.9249636	5.892645	1.354977	2.208289
26718	-1257.847	-1469.928	212.0804	0.8914223	7.68525	1.1975	1.864272
26724	-1252.199	-1464.083	211.8835	1.054795	7.394757	0.7191515	2.255448
26730	-1246.051	-1458.101	212.0499	0.9514559	8.057265	0.7271215	2.124013
26736	-1239.6	-1452.077	212.4769	1.101712	6.588632	0.7271215	1.940873
26742	-1224.96	-1437.831	212.8714	1.11071	5.846296	0.7271215	1.784074
26748	-1239.603	-1452.601	212.9983	1.472455	6.642391	0.9381765	1.069569
26754	-1243.594	-1456.45	212.8561	1.552458	6.642391	1.156045	0.919782
26760	-1237.475	-1449.061	211.5866	0.9391322	4.367316	1.773144	2.407004
26766	-1239.165	-1450.936	211.7708	0.9458231	4.220207	1.145181	2.614161
26772	-1239.652	-1451.286	211.6341	1.022473	4.220207	0.9657205	2.757119
26778	-1248.819	-1460.762	211.9427	0.9953758	5.125743	1.358286	2.190468
26784	-1252.107	-1463.915	211.808	1.063106	3.234613	1.316733	2.646069
26790	-1236.535	-1449.541	213.0059	1.133954	3.234613	1.185315	1.902143
26796	-1233.662	-1445.673	212.0115	1.049195	4.106001	1.425078	2.275317
26802	-1237.044	-1448.794	211.7504	1.044178	3.853844	1.508001	2.458769
26808	-1240.36	-1452.669	212.3094	1.029874	3.390777	1.284258	2.331311
26814	-1237.647	-1449.7	212.0526	1.131125	4.388541	1.866072	1.936651
26820	-1243.156	-1455.661	212.5053	1.134094	3.062778	2.360177	1.759993
26826	-1241.62	-1453.85	212.2298	1.10462	4.036999	1.48105	2.085194
26832	-1242.921	-1455.661	212.7405	1.133358	3.247543	1.170165	2.085194
26838	-1241.425	-1454.112	212.6872	1.169423	3.297565	1.529212	1.891652
26844	-1245.534	-1458.118	212.5837	1.165345	3.940966	1.253444	1.950626
26850	-1242.454	-1455.067	212.613	1.08368	3.935654	1.213357	2.009768
26856	-1229.15	-1440.529	211.3786	1.08368	3.604508	1.258103	2.839176
26862	-1239.814	-1451.134	211.3201	0.9679823	3.604508	1.303635	2.921715
26868	-1243.626	-1454.327	210.7012	0.8766271	3.604508	1.303635	3.344399
26874	-1254.373	-1464.599	210.2258	0.8707124	4.032834	1.448196	3.472118
26880	-1245.664	-1456.547	210.8833	0.7262778	4.628716	1.174312	3.191021
26886	-1237.646	-1449.44	211.7943	1.009129	4.872629	1.136755	2.441389
26892	-1241.286	-1452.852	211.5666	0.9899105	4.203313	1.177895	2.698145
26898	-1242.067	-1452.477	210.4105	0.8547095	4.04853	1.177895	3.499206
26904	-1243.819	-1454.598	210.7791	0.661884	4.302033	1.264055	3.304416
26910	-1246.859	-1457.922	211.0633	0.7921968	4.202383	1.800288	2.842891
26916	-1243.033	-1454.729	211.696	0.8603574	4.366954	0.8834172	2.842891
26922	-1242.134	-1453.955	211.8215	0.864982	5.101224	1.059886	2.519238
26928	-1242.84	-1454.871	212.0312	0.9362877	4.722426	1.073677	2.402333
26934	-1240.695	-1452.422	211.7276	1.072596	3.622173	1.774328	2.392153
26940	-1236.82	-1449.289	212.4686	1.187015	3.622173	1.30262	2.060512
26946	-1246.733	-1458.481	211.7477	1.097265	4.018454	2.080465	2.155908
26952	-1254.104	-1466.585	212.4804	1.125119	5.118133	1.288667	1.783031
26958	-1235.309	-1447.91	212.6002	1.048536	3.562657	1.825678	1.827968
26964	-1235.507	-1448.216	212.7089	1.276908	3.420519	1.849433	1.617546
26970	-1234.568	-1446.719	212.1512	1.000804	3.962967	2.479325	1.821916
26976	-1241.805	-1454.174	212.3693	1.090536	3.344474	2.179422	1.871798
26982	-1238.468	-1450.832	212.3635	1.090536	3.5186	2.110717	1.856479
26988	-1247.121	-1458.944	211.8236	1.026337	4.654211	1.57868	2.228076
26994	-1237.375	-1449.225	211.8502	1.082754	4.654211	2.464675	1.826695
27000	-1249.16	-1462.135	212.9752	1.243502	4.37773	1.37545	1.444837
27006	-1244.786	-1457.313	212.5266	1.071049	5.09048	1.265893	1.806861
27012	-1234.272	-1446.788	212.516	1.136053	3.97517	1.265893	2.000754
27018	-1236.162	-1449.221	213.059	1.252697	3.834906	1.607178	1.379039
27024	-1240.805	-1452.772	211.9671	1.108455	3.533079	1.7468	2.248967
27030	-1240.311	-1452.2	211.8889	0.9731059	3.298598	1.7468	2.441685
27036	-1246.375	-1459.047	212.6722	1.247709	3.298598	1.382555	1.923252
27042	-1247.225	-1459.079	211.8541	1.034289	4.592624	1.450578	2.275247
27048	-1238.665	-1450.56	211.8947	0.9557356	4.432511	1.569344	2.275247
27054	-1232.958	-1444.764	211.8066	0.8871104	5.110157	1.165241	2.452289
27060	-1236.683	-1447.223	210.5402	0.8218419	4.880188	1.017517	3.380036
27066	-1245.701	-1457.531	211.8302	0.8389764	5.531779	0.8404272	2.600716
27072	-1249.378	-1461.202	211.8241	1.033344	7.304388	0.8146174	2.244535
27078	-1247.892	-1459.282	211.3898	0.9234486	5.264701	0.8146174	2.879632
27084	-1237.118	-1448.416	211.2984	0.6735602	4.92435	1.417623	2.801553
27090	-1231.768	-1444.044	212.2761	0.8539181	4.92435	1.417623	2.071581
27096	-1222.182	-1434.538	212.3562	0.9194559	4.090507	1.355474	2.17495
